clothing,girls,sweatshirts,x,x,clothing-girls-sweatshirts,20230708-936-baur,de/clothing-girls-sweatshirts.html,https://baur.de/p/name-it-sweatshirt-nmfjuf-minnie-sweat-bru-noos-wdi/AKLBB1731263336?Page=L1&nav-c=3300&sku=2086846955#nav-i=2&ref=mba&nav-p=L1&relevantProduct=false,https://bilder.baur.de/i/empiriecom/62ac768fdcaa997b38c95ce6223d3718.jpg
clothing,girls,sweatshirts,x,x,clothing-girls-sweatshirts,20230708-931-baur,de/clothing-girls-sweatshirts.html,https://baur.de/p/tommy-hilfiger-kapuzensweatjacke-tommy-graphic-multi-zip-through-mit-kapuze/AKLBB1666987408?Page=L1&nav-c=3300&sku=5094184864#nav-i=19&ref=mba&nav-p=L1&relevantProduct=false,https://bilder.baur.de/i/empiriecom/4456765c018a7aa3045c2f7e476ed610.jpg
clothing,girls,sweatshirts,x,x,clothing-girls-sweatshirts,20230708-923-baur,de/clothing-girls-sweatshirts.html,https://baur.de/p/killtec-fleecejacke-kow-193-grls-jckt/AKLBB1676136921?Page=L1&nav-c=3300&sku=8758363699#nav-i=47&ref=mba&nav-p=L1&relevantProduct=false,https://bilder.baur.de/i/empiriecom/a8d5b27ba1771dd74925dd98a46ca89d.jpg
clothing,girls,sweatshirts,x,x,clothing-girls-sweatshirts,20230708-891-baur,de/clothing-girls-sweatshirts.html,https://baur.de/p/gulliver-sweatjacke-mit-kontrastfarbigen-aermeln/AKLBB1719569076?Page=L1&nav-c=3300&sku=4490371893#nav-i=70&ref=mba&nav-p=L1&relevantProduct=false,https://bilder.baur.de/i/empiriecom/5242ef5aa0cfd3c23f04f31c75ffa671.jpg
clothing,girls,sweatshirts,x,x,clothing-girls-sweatshirts,20230708-876-baur,de/clothing-girls-sweatshirts.html,https://baur.de/p/kangaroos-kapuzensweatshirt/AKLBB1142899771?Page=L1&nav-c=3300&sku=7951992248#nav-i=13&ref=mba&nav-p=L1&relevantProduct=false,https://bilder.baur.de/i/empiriecom/28a394682a4ccf844ff16b4693dbc2a6.jpg
clothing,girls,sweatshirts,x,x,clothing-girls-sweatshirts,20230708-851-baur,de/clothing-girls-sweatshirts.html,https://baur.de/p/name-it-sweatshirt-nmfjujun-minnie-ls-top-noos-wdi-mit-disneys-minnie-druck/AKLBB1731263366?Page=L1&nav-c=3300&sku=9319791247#nav-i=22&ref=mba&nav-p=L1&relevantProduct=false,https://bilder.baur.de/i/empiriecom/924c2c88e35861529ac0f77ede1f9c84.jpg
clothing,girls,sweatshirts,x,x,clothing-girls-sweatshirts,20230708-848-baur,de/clothing-girls-sweatshirts.html,https://baur.de/p/kids-only-sweatshirt-kognever-l-s-o-neck-sweatshirt-ub-pnt/AKLBB1642537140?Page=L1&nav-c=3300&sku=6636075438#nav-i=57&ref=mba&nav-p=L1&relevantProduct=false,https://bilder.baur.de/i/empiriecom/25949e54b2eeca410f39d2d854514d7e.jpg
clothing,girls,sweatshirts,x,x,clothing-girls-sweatshirts,20230708-843-baur,de/clothing-girls-sweatshirts.html,https://baur.de/p/kidsworld-longsweatshirt-mit-niedlichem-taschendruck/AKLBB1247061052?Page=L1&nav-c=3300&sku=9627204796#nav-i=39&ref=mba&nav-p=L1&relevantProduct=false,https://bilder.baur.de/i/empiriecom/a1b60030776b54e6f660b63f7905b815.jpg
clothing,girls,sweatshirts,x,x,clothing-girls-sweatshirts,20230708-811-baur,de/clothing-girls-sweatshirts.html,https://baur.de/p/calvin-klein-jeans-sweatshirt-mit-calvin-klein-monogram/AKLBB1666113399?Page=L1&nav-c=3300&sku=8590635755#nav-i=67&ref=mba&nav-p=L1&relevantProduct=false,https://bilder.baur.de/i/empiriecom/c48ca26fb2ad2762e5432d1309dfc48d.jpg
clothing,girls,sweatshirts,x,x,clothing-girls-sweatshirts,20230708-799-baur,de/clothing-girls-sweatshirts.html,https://baur.de/p/name-it-sweatshirt-nkfbibba-ls-sweat-wh-bru-noos/AKLBB1667519311?Page=L1&nav-c=3300&sku=8432832513#nav-i=61&ref=mba&nav-p=L1&relevantProduct=false,https://bilder.baur.de/i/empiriecom/7fe969212c2a8e76adfec1b01763dad5.jpg
clothing,girls,sweatshirts,x,x,clothing-girls-sweatshirts,20230708-799-baur,de/clothing-girls-sweatshirts.html,https://baur.de/p/puma-sweatjacke-classics-t7-trainingsjacke-maedchen/AKLBB1648747571?Page=L1&nav-c=3300&sku=2909225893#nav-i=68&ref=mba&nav-p=L1&relevantProduct=false,https://bilder.baur.de/i/empiriecom/cfb682f639d84d3968be93b153b164cb.jpg
clothing,girls,sweatshirts,x,x,clothing-girls-sweatshirts,20230708-794-baur,de/clothing-girls-sweatshirts.html,https://baur.de/p/converse-kapuzensweatshirt/AKLBB1663103561?Page=L1&nav-c=3300&sku=3362356034#nav-i=56&ref=mba&nav-p=L1&relevantProduct=false,https://bilder.baur.de/i/empiriecom/ac17a869996bac03cf6da5bb1a02d82c.jpg
clothing,girls,sweatshirts,x,x,clothing-girls-sweatshirts,20230708-794-baur,de/clothing-girls-sweatshirts.html,https://baur.de/p/puma-sweatshirt-classics-sweater-weather-jacke-maedchen/AKLBB1769502455?Page=L1&nav-c=3300&sku=4485410893#nav-i=71&ref=mba&nav-p=L1&relevantProduct=false,https://bilder.baur.de/i/empiriecom/85a4c0e2930d56712c77d5b24f8caf0f.jpg
clothing,girls,sweatshirts,x,x,clothing-girls-sweatshirts,20230708-784-baur,de/clothing-girls-sweatshirts.html,https://baur.de/p/puma-sweatshirt-puma-motion-hoodie-maedchen/AKLBB1769507961?Page=L1&nav-c=3300&sku=6378604993#nav-i=72&ref=mba&nav-p=L1&relevantProduct=false,https://bilder.baur.de/i/empiriecom/7bc6e03ffe23470d07ccc61014309654.jpg
clothing,girls,sweatshirts,x,x,clothing-girls-sweatshirts,20230708-758-baur,de/clothing-girls-sweatshirts.html,https://baur.de/p/killtec-fleecejacke-kos-188-grls-flc-jckt/AKLBB1679237136?Page=L1&nav-c=3300&sku=2415655099#nav-i=10&ref=mba&nav-p=L1&relevantProduct=false,https://bilder.baur.de/i/empiriecom/74420817a7228d9519eab0affc7e0f05.jpg
clothing,girls,sweatshirts,x,x,clothing-girls-sweatshirts,20230708-728-baur,de/clothing-girls-sweatshirts.html,https://baur.de/p/tommy-hilfiger-sweater-u-hilfiger-varsity-sweatshirt-mit-tommy-hilfiger-markenstreifen-am-rundhalsausschnitt/AKLBB1629917868?Page=L1&nav-c=3300&sku=4035550498#nav-i=63&ref=mba&nav-p=L1&relevantProduct=false,https://bilder.baur.de/i/empiriecom/b49c65a7d29cd2d059da186926d05b0a.jpg
clothing,girls,sweatshirts,x,x,clothing-girls-sweatshirts,20230708-726-baur,de/clothing-girls-sweatshirts.html,https://baur.de/p/nike-sportswear-sweatshirt-g-nsw-oos-trend-crew-prnt/AKLBB1673413261?Page=L1&nav-c=3300&sku=1559406266#nav-i=65&ref=mba&nav-p=L1&relevantProduct=false,https://bilder.baur.de/i/empiriecom/d8121f2060f427b7e072ce90bd0957b8.jpg
clothing,girls,sweatshirts,x,x,clothing-girls-sweatshirts,20230708-714-baur,de/clothing-girls-sweatshirts.html,https://baur.de/p/arizona-longsweatshirt/AKLBB772797213?Page=L1&nav-c=3300&sku=2139624968#nav-i=66&ref=mba&nav-p=L1&relevantProduct=false,https://bilder.baur.de/i/empiriecom/b10e9ca453bc165ada82bb6936fc2b64.jpg
clothing,girls,sweatshirts,x,x,clothing-girls-sweatshirts,20230708-709-baur,de/clothing-girls-sweatshirts.html,https://baur.de/p/tom-tailor-sweatshirt/AKLBB1666676476?Page=L1&nav-c=3300&sku=9094472374#nav-i=45&ref=mba&nav-p=L1&relevantProduct=false,https://bilder.baur.de/i/empiriecom/d2f1b2789c1598eb8339ca6c201f8ca0.jpg
clothing,girls,sweatshirts,x,x,clothing-girls-sweatshirts,20230708-706-baur,de/clothing-girls-sweatshirts.html,https://baur.de/p/killtec-fleecejacke-kos-228-grls-kntflc-jckt/AKLBB1733169276?Page=L1&nav-c=3300&sku=8901930499#nav-i=24&ref=mba&nav-p=L1&relevantProduct=false,https://bilder.baur.de/i/empiriecom/bbdd0862b0bcf15a73df47a155a1a2d8.jpg
clothing,girls,sweatshirts,x,x,clothing-girls-sweatshirts,20230708-696-baur,de/clothing-girls-sweatshirts.html,https://baur.de/p/killtec-fleecejacke-kos-202-grls-flc-jckt/AKLBB1733167225?Page=L1&nav-c=3300&sku=2046686299#nav-i=40&ref=mba&nav-p=L1&relevantProduct=false,https://bilder.baur.de/i/empiriecom/1417a402aed67ee829aacb9e5b5ea04e.jpg
clothing,girls,sweatshirts,x,x,clothing-girls-sweatshirts,20230708-692-baur,de/clothing-girls-sweatshirts.html,https://baur.de/p/bench-kapuzensweatshirt/AKLBB534669247?Page=L1&nav-c=3300&sku=9830394737#nav-i=3&ref=mba&nav-p=L1&relevantProduct=false,https://bilder.baur.de/i/empiriecom/5da2f86be136d5142ba036ebf367b6c9.jpg
clothing,girls,sweatshirts,x,x,clothing-girls-sweatshirts,20230708-689-baur,de/clothing-girls-sweatshirts.html,https://baur.de/p/bench-fleecejacke-mit-hohem-klettkragen/AKLBB1235058465?Page=L1&nav-c=3300&sku=4920633816#nav-i=25&ref=mba&nav-p=L1&relevantProduct=false,https://bilder.baur.de/i/empiriecom/853c45d4ee62f0ebd8e5bfe997c31326.jpg
clothing,girls,sweatshirts,x,x,clothing-girls-sweatshirts,20230708-642-baur,de/clothing-girls-sweatshirts.html,https://baur.de/p/kids-only-sweatshirt-kogessa-l-s-better-o-neck-swt/AKLBB1642537340?Page=L1&nav-c=3300&sku=6918392195#nav-i=36&ref=mba&nav-p=L1&relevantProduct=false,https://bilder.baur.de/i/empiriecom/3fd70529e488d64389c79872c5a7bddb.jpg
clothing,girls,sweatshirts,x,x,clothing-girls-sweatshirts,20230708-629-baur,de/clothing-girls-sweatshirts.html,https://baur.de/p/bench-sweatshirt/AKLBB759328231?Page=L1&nav-c=3300&sku=4568485934#nav-i=27&ref=mba&nav-p=L1&relevantProduct=false,https://bilder.baur.de/i/empiriecom/3953d1f1357f236837dd5cce8d7cd0f3.jpg
clothing,girls,sweatshirts,x,x,clothing-girls-sweatshirts,20230708-618-baur,de/clothing-girls-sweatshirts.html,https://baur.de/p/kamik-strickfleecejacke-dakota/AKLBB1422876245?Page=L1&nav-c=3300&sku=1935264368#nav-i=64&ref=mba&nav-p=L1&relevantProduct=false,https://bilder.baur.de/i/empiriecom/95fd7a527b320a1c4868b120c6390980.jpg
clothing,girls,sweatshirts,x,x,clothing-girls-sweatshirts,20230708-616-baur,de/clothing-girls-sweatshirts.html,https://baur.de/p/name-it-kapuzensweatshirt-nkfju-pokemon-boxy-sweat-wh-bru-noos-sky/AKLBB1731263396?Page=L1&nav-c=3300&sku=4419420110#nav-i=35&ref=mba&nav-p=L1&relevantProduct=false,https://bilder.baur.de/i/empiriecom/113802acba23acbe451d9ce0b996f225.jpg
clothing,girls,sweatshirts,x,x,clothing-girls-sweatshirts,20230708-610-baur,de/clothing-girls-sweatshirts.html,https://baur.de/p/puma-sweatshirt-classics-hoodie-maedchen/AKLBB1769500360?Page=L1&nav-c=3300&sku=2832302393#nav-i=8&ref=mba&nav-p=L1&relevantProduct=false,https://bilder.baur.de/i/empiriecom/519ca8c91dbcf7abedfc836192a917d4.jpg
clothing,girls,sweatshirts,x,x,clothing-girls-sweatshirts,20230708-603-baur,de/clothing-girls-sweatshirts.html,https://baur.de/p/adidas-sportswear-kapuzensweatshirt-essentials-3streifen-fullzip-kapuzenjacke/AKLBB1687874519?Page=L1&nav-c=3300&sku=4822736052#nav-i=28&ref=mba&nav-p=L1&relevantProduct=false,https://bilder.baur.de/i/empiriecom/0f5e55c17bcb6c0f5bda59b4a246d810.jpg
clothing,girls,sweatshirts,x,x,clothing-girls-sweatshirts,20230708-601-baur,de/clothing-girls-sweatshirts.html,https://baur.de/p/nike-sportswear-sweatshirt-club-fleece-big-kids-girls-crew-sweatshirt/AKLBB1673410269?Page=L1&nav-c=3300&sku=6253175884#nav-i=5&ref=mba&nav-p=L1&relevantProduct=false,https://bilder.baur.de/i/empiriecom/8a709a47a37f5db65120101953c39a40.jpg
clothing,girls,sweatshirts,x,x,clothing-girls-sweatshirts,20230708-601-baur,de/clothing-girls-sweatshirts.html,https://baur.de/p/arizona-kapuzensweatshirt/AKLBB687049478?Page=L1&nav-c=3300&sku=3556294669#nav-i=7&ref=mba&nav-p=L1&relevantProduct=false,https://bilder.baur.de/i/empiriecom/d05efa022856c92bc3fb6f719176046c.jpg
clothing,girls,sweatshirts,x,x,clothing-girls-sweatshirts,20230708-583-baur,de/clothing-girls-sweatshirts.html,https://baur.de/p/ragwear-sweater-elinka-ombre-stylisches-maedchen-sweatshirt-mit-coolem-muster/AKLBB1683111418?Page=L1&nav-c=3300&sku=8846485693#nav-i=51&ref=mba&nav-p=L1&relevantProduct=false,https://bilder.baur.de/i/empiriecom/9126baf0db0ca51316ab1a10070ec1f5.jpg
clothing,girls,sweatshirts,x,x,clothing-girls-sweatshirts,20230708-578-baur,de/clothing-girls-sweatshirts.html,https://baur.de/p/nike-sportswear-kapuzensweatshirt-club-fleece-high-low-pullover-fuer-kinder/AKLBB1288826014?Page=L1&nav-c=3300&sku=9894885940#nav-i=55&ref=mba&nav-p=L1&relevantProduct=false,https://bilder.baur.de/i/empiriecom/2e737991a45c53a05d9ff5a655df86d2.jpg
clothing,girls,sweatshirts,x,x,clothing-girls-sweatshirts,20230708-560-baur,de/clothing-girls-sweatshirts.html,https://baur.de/p/gulliver-sweatjacke-mit-front-reissverschluss/AKLBB1719586142?Page=L1&nav-c=3300&sku=6673556093#nav-i=44&ref=mba&nav-p=L1&relevantProduct=false,https://bilder.baur.de/i/empiriecom/0f3de00f53774c64b4de6537b933c0df.jpg
clothing,girls,sweatshirts,x,x,clothing-girls-sweatshirts,20230708-551-baur,de/clothing-girls-sweatshirts.html,https://baur.de/p/gulliver-kapuzensweatshirt-im-knalligen-design-mit-praktischer-kapuze/AKLBB1724976956?Page=L1&nav-c=3300&sku=2617354093#nav-i=14&ref=mba&nav-p=L1&relevantProduct=false,https://bilder.baur.de/i/empiriecom/a3cf4ca8f5dc4050b453231e65eb39b5.jpg
clothing,girls,sweatshirts,x,x,clothing-girls-sweatshirts,20230708-550-baur,de/clothing-girls-sweatshirts.html,https://baur.de/p/puma-kapuzensweatjacke-ess-small-logo-full-zip-hoodie-tr-fuer-kinder/AKLBB1687570925?Page=L1&nav-c=3300&sku=3320052324#nav-i=42&ref=mba&nav-p=L1&relevantProduct=false,https://bilder.baur.de/i/empiriecom/95bf061f8cf03db41bd1f9ff00363205.jpg
clothing,girls,sweatshirts,x,x,clothing-girls-sweatshirts,20230708-547-baur,de/clothing-girls-sweatshirts.html,https://baur.de/p/tommy-hilfiger-sweatshirt-tommy-varsity-half-zip-mit-logodruck-auf-der-brust/AKLBB1666987636?Page=L1&nav-c=3300&sku=6220103872#nav-i=46&ref=mba&nav-p=L1&relevantProduct=false,https://bilder.baur.de/i/empiriecom/f5d019f44b756f6bca6260908d4921fe.jpg
clothing,girls,sweatshirts,x,x,clothing-girls-sweatshirts,20230708-520-baur,de/clothing-girls-sweatshirts.html,https://baur.de/p/bench-kapuzensweatshirt-mit-logodruck/AKLBB1620330523?Page=L1&nav-c=3300&sku=3261995761#nav-i=62&ref=mba&nav-p=L1&relevantProduct=false,https://bilder.baur.de/i/empiriecom/14c2feda106cbca455cf929caddc666b.jpg
clothing,girls,sweatshirts,x,x,clothing-girls-sweatshirts,20230708-506-baur,de/clothing-girls-sweatshirts.html,https://baur.de/p/killtec-fleecejacke-kos-200-grls-flc-jckt/AKLBB1733165700?Page=L1&nav-c=3300&sku=8917314899#nav-i=4&ref=mba&nav-p=L1&relevantProduct=false,https://bilder.baur.de/i/empiriecom/4bfca5531962a960bc36002bd3ecbc35.jpg
clothing,girls,sweatshirts,x,x,clothing-girls-sweatshirts,20230708-501-baur,de/clothing-girls-sweatshirts.html,https://baur.de/p/tom-tailor-sweatjacke/AKLBB1683690867?Page=L1&nav-c=3300&sku=4884921356#nav-i=20&ref=mba&nav-p=L1&relevantProduct=false,https://bilder.baur.de/i/empiriecom/25dc5b3a1033eeb660758de05b40a9e3.jpg
clothing,girls,sweatshirts,x,x,clothing-girls-sweatshirts,20230708-496-baur,de/clothing-girls-sweatshirts.html,https://baur.de/p/converse-kapuzensweatshirt-chuck-patch-cropped-hoodie-fuer-kinder/AKLBB1663103386?Page=L1&nav-c=3300&sku=2296970082#nav-i=41&ref=mba&nav-p=L1&relevantProduct=false,https://bilder.baur.de/i/empiriecom/49685ade7074b55daa9b4cb4260ce58c.jpg
clothing,girls,sweatshirts,x,x,clothing-girls-sweatshirts,20230708-483-baur,de/clothing-girls-sweatshirts.html,https://baur.de/p/killtec-fleecejacke-kos-201-grls-kntflc-jckt/AKLBB1733166056?Page=L1&nav-c=3300&sku=2501541799#nav-i=31&ref=mba&nav-p=L1&relevantProduct=false,https://bilder.baur.de/i/empiriecom/049c2003fe8733765485adb6268f05a8.jpg
clothing,girls,sweatshirts,x,x,clothing-girls-sweatshirts,20230708-446-baur,de/clothing-girls-sweatshirts.html,https://baur.de/p/tommy-hilfiger-sweatshirt-tommy-ny-script-sweatshirt-l-s-1-tlg-mit-elastischem-pulloversaum/AKLBB1629885880?Page=L1&nav-c=3300&sku=5425266766#nav-i=32&ref=mba&nav-p=L1&relevantProduct=false,https://bilder.baur.de/i/empiriecom/0560254908b8d0099651002c2ac3e75f.jpg
clothing,girls,sweatshirts,x,x,clothing-girls-sweatshirts,20230708-432-baur,de/clothing-girls-sweatshirts.html,https://baur.de/p/tom-tailor-sweatjacke-1-tlg/AKLBB1666676990?Page=L1&nav-c=3300&sku=9189331352#nav-i=54&ref=mba&nav-p=L1&relevantProduct=false,https://bilder.baur.de/i/empiriecom/175c3180a75e73f8f1116a3c0723c687.jpg
clothing,girls,sweatshirts,x,x,clothing-girls-sweatshirts,20230708-416-baur,de/clothing-girls-sweatshirts.html,https://baur.de/p/kangaroos-kapuzensweatshirt-rueckendruck/AKLBB1605667483?Page=L1&nav-c=3300&sku=4764514876#nav-i=38&ref=mba&nav-p=L1&relevantProduct=false,https://bilder.baur.de/i/empiriecom/85b99db657ceffa881ac8626eacbe072.jpg
clothing,girls,sweatshirts,x,x,clothing-girls-sweatshirts,20230708-411-baur,de/clothing-girls-sweatshirts.html,https://baur.de/p/bench-kapuzensweatjacke/AKLBB594036530?Page=L1&nav-c=3300&sku=75149074#nav-i=12&ref=mba&nav-p=L1&relevantProduct=false,https://bilder.baur.de/i/empiriecom/267a69cb1ea2cdb22e29de9dc59707c9.jpg
clothing,girls,sweatshirts,x,x,clothing-girls-sweatshirts,20230708-407-baur,de/clothing-girls-sweatshirts.html,https://baur.de/p/puma-sweatshirt-classics-logo-hoodie-maedchen/AKLBB1648685202?Page=L1&nav-c=3300&sku=2544720193#nav-i=26&ref=mba&nav-p=L1&relevantProduct=false,https://bilder.baur.de/i/empiriecom/1979eb641a460cb839015e5e6c12131a.jpg
clothing,girls,sweatshirts,x,x,clothing-girls-sweatshirts,20230708-404-baur,de/clothing-girls-sweatshirts.html,https://baur.de/p/tommy-hilfiger-kapuzensweatshirt-tommy-graphic-hoodie-l-s-1-tlg-mit-angesetzten-puffaermeln/AKLBB1629885471?Page=L1&nav-c=3300&sku=3898735920#nav-i=52&ref=mba&nav-p=L1&relevantProduct=false,https://bilder.baur.de/i/empiriecom/6b07f34294754e2438feb66ace4de403.jpg
clothing,girls,sweatshirts,x,x,clothing-girls-sweatshirts,20230708-396-baur,de/clothing-girls-sweatshirts.html,https://baur.de/p/nike-sportswear-kapuzensweatshirt-big-kids-girls-fleece-hoodie/AKLBB1605144403?Page=L1&nav-c=3300&sku=7410770245#nav-i=69&ref=mba&nav-p=L1&relevantProduct=false,https://bilder.baur.de/i/empiriecom/8b709fe9eae5fd3205e6d37308a3afd6.jpg
clothing,girls,sweatshirts,x,x,clothing-girls-sweatshirts,20230708-381-baur,de/clothing-girls-sweatshirts.html,https://baur.de/p/vans-kapuzensweatshirt-sky-wash-hoodie/AKLBB1659451002?Page=L1&nav-c=3300&sku=3217140139#nav-i=59&ref=mba&nav-p=L1&relevantProduct=false,https://bilder.baur.de/i/empiriecom/1a0009b21790983ecf64988f95c5fcdd.jpg
clothing,girls,sweatshirts,x,x,clothing-girls-sweatshirts,20230708-360-baur,de/clothing-girls-sweatshirts.html,https://baur.de/p/puma-kapuzensweatshirt-ess-logo-hoodie-tr-g/AKLBB1543827426?Page=L1&nav-c=3300&sku=3475586561#nav-i=17&ref=mba&nav-p=L1&relevantProduct=false,https://bilder.baur.de/i/empiriecom/06738264b38a3bc2e5c855c7a2b3f425.jpg
clothing,girls,sweatshirts,x,x,clothing-girls-sweatshirts,20230708-355-baur,de/clothing-girls-sweatshirts.html,https://baur.de/p/kangaroos-kapuzensweatshirt-mit-seitlichen-taschen/AKLBB636185323?Page=L1&nav-c=3300&sku=1802642675#nav-i=6&ref=mba&nav-p=L1&relevantProduct=false,https://bilder.baur.de/i/empiriecom/155c7fffe59491985e77a2d8d524d832.jpg
clothing,girls,sweatshirts,x,x,clothing-girls-sweatshirts,20230708-355-baur,de/clothing-girls-sweatshirts.html,https://baur.de/p/bench-sweatshirt-in-kuerzerer-form/AKLBB1504101831?Page=L1&nav-c=3300&sku=6744705697#nav-i=49&ref=mba&nav-p=L1&relevantProduct=false,https://bilder.baur.de/i/empiriecom/3d448e7c77838842b81fa16be2b59747.jpg
clothing,girls,sweatshirts,x,x,clothing-girls-sweatshirts,20230708-291-baur,de/clothing-girls-sweatshirts.html,https://baur.de/p/scout-fleecejacke-cozy-2-mit-aermelbuendchen/AKLBB1628259509?Page=L1&nav-c=3300&sku=1813493393#nav-i=9&ref=mba&nav-p=L1&relevantProduct=false,https://bilder.baur.de/i/empiriecom/155342b87e1eed1274d651817152717d.jpg
clothing,girls,sweatshirts,x,x,clothing-girls-sweatshirts,20230708-286-baur,de/clothing-girls-sweatshirts.html,https://baur.de/p/adidas-sportswear-sweatshirt-colorblock-3streifen-hoodie/AKLBB1632795376?Page=L1&nav-c=3300&sku=8424950838#nav-i=33&ref=mba&nav-p=L1&relevantProduct=false,https://bilder.baur.de/i/empiriecom/8934db27a0e074b618d123962d75155c.jpg
clothing,girls,sweatshirts,x,x,clothing-girls-sweatshirts,20230708-282-baur,de/clothing-girls-sweatshirts.html,https://baur.de/p/adidas-sportswear-kapuzensweatshirt-essentials-linear-logo-kapuzenjacke/AKLBB1687876805?Page=L1&nav-c=3300&sku=8522332564#nav-i=1&ref=mba&nav-p=L1&relevantProduct=false,https://bilder.baur.de/i/empiriecom/f0f00eac4b8fbdcddfd621ec7837f24a.jpg
clothing,girls,sweatshirts,x,x,clothing-girls-sweatshirts,20230708-276-baur,de/clothing-girls-sweatshirts.html,https://baur.de/p/adidas-sportswear-kapuzensweatshirt-big-logo-essentials-cotton-hoodie/AKLBB1632796558?Page=L1&nav-c=3300&sku=5524660291#nav-i=60&ref=mba&nav-p=L1&relevantProduct=false,https://bilder.baur.de/i/empiriecom/ef9470bc539a664d636ee5b80858bc5a.jpg
clothing,girls,sweatshirts,x,x,clothing-girls-sweatshirts,20230708-245-baur,de/clothing-girls-sweatshirts.html,https://baur.de/p/nike-sportswear-sweatshirt-club-futura-crew/AKLBB1399671220?Page=L1&nav-c=3300&sku=7159260676#nav-i=16&ref=mba&nav-p=L1&relevantProduct=false,https://bilder.baur.de/i/empiriecom/12ddc54096010951ab3f173e8dfd0bc6.jpg
clothing,girls,sweatshirts,x,x,clothing-girls-sweatshirts,20230708-238-baur,de/clothing-girls-sweatshirts.html,https://baur.de/p/tom-tailor-sweatjacke/AKLBB1666665034?Page=L1&nav-c=3300&sku=3308873156#nav-i=11&ref=mba&nav-p=L1&relevantProduct=false,https://bilder.baur.de/i/empiriecom/0a417e9a1c569922901172ec4d032661.jpg
clothing,girls,sweatshirts,x,x,clothing-girls-sweatshirts,20230708-209-baur,de/clothing-girls-sweatshirts.html,https://baur.de/p/kangaroos-sweatjacke/AKLBB634027330?Page=L1&nav-c=3300&sku=6695690187#nav-i=23&ref=mba&nav-p=L1&relevantProduct=false,https://bilder.baur.de/i/empiriecom/3a72c5daf2a19d121234441107bc5192.jpg
clothing,girls,sweatshirts,x,x,clothing-girls-sweatshirts,20230708-189-baur,de/clothing-girls-sweatshirts.html,https://baur.de/p/gulliver-kapuzensweatshirt-mit-reissverschluss/AKLBB1719574185?Page=L1&nav-c=3300&sku=7438446793#nav-i=37&ref=mba&nav-p=L1&relevantProduct=false,https://bilder.baur.de/i/empiriecom/8a554ef2fe3ce58279e08f357ff92865.jpg
clothing,girls,sweatshirts,x,x,clothing-girls-sweatshirts,20230708-162-baur,de/clothing-girls-sweatshirts.html,https://baur.de/p/bench-kapuzensweatshirt/AKLBB597416075?Page=L1&nav-c=3300&sku=3560296217#nav-i=48&ref=mba&nav-p=L1&relevantProduct=false,https://bilder.baur.de/i/empiriecom/cbbbd68042713e9ea81dba5aa3bf8098.jpg
clothing,girls,sweatshirts,x,x,clothing-girls-sweatshirts,20230708-157-baur,de/clothing-girls-sweatshirts.html,https://baur.de/p/tommy-hilfiger-sweatshirt-tommy-bold-stripe-crew-in-streifenoptik/AKLBB1666986722?Page=L1&nav-c=3300&sku=8399465488#nav-i=21&ref=mba&nav-p=L1&relevantProduct=false,https://bilder.baur.de/i/empiriecom/fa12f3a81ea3c1773dac8b9b71c3582d.jpg
clothing,girls,sweatshirts,x,x,clothing-girls-sweatshirts,20230708-133-baur,de/clothing-girls-sweatshirts.html,https://baur.de/p/puma-sweatshirt-essentials-logo-reissverschluss-hoodie-maedchen/AKLBB1683108584?Page=L1&nav-c=3300&sku=5257335993#nav-i=43&ref=mba&nav-p=L1&relevantProduct=false,https://bilder.baur.de/i/empiriecom/f3719b0e929fc7afb0a00f441955e189.jpg
clothing,girls,sweatshirts,x,x,clothing-girls-sweatshirts,20230708-114-baur,de/clothing-girls-sweatshirts.html,https://baur.de/p/kangaroos-kapuzensweatshirt/AKLBB1112599833?Page=L1&nav-c=3300&sku=6330844042#nav-i=29&ref=mba&nav-p=L1&relevantProduct=false,https://bilder.baur.de/i/empiriecom/6b9629b286974b5c05d3a076a7306883.jpg
clothing,girls,sweatshirts,x,x,clothing-girls-sweatshirts,20230708-113-baur,de/clothing-girls-sweatshirts.html,https://baur.de/p/name-it-kapuzensweatshirt-nkfmalou-ls-sweat-wh-bru-noos/AKLBB1731264233?Page=L1&nav-c=3300&sku=9973201396#nav-i=30&ref=mba&nav-p=L1&relevantProduct=false,https://bilder.baur.de/i/empiriecom/00159b9f88007947b71e48717c995fd5.jpg
clothing,girls,sweatshirts,x,x,clothing-girls-sweatshirts,20230708-104-baur,de/clothing-girls-sweatshirts.html,https://baur.de/p/gulliver-sweatjacke-mit-stylischen-floralen-elementen/AKLBB1719563568?Page=L1&nav-c=3300&sku=5004402093#nav-i=50&ref=mba&nav-p=L1&relevantProduct=false,https://bilder.baur.de/i/empiriecom/d8afaab80fd0c4183529158878ba19fd.jpg
clothing,girls,sweatshirts,x,x,clothing-girls-sweatshirts,20230708-104-baur,de/clothing-girls-sweatshirts.html,https://baur.de/p/gulliver-sweatjacke-mit-modischem-3d-netz/AKLBB1719574546?Page=L1&nav-c=3300&sku=4747393393#nav-i=53&ref=mba&nav-p=L1&relevantProduct=false,https://bilder.baur.de/i/empiriecom/0ee2a3562bac00f88a558ec575fdddf3.jpg
