clothing,women,dresses,blouse,x,clothing-women-dresses-blouse,20230709-942-baur,de/clothing-women-dresses-blouse.html,https://baur.de/p/y-a-s-hemdblusenkleid-yassavanna-long-shirt-dress/AKLBB1490761201?nav-c=269&rl=1&sku=4580913635#nav-i=50&ref=mba&nav-p=P1&relevantProduct=false,https://bilder.baur.de/i/empiriecom/ad3396fc7f2837244665c06e0685b399.jpg
clothing,women,dresses,blouse,x,clothing-women-dresses-blouse,20230709-937-baur,de/clothing-women-dresses-blouse.html,https://baur.de/p/aniston-casual-blusenkleid-mit-phantasievollem-paisley-druck-neue-kollektion/AKLBB1695112118?nav-c=269&rl=1&sku=2032584484#nav-i=22&ref=mba&nav-p=P1&relevantProduct=false,https://bilder.baur.de/i/empiriecom/7606c89ee5e11d22cb0a8455c25f2107.jpg
clothing,women,dresses,blouse,x,clothing-women-dresses-blouse,20230709-932-baur,de/clothing-women-dresses-blouse.html,https://baur.de/p/s-oliver-blusenkleid-mit-volant-am-rock/AKLBB1608486411?nav-c=269&rl=1&sku=9525511275#nav-i=5&ref=mba&nav-p=P1&relevantProduct=false,https://bilder.baur.de/i/empiriecom/97be087cfccdbd8e4be870d0e33c0c42.jpg
clothing,women,dresses,blouse,x,clothing-women-dresses-blouse,20230709-912-baur,de/clothing-women-dresses-blouse.html,https://baur.de/p/sheego-blusenkleid-grosse-groessen-mit-ausgestelltem-rock/AKLBB1735942029?nav-c=269&rl=1&sku=6698695093#nav-i=52&ref=mba&nav-p=P1&relevantProduct=false,https://bilder.baur.de/i/empiriecom/2afbc3d66cefe7792a42bf79ba712180.jpg
clothing,women,dresses,blouse,x,clothing-women-dresses-blouse,20230709-901-baur,de/clothing-women-dresses-blouse.html,https://baur.de/p/classic-basics-jersey-kleid-mit-floralem-design/AKLBB1003084753?nav-c=269&rl=1&sku=2068395254#nav-i=60&ref=mba&nav-p=P1&relevantProduct=false,https://bilder.baur.de/i/empiriecom/12bd87d4dbc5153ca29c88a73fb529fb.jpg
clothing,women,dresses,blouse,x,clothing-women-dresses-blouse,20230709-896-baur,de/clothing-women-dresses-blouse.html,https://baur.de/p/casual-looks-kleid-in-sportiven-dessin/AKLBB672465270?nav-c=269&rl=1&sku=5479716148#nav-i=12&ref=mba&nav-p=P1&relevantProduct=false,https://bilder.baur.de/i/empiriecom/af1ea89c0d15ac31ec652a04850f9e6e.jpg
clothing,women,dresses,blouse,x,clothing-women-dresses-blouse,20230709-883-baur,de/clothing-women-dresses-blouse.html,https://baur.de/p/sheego-blusenkleid-grosse-groessen-in-stufenoptik-mit-lochmusterdetails/AKLBB1728056934?nav-c=269&rl=1&sku=9080336793#nav-i=61&ref=mba&nav-p=P1&relevantProduct=false,https://bilder.baur.de/i/empiriecom/4fffe0c757c35ba7e3fb9e0391daa3b4.jpg
clothing,women,dresses,blouse,x,clothing-women-dresses-blouse,20230709-877-baur,de/clothing-women-dresses-blouse.html,https://baur.de/p/vero-moda-blusenkleid-vmdora-kaya-2-4-short-dress-wvn-ga-mit-volant-am-saum/AKLBB1695764745?nav-c=269&rl=1&sku=5185294775#nav-i=65&ref=mba&nav-p=P1&relevantProduct=false,https://bilder.baur.de/i/empiriecom/525a7026b84d34e6538c5821a8707d10.jpg
clothing,women,dresses,blouse,x,clothing-women-dresses-blouse,20230709-865-baur,de/clothing-women-dresses-blouse.html,https://baur.de/p/cecil-blusenkleid-aus-viskose/AKLBB1767276334?nav-c=269&rl=1&sku=2890984393#nav-i=24&ref=mba&nav-p=P1&relevantProduct=false,https://bilder.baur.de/i/empiriecom/3a9ec59066016dd3cfa5cce07355da77.jpg
clothing,women,dresses,blouse,x,clothing-women-dresses-blouse,20230709-859-baur,de/clothing-women-dresses-blouse.html,https://baur.de/p/creation-l-hemdblusenkleid-hemdblusenkleid/AKLBB1685054046?nav-c=269&rl=1&sku=3260752696#nav-i=11&ref=mba&nav-p=P1&relevantProduct=false,https://bilder.baur.de/i/empiriecom/545f6b35862fef687f20ff387c5db9fd.jpg
clothing,women,dresses,blouse,x,clothing-women-dresses-blouse,20230709-856-baur,de/clothing-women-dresses-blouse.html,https://baur.de/p/aniston-casual-blusenkleid-mit-farbharmonischem-graphischem-druck/AKLBB1658347970?nav-c=269&rl=1&sku=2766934540#nav-i=13&ref=mba&nav-p=P1&relevantProduct=false,https://bilder.baur.de/i/empiriecom/6a0f58b01117856ce89a5a3487f0c73f.jpg
clothing,women,dresses,blouse,x,clothing-women-dresses-blouse,20230709-807-baur,de/clothing-women-dresses-blouse.html,https://baur.de/p/vero-moda-hemdblusenkleid-vmnatali/AKLBB1675753544?nav-c=269&rl=1&sku=4153431687#nav-i=64&ref=mba&nav-p=P1&relevantProduct=false,https://bilder.baur.de/i/empiriecom/ade3ecae2a7d0b5479de336e843e3b7b.jpg
clothing,women,dresses,blouse,x,clothing-women-dresses-blouse,20230709-804-baur,de/clothing-women-dresses-blouse.html,https://baur.de/p/ajc-hemdblusenkleid-in-jeans-optik-neue-kollektion/AKLBB1679520547?nav-c=269&rl=1&sku=8373046670#nav-i=68&ref=mba&nav-p=P1&relevantProduct=false,https://bilder.baur.de/i/empiriecom/3f63a88fea7e939a1c81aeec3dba6ddc.jpg
clothing,women,dresses,blouse,x,clothing-women-dresses-blouse,20230709-794-baur,de/clothing-women-dresses-blouse.html,https://baur.de/p/cecil-hemdblusenkleid-mit-kurzer-knopfleiste/AKLBB1724605834?nav-c=269&rl=1&sku=6491930593#nav-i=37&ref=mba&nav-p=P1&relevantProduct=false,https://bilder.baur.de/i/empiriecom/4ae80e569978ea8316e0fbca9e17025a.jpg
clothing,women,dresses,blouse,x,clothing-women-dresses-blouse,20230709-768-baur,de/clothing-women-dresses-blouse.html,https://baur.de/p/ragwear-blusenkleid-sanai-stylisches-sommerkleid-mit-verspielten-details/AKLBB1609809830?nav-c=269&rl=1&sku=7787325593#nav-i=54&ref=mba&nav-p=P1&relevantProduct=false,https://bilder.baur.de/i/empiriecom/9a8d8384287602111331ba4821a820a4.jpg
clothing,women,dresses,blouse,x,clothing-women-dresses-blouse,20230709-757-baur,de/clothing-women-dresses-blouse.html,https://baur.de/p/aniston-casual-blusenkleid-in-trendigen-knallfarben/AKLBB1534293675?nav-c=269&rl=1&sku=9719553620#nav-i=21&ref=mba&nav-p=P1&relevantProduct=false,https://bilder.baur.de/i/empiriecom/4a97d3dffc18e475b184bce51d5e37fd.jpg
clothing,women,dresses,blouse,x,clothing-women-dresses-blouse,20230709-756-baur,de/clothing-women-dresses-blouse.html,https://baur.de/p/hechter-paris-hemdblusenkleid-mit-aermelstreifen/AKLBB1637114528?nav-c=269&rl=1&sku=1448506453#nav-i=20&ref=mba&nav-p=P1&relevantProduct=false,https://bilder.baur.de/i/empiriecom/fddc39b9dc75a8e439d1b065544a862d.jpg
clothing,women,dresses,blouse,x,clothing-women-dresses-blouse,20230709-750-baur,de/clothing-women-dresses-blouse.html,https://baur.de/p/tamaris-hemdblusenkleid-mit-bindeguertel/AKLBB1661568582?nav-c=269&rl=1&sku=1241050434#nav-i=29&ref=mba&nav-p=P1&relevantProduct=false,https://bilder.baur.de/i/empiriecom/7a9dbf485a9a18aba6d977ecd6522de2.jpg
clothing,women,dresses,blouse,x,clothing-women-dresses-blouse,20230709-742-baur,de/clothing-women-dresses-blouse.html,https://baur.de/p/sheego-by-joe-browns-blusenkleid-grosse-groessen-mit-figurnahem-oberteil-in-wickeloptik/AKLBB1641053542?nav-c=269&rl=1&sku=2933353493#nav-i=40&ref=mba&nav-p=P1&relevantProduct=false,https://bilder.baur.de/i/empiriecom/54e4549eeec776dffc1e256f35f4b8eb.jpg
clothing,women,dresses,blouse,x,clothing-women-dresses-blouse,20230709-741-baur,de/clothing-women-dresses-blouse.html,https://baur.de/p/lascana-blusenkleid/AKLBB1008578503?nav-c=269&rl=1&sku=4693145978#nav-i=4&ref=mba&nav-p=P1&relevantProduct=false,https://bilder.baur.de/i/empiriecom/aeeb197d653957ab8116d4a44f3f3a8f.jpg
clothing,women,dresses,blouse,x,clothing-women-dresses-blouse,20230709-735-baur,de/clothing-women-dresses-blouse.html,https://baur.de/p/aniston-casual-blusenkleid-mit-abnehmbarem-bindeguertel-mit-grossflaechigem-blumendruck-neue-kollektion/AKLBB1693364885?nav-c=269&rl=1&sku=8757513476#nav-i=66&ref=mba&nav-p=P1&relevantProduct=false,https://bilder.baur.de/i/empiriecom/9c97ad41f9a77b720eb83909ad1c7db6.jpg
clothing,women,dresses,blouse,x,clothing-women-dresses-blouse,20230709-729-baur,de/clothing-women-dresses-blouse.html,https://baur.de/p/heine-druckkleid-druck-kleid/AKLBB1687197434?nav-c=269&rl=1&sku=9601301485#nav-i=59&ref=mba&nav-p=P1&relevantProduct=false,https://bilder.baur.de/i/empiriecom/149d1ac92ddc0c57f5ead0073095bb2d.jpg
clothing,women,dresses,blouse,x,clothing-women-dresses-blouse,20230709-728-baur,de/clothing-women-dresses-blouse.html,https://baur.de/p/buffalo-blusenkleid-mit-schlangenprint/AKLBB1174602387?nav-c=269&rl=1&sku=6154066034#nav-i=8&ref=mba&nav-p=P1&relevantProduct=false,https://bilder.baur.de/i/empiriecom/7219b8dc5906bc5821d489fb1836cc1d.jpg
clothing,women,dresses,blouse,x,clothing-women-dresses-blouse,20230709-707-baur,de/clothing-women-dresses-blouse.html,https://baur.de/p/laura-scott-blusenkleid-mit-v-ausschnitt/AKLBB1670830312?nav-c=269&rl=1&sku=7879601217#nav-i=26&ref=mba&nav-p=P1&relevantProduct=false,https://bilder.baur.de/i/empiriecom/9abd93c39af29b6cb640a81e4ff09de9.jpg
clothing,women,dresses,blouse,x,clothing-women-dresses-blouse,20230709-701-baur,de/clothing-women-dresses-blouse.html,https://baur.de/p/cecil-blusenkleid-mit-minimalistischem-streifenmuster/AKLBB1724605804?nav-c=269&rl=1&sku=8434452173#nav-i=43&ref=mba&nav-p=P1&relevantProduct=false,https://bilder.baur.de/i/empiriecom/ad82f43785cad7188da87bc4d24e7d1f.jpg
clothing,women,dresses,blouse,x,clothing-women-dresses-blouse,20230709-700-baur,de/clothing-women-dresses-blouse.html,https://baur.de/p/street-one-hemdblusenkleid-mit-leicht-abgerundetem-saum/AKLBB1724609804?nav-c=269&rl=1&sku=9486521971#nav-i=18&ref=mba&nav-p=P1&relevantProduct=false,https://bilder.baur.de/i/empiriecom/aab2fe05a05ffd6d7f25f7ede2b4ff36.jpg
clothing,women,dresses,blouse,x,clothing-women-dresses-blouse,20230709-693-baur,de/clothing-women-dresses-blouse.html,https://baur.de/p/khujo-blusenkleid-khujo-kleid-porgy-aus-leichter-viskose-mit-unterrock/AKLBB1369394535?nav-c=269&rl=1&sku=2307173999#nav-i=70&ref=mba&nav-p=P1&relevantProduct=false,https://bilder.baur.de/i/empiriecom/b7d232081d1df21bd12acb2c75f57851.jpg
clothing,women,dresses,blouse,x,clothing-women-dresses-blouse,20230709-663-baur,de/clothing-women-dresses-blouse.html,https://baur.de/p/ragwear-blusenkleid-stepnie-langes-sommerkleid-mit-coolem-print/AKLBB1727975175?nav-c=269&rl=1&sku=3812442893#nav-i=31&ref=mba&nav-p=P1&relevantProduct=false,https://bilder.baur.de/i/empiriecom/d63baa7a96a6920b3a38bb04d6403ca7.jpg
clothing,women,dresses,blouse,x,clothing-women-dresses-blouse,20230709-657-baur,de/clothing-women-dresses-blouse.html,https://baur.de/p/only-blusenkleid-onlalma-life-vis-s-s-emily-dress-aop-mit-volant-am-saum/AKLBB1698095018?nav-c=269&rl=1&sku=6419660244#nav-i=35&ref=mba&nav-p=P1&relevantProduct=false,https://bilder.baur.de/i/empiriecom/edd25a12910f478022a08c2765eabedb.jpg
clothing,women,dresses,blouse,x,clothing-women-dresses-blouse,20230709-642-baur,de/clothing-women-dresses-blouse.html,https://baur.de/p/aniston-casual-blusenkleid-mit-farbenfrohem-blumenstruck/AKLBB1534271716?nav-c=269&rl=1&sku=4444730732#nav-i=48&ref=mba&nav-p=P1&relevantProduct=false,https://bilder.baur.de/i/empiriecom/001faed27914c3e9935019244841401e.jpg
clothing,women,dresses,blouse,x,clothing-women-dresses-blouse,20230709-636-baur,de/clothing-women-dresses-blouse.html,https://baur.de/p/aniston-casual-blusenkleid-mit-graphischem-blumendruck/AKLBB1534292166?nav-c=269&rl=1&sku=5680785984#nav-i=30&ref=mba&nav-p=P1&relevantProduct=false,https://bilder.baur.de/i/empiriecom/7c3f1d145cacf5926a882a96c416a288.jpg
clothing,women,dresses,blouse,x,clothing-women-dresses-blouse,20230709-612-baur,de/clothing-women-dresses-blouse.html,https://baur.de/p/tommy-hilfiger-hemdblusenkleid-cupro-rope-st-midi-shirt-dress-mit-laengsstreifen-in-seiloptik/AKLBB1666315134?nav-c=269&rl=1&sku=6891833190#nav-i=69&ref=mba&nav-p=P1&relevantProduct=false,https://bilder.baur.de/i/empiriecom/b7127962065ff79bafbfe1cb97f70dea.jpg
clothing,women,dresses,blouse,x,clothing-women-dresses-blouse,20230709-608-baur,de/clothing-women-dresses-blouse.html,https://baur.de/p/hechter-paris-blusenkleid-mit-print-neue-kollektion/AKLBB1637115104?nav-c=269&rl=1&sku=5838131636#nav-i=34&ref=mba&nav-p=P1&relevantProduct=false,https://bilder.baur.de/i/empiriecom/8dce4c223fe294a25b86fbfe34f2684d.jpg
clothing,women,dresses,blouse,x,clothing-women-dresses-blouse,20230709-602-baur,de/clothing-women-dresses-blouse.html,https://baur.de/p/lascana-hemdblusenkleid-aus-gekreppter-viskose/AKLBB1670036877?nav-c=269&rl=1&sku=6557590591#nav-i=56&ref=mba&nav-p=P1&relevantProduct=false,https://bilder.baur.de/i/empiriecom/8b6769e5e8428d4bca9dc1e898cc4acd.jpg
clothing,women,dresses,blouse,x,clothing-women-dresses-blouse,20230709-572-baur,de/clothing-women-dresses-blouse.html,https://baur.de/p/delmao-blusenkleid-mit-maritimem-knotendetail-neue-marke/AKLBB1641993337?nav-c=269&rl=1&sku=1002181019#nav-i=39&ref=mba&nav-p=P1&relevantProduct=false,https://bilder.baur.de/i/empiriecom/5ca7f061bc3ef7c1e958b19d944ffa73.jpg
clothing,women,dresses,blouse,x,clothing-women-dresses-blouse,20230709-549-baur,de/clothing-women-dresses-blouse.html,https://baur.de/p/aniston-casual-blusenkleid-mit-romantischen-bluemchen-bedruckt-neue-kollektion/AKLBB1691283796?nav-c=269&rl=1&sku=7595152077#nav-i=44&ref=mba&nav-p=P1&relevantProduct=false,https://bilder.baur.de/i/empiriecom/b85a8639fdc6086f701037896a83c7bb.jpg
clothing,women,dresses,blouse,x,clothing-women-dresses-blouse,20230709-540-baur,de/clothing-women-dresses-blouse.html,https://baur.de/p/laura-scott-blusenkleid-mit-3-4-aermeln/AKLBB1670830314?nav-c=269&rl=1&sku=4238390857#nav-i=23&ref=mba&nav-p=P1&relevantProduct=false,https://bilder.baur.de/i/empiriecom/f5d8ec322e849f6b06106a70d0a99c6a.jpg
clothing,women,dresses,blouse,x,clothing-women-dresses-blouse,20230709-511-baur,de/clothing-women-dresses-blouse.html,https://baur.de/p/sheego-by-joe-browns-blusenkleid-grosse-groessen-mit-knopfleiste-und-weitem-rock/AKLBB1641214131?nav-c=269&rl=1&sku=4537703431#nav-i=63&ref=mba&nav-p=P1&relevantProduct=false,https://bilder.baur.de/i/empiriecom/b0143dd29e9fe7ace204a088e8df1733.jpg
clothing,women,dresses,blouse,x,clothing-women-dresses-blouse,20230709-501-baur,de/clothing-women-dresses-blouse.html,https://baur.de/p/tommy-hilfiger-blusenkleid-solid-poplin-midi-dress-ss-mit-modischem-knotendetail-in-der-taille/AKLBB1687353272?nav-c=269&rl=1&sku=5911936712#nav-i=67&ref=mba&nav-p=P1&relevantProduct=false,https://bilder.baur.de/i/empiriecom/e0144b121807a4c0047cca5e479e20d3.jpg
clothing,women,dresses,blouse,x,clothing-women-dresses-blouse,20230709-484-baur,de/clothing-women-dresses-blouse.html,https://baur.de/p/ragwear-blusenkleid-anerley-stylisches-sommerkleid-mit-allover-print/AKLBB1729895370?nav-c=269&rl=1&sku=1043860893#nav-i=42&ref=mba&nav-p=P1&relevantProduct=false,https://bilder.baur.de/i/empiriecom/1cd26f69b16712e8aa7e34d53290e1ac.jpg
clothing,women,dresses,blouse,x,clothing-women-dresses-blouse,20230709-437-baur,de/clothing-women-dresses-blouse.html,https://baur.de/p/polarino-blusenkleid/AKLBB1227757472?nav-c=269&rl=1&sku=1821040870#nav-i=17&ref=mba&nav-p=P1&relevantProduct=false,https://bilder.baur.de/i/empiriecom/21ffbeee7a7a53c8900f5b230139743d.jpg
clothing,women,dresses,blouse,x,clothing-women-dresses-blouse,20230709-399-baur,de/clothing-women-dresses-blouse.html,https://baur.de/p/saint-tropez-blusenkleid-edasz-solid-mit-volants-und-raffungen-aus-leichter-viskose/AKLBB1483846899?nav-c=269&rl=1&sku=9532783879#nav-i=62&ref=mba&nav-p=P1&relevantProduct=false,https://bilder.baur.de/i/empiriecom/690e210fdf7f0d5febf9d246a7d4a3d5.jpg
clothing,women,dresses,blouse,x,clothing-women-dresses-blouse,20230709-393-baur,de/clothing-women-dresses-blouse.html,https://baur.de/p/s-oliver-blusenkleid-mit-volant-am-rock/AKLBB1530940561?nav-c=269&rl=1&sku=8885805650#nav-i=2&ref=mba&nav-p=P1&relevantProduct=false,https://bilder.baur.de/i/empiriecom/51f9d7b06d0844646718f11de61d997a.jpg
clothing,women,dresses,blouse,x,clothing-women-dresses-blouse,20230709-363-baur,de/clothing-women-dresses-blouse.html,https://baur.de/p/y-a-s-blusenkleid-yasholi-ls-dress-s-noos/AKLBB1490761015?nav-c=269&rl=1&sku=4449452857#nav-i=45&ref=mba&nav-p=P1&relevantProduct=false,https://bilder.baur.de/i/empiriecom/1f66965d73ea1aab6ed698e6e01131fd.jpg
clothing,women,dresses,blouse,x,clothing-women-dresses-blouse,20230709-340-baur,de/clothing-women-dresses-blouse.html,https://baur.de/p/aniston-casual-blusenkleid-mit-dekorativem-reissverschluss-bis-zur-taille-neue-kollektion/AKLBB1693295778?nav-c=269&rl=1&sku=9061651392#nav-i=19&ref=mba&nav-p=P1&relevantProduct=false,https://bilder.baur.de/i/empiriecom/191387947dbc495e7ef9da11954db7d5.jpg
clothing,women,dresses,blouse,x,clothing-women-dresses-blouse,20230709-335-baur,de/clothing-women-dresses-blouse.html,https://baur.de/p/vero-moda-hemdblusenkleid-vmnatali-3-4-long-overshirt-noos-mit-3-4-aermel/AKLBB1675430589?nav-c=269&rl=1&sku=3229553246#nav-i=58&ref=mba&nav-p=P1&relevantProduct=false,https://bilder.baur.de/i/empiriecom/7e3c78be9b3a775b9701b291d6d839aa.jpg
clothing,women,dresses,blouse,x,clothing-women-dresses-blouse,20230709-330-baur,de/clothing-women-dresses-blouse.html,https://baur.de/p/y-a-s-blusenkleid-yasholi-ss-dress-s-noos/AKLBB1490761116?nav-c=269&rl=1&sku=9003975249#nav-i=57&ref=mba&nav-p=P1&relevantProduct=false,https://bilder.baur.de/i/empiriecom/560c1fdd18f69cec6909de7160009239.jpg
clothing,women,dresses,blouse,x,clothing-women-dresses-blouse,20230709-321-baur,de/clothing-women-dresses-blouse.html,https://baur.de/p/aniston-casual-blusenkleid-extravaganter-herzen-druck-jedes-teil-ein-unikat-neue-kollektion/AKLBB1693405206?nav-c=269&rl=1&sku=9489744050#nav-i=16&ref=mba&nav-p=P1&relevantProduct=false,https://bilder.baur.de/i/empiriecom/51291248e08d1492e1c3931e94fd06c7.jpg
clothing,women,dresses,blouse,x,clothing-women-dresses-blouse,20230709-306-baur,de/clothing-women-dresses-blouse.html,https://baur.de/p/tommy-jeans-blusenkleid-tjw-ss-badge-chambray-dress-mit-dezentem-kontrastband-am-krageninneren/AKLBB1687494966?nav-c=269&rl=1&sku=3138225176#nav-i=28&ref=mba&nav-p=P1&relevantProduct=false,https://bilder.baur.de/i/empiriecom/79f1f359164b18c38afe0361f1f32517.jpg
clothing,women,dresses,blouse,x,clothing-women-dresses-blouse,20230709-301-baur,de/clothing-women-dresses-blouse.html,https://baur.de/p/lascana-hemdblusenkleid-mit-bindeguertel-und-brusttaschen/AKLBB1509712949?nav-c=269&rl=1&sku=8325941142#nav-i=15&ref=mba&nav-p=P1&relevantProduct=false,https://bilder.baur.de/i/empiriecom/6bdc0ca29544db1505a327dc299ffcdc.jpg
clothing,women,dresses,blouse,x,clothing-women-dresses-blouse,20230709-297-baur,de/clothing-women-dresses-blouse.html,https://baur.de/p/tamaris-hemdblusenkleid-mit-bindeguertel/AKLBB1661568656?nav-c=269&rl=1&sku=7697605341#nav-i=27&ref=mba&nav-p=P1&relevantProduct=false,https://bilder.baur.de/i/empiriecom/6dfb6a292d2633b03cbd706504a8133d.jpg
clothing,women,dresses,blouse,x,clothing-women-dresses-blouse,20230709-238-baur,de/clothing-women-dresses-blouse.html,https://baur.de/p/lascana-hemdblusenkleid-aus-gekreppter-viskose/AKLBB1608473807?nav-c=269&rl=1&sku=4819050191#nav-i=6&ref=mba&nav-p=P1&relevantProduct=false,https://bilder.baur.de/i/empiriecom/34eeaf29a352a7746d221e0a57f56359.jpg
clothing,women,dresses,blouse,x,clothing-women-dresses-blouse,20230709-232-baur,de/clothing-women-dresses-blouse.html,https://baur.de/p/ragwear-blusenkleid-angyc-organic-hochgeschlossenes-sommerkleid-mit-bindeband/AKLBB1734168249?nav-c=269&rl=1&sku=2197933393#nav-i=25&ref=mba&nav-p=P1&relevantProduct=false,https://bilder.baur.de/i/empiriecom/5e3b3f3f59213b7dfa0c8911dc4a913a.jpg
clothing,women,dresses,blouse,x,clothing-women-dresses-blouse,20230709-230-baur,de/clothing-women-dresses-blouse.html,https://baur.de/p/cecil-blusenkleid-in-unifarbe/AKLBB1732210379?nav-c=269&rl=1&sku=9679573993#nav-i=32&ref=mba&nav-p=P1&relevantProduct=false,https://bilder.baur.de/i/empiriecom/e0dd09794b6292934d3ebd4cb41bf8c1.jpg
clothing,women,dresses,blouse,x,clothing-women-dresses-blouse,20230709-221-baur,de/clothing-women-dresses-blouse.html,https://baur.de/p/sheego-blusenkleid-grosse-groessen-mit-alloverprint-und-3-4-aermeln/AKLBB1640903981?nav-c=269&rl=1&sku=2390566282#nav-i=46&ref=mba&nav-p=P1&relevantProduct=false,https://bilder.baur.de/i/empiriecom/695492d3823a4687dff3e20f485e57f7.jpg
clothing,women,dresses,blouse,x,clothing-women-dresses-blouse,20230709-221-baur,de/clothing-women-dresses-blouse.html,https://baur.de/p/street-one-hemdblusenkleid-im-tunikastyle/AKLBB1724609871?nav-c=269&rl=1&sku=9277091576#nav-i=47&ref=mba&nav-p=P1&relevantProduct=false,https://bilder.baur.de/i/empiriecom/d1aafc761515ea045845072c41134bab.jpg
clothing,women,dresses,blouse,x,clothing-women-dresses-blouse,20230709-219-baur,de/clothing-women-dresses-blouse.html,https://baur.de/p/ragwear-blusenkleid-roisin-stylisches-sommerkleid-mit-bindeband/AKLBB1368033902?nav-c=269&rl=1&sku=6146021993#nav-i=33&ref=mba&nav-p=P1&relevantProduct=false,https://bilder.baur.de/i/empiriecom/fbfc6be41ed253ba3e71747587a08453.jpg
clothing,women,dresses,blouse,x,clothing-women-dresses-blouse,20230709-218-baur,de/clothing-women-dresses-blouse.html,https://baur.de/p/cecil-blusenkleid-mit-streifen-muster/AKLBB1739476302?nav-c=269&rl=1&sku=1584645193#nav-i=49&ref=mba&nav-p=P1&relevantProduct=false,https://bilder.baur.de/i/empiriecom/505c53d679a341a1a5e67b237b56e16c.jpg
clothing,women,dresses,blouse,x,clothing-women-dresses-blouse,20230709-202-baur,de/clothing-women-dresses-blouse.html,https://baur.de/p/ragwear-blusenkleid-pecori-dress-stylisches-knielanges-sommerkleid-mit-verspielten-details/AKLBB1727975387?nav-c=269&rl=1&sku=9051216193#nav-i=71&ref=mba&nav-p=P1&relevantProduct=false,https://bilder.baur.de/i/empiriecom/24d45859feb4ec96726cd091fba5e603.jpg
clothing,women,dresses,blouse,x,clothing-women-dresses-blouse,20230709-194-baur,de/clothing-women-dresses-blouse.html,https://baur.de/p/lascana-blusenkleid/AKLBB632051711?nav-c=269&rl=1&sku=1059381638#nav-i=9&ref=mba&nav-p=P1&relevantProduct=false,https://bilder.baur.de/i/empiriecom/cf371677f82c2338b6165c15b7f94f72.jpg
clothing,women,dresses,blouse,x,clothing-women-dresses-blouse,20230709-191-baur,de/clothing-women-dresses-blouse.html,https://baur.de/p/ajc-hemdblusenkleid-neue-kollektion/AKLBB1689979045?nav-c=269&rl=1&sku=8329904360#nav-i=51&ref=mba&nav-p=P1&relevantProduct=false,https://bilder.baur.de/i/empiriecom/6df3e9dfbcdeed6ed38ae89899f19417.jpg
clothing,women,dresses,blouse,x,clothing-women-dresses-blouse,20230709-174-baur,de/clothing-women-dresses-blouse.html,https://baur.de/p/laura-scott-blusenkleid-in-modischer-maxilaenge-neue-drucke/AKLBB1596391872?nav-c=269&rl=1&sku=3381335510#nav-i=14&ref=mba&nav-p=P1&relevantProduct=false,https://bilder.baur.de/i/empiriecom/040d0811d3ffe8e6d2fa47011dcb85b4.jpg
clothing,women,dresses,blouse,x,clothing-women-dresses-blouse,20230709-168-baur,de/clothing-women-dresses-blouse.html,https://baur.de/p/hermann-lange-collection-blusenkleid-hermann-lange-select/AKLBB1669568857?nav-c=269&rl=1&sku=1367286116#nav-i=53&ref=mba&nav-p=P1&relevantProduct=false,https://bilder.baur.de/i/empiriecom/7b4142718fed12f19c39ee0f4fb79055.jpg
clothing,women,dresses,blouse,x,clothing-women-dresses-blouse,20230709-167-baur,de/clothing-women-dresses-blouse.html,https://baur.de/p/select-by-hermann-lange-blusenkleid-hermann-lange-select/AKLBB1669566305?nav-c=269&rl=1&sku=5095832036#nav-i=36&ref=mba&nav-p=P1&relevantProduct=false,https://bilder.baur.de/i/empiriecom/392e87c50011470c0ae653eb243bca84.jpg
clothing,women,dresses,blouse,x,clothing-women-dresses-blouse,20230709-159-baur,de/clothing-women-dresses-blouse.html,https://baur.de/p/heine-hemdblusenkleid-druck-kleid/AKLBB1687195232?nav-c=269&rl=1&sku=5411713470#nav-i=55&ref=mba&nav-p=P1&relevantProduct=false,https://bilder.baur.de/i/empiriecom/38f2b94a7b8723518944a2e446f42e78.jpg
clothing,women,dresses,blouse,x,clothing-women-dresses-blouse,20230709-118-baur,de/clothing-women-dresses-blouse.html,https://baur.de/p/laura-scott-blusenkleid-in-maxi-laenge/AKLBB1237563825?nav-c=269&rl=1&sku=2691475294#nav-i=41&ref=mba&nav-p=P1&relevantProduct=false,https://bilder.baur.de/i/empiriecom/0940c5d007822ba84c54d85b4f97ac78.jpg
clothing,women,dresses,blouse,x,clothing-women-dresses-blouse,20230709-115-baur,de/clothing-women-dresses-blouse.html,https://baur.de/p/heine-hemdblusenkleid-hemdblusenkleid/AKLBB1391750318?nav-c=269&rl=1&sku=6024265143#nav-i=7&ref=mba&nav-p=P1&relevantProduct=false,https://bilder.baur.de/i/empiriecom/97d2949a9f39c54f0716b2efdaeaa5f1.jpg
clothing,women,dresses,blouse,x,clothing-women-dresses-blouse,20230709-101-baur,de/clothing-women-dresses-blouse.html,https://baur.de/p/jack-wolfskin-blusenkleid-mojave-dress/AKLBB1733060792?nav-c=269&rl=1&sku=7059686899#nav-i=72&ref=mba&nav-p=P1&relevantProduct=false,https://bilder.baur.de/i/empiriecom/34f82dd537f72a83ae1007a8bb3f4887.jpg
