clothing,girls,overalls,x,x,clothing-girls-overalls,20230708-957-baur,de/clothing-girls-overalls.html,https://baur.de/p/name-it-softshelloverall-nmfalfa-suit-heart-fo-mit-dekorativen-reflektierenden-details/AKLBB1642007594?Page=L1&nav-c=3232&sku=8549394968#nav-i=19&ref=mba&nav-p=L1&relevantProduct=false,https://bilder.baur.de/i/empiriecom/417eeda048f8c0f4a2c64a073a86221d.jpg
clothing,girls,overalls,x,x,clothing-girls-overalls,20230708-922-baur,de/clothing-girls-overalls.html,https://baur.de/p/roxy-jumpsuit-the-great-escape/AKLBB1723771147?Page=L1&nav-c=3232&sku=6443754699#nav-i=22&ref=mba&nav-p=L1&relevantProduct=false,https://bilder.baur.de/i/empiriecom/631ea27707dc955ed9da007b4207763b.jpg
clothing,girls,overalls,x,x,clothing-girls-overalls,20230708-855-baur,de/clothing-girls-overalls.html,https://baur.de/p/oneill-playsuit-talia-playsuit-mit-tunnelzug-an-der-taille/AKLBB1658709494?Page=L1&nav-c=3232&sku=7850291020#nav-i=14&ref=mba&nav-p=L1&relevantProduct=false,https://bilder.baur.de/i/empiriecom/d3fb7c99964ee69f2d80888c318f4937.jpg
clothing,girls,overalls,x,x,clothing-girls-overalls,20230708-853-baur,de/clothing-girls-overalls.html,https://baur.de/p/name-it-softshelloverall-nmfalfa-suit-fawn-fo/AKLBB1642007628?Page=L1&nav-c=3232&sku=3584220544#nav-i=24&ref=mba&nav-p=L1&relevantProduct=false,https://bilder.baur.de/i/empiriecom/d787c198233498c7ec693a6317287f09.jpg
clothing,girls,overalls,x,x,clothing-girls-overalls,20230708-781-baur,de/clothing-girls-overalls.html,https://baur.de/p/name-it-softshelloverall-nmfalfa-suit-floral-2fo-noos/AKLBB1667687617?Page=L1&nav-c=3232&sku=8596083121#nav-i=4&ref=mba&nav-p=L1&relevantProduct=false,https://bilder.baur.de/i/empiriecom/5daa1297af665473114a42f39c531c11.jpg
clothing,girls,overalls,x,x,clothing-girls-overalls,20230708-773-baur,de/clothing-girls-overalls.html,https://baur.de/p/pepe-jeans-kurzoverall-solange-mit-floralem-alloverprint-for-girls/AKLBB1673803392?Page=L1&nav-c=3232&sku=4536755450#nav-i=18&ref=mba&nav-p=L1&relevantProduct=false,https://bilder.baur.de/i/empiriecom/ddd020a053b1dc5f3246a887d577aa4e.jpg
clothing,girls,overalls,x,x,clothing-girls-overalls,20230708-734-baur,de/clothing-girls-overalls.html,https://baur.de/p/roxy-playsuit-if-i-was-a-boy/AKLBB1723771281?Page=L1&nav-c=3232&sku=5915991599#nav-i=21&ref=mba&nav-p=L1&relevantProduct=false,https://bilder.baur.de/i/empiriecom/fa3a64052ab082718f14b5f9c5d3b13a.jpg
clothing,girls,overalls,x,x,clothing-girls-overalls,20230708-680-baur,de/clothing-girls-overalls.html,https://baur.de/p/arizona-overall/AKLBB687043099?Page=L1&nav-c=3232&sku=9144596193#nav-i=6&ref=mba&nav-p=L1&relevantProduct=false,https://bilder.baur.de/i/empiriecom/a41b5bd73d195a1ec9124cf1fb1f1f1a.jpg
clothing,girls,overalls,x,x,clothing-girls-overalls,20230708-652-baur,de/clothing-girls-overalls.html,https://baur.de/p/zigzag-jumpsuit-heartlake-in-gestepptem-design/AKLBB1672468196?Page=L1&nav-c=3232&sku=1938043199#nav-i=20&ref=mba&nav-p=L1&relevantProduct=false,https://bilder.baur.de/i/empiriecom/efde3add997be125e40e5d196abaa38c.jpg
clothing,girls,overalls,x,x,clothing-girls-overalls,20230708-613-baur,de/clothing-girls-overalls.html,https://baur.de/p/zigzag-jumpsuit-maltha-mit-wasserdichter-funktion/AKLBB1671082153?Page=L1&nav-c=3232&sku=1861592299#nav-i=25&ref=mba&nav-p=L1&relevantProduct=false,https://bilder.baur.de/i/empiriecom/c09d3f9d107a9b1012c80dc6b1c895c9.jpg
clothing,girls,overalls,x,x,clothing-girls-overalls,20230708-604-baur,de/clothing-girls-overalls.html,https://baur.de/p/killtec-overall-fiow-35-mns-onpc/AKLBB1676142993?Page=L1&nav-c=3232&sku=2951536399#nav-i=15&ref=mba&nav-p=L1&relevantProduct=false,https://bilder.baur.de/i/empiriecom/ee4b0a048db709103bbf2a71715b96da.jpg
clothing,girls,overalls,x,x,clothing-girls-overalls,20230708-575-baur,de/clothing-girls-overalls.html,https://baur.de/p/nike-sportswear-overall-big-kids-girls-romper/AKLBB1673833611?Page=L1&nav-c=3232&sku=6021211210#nav-i=8&ref=mba&nav-p=L1&relevantProduct=false,https://bilder.baur.de/i/empiriecom/86576401aa7d256d7890bc745e77aff4.jpg
clothing,girls,overalls,x,x,clothing-girls-overalls,20230708-522-baur,de/clothing-girls-overalls.html,https://baur.de/p/weather-report-jumpsuit-mina-jr-im-modischen-stepp-design/AKLBB1583325232?Page=L1&nav-c=3232&sku=6290611393#nav-i=17&ref=mba&nav-p=L1&relevantProduct=false,https://bilder.baur.de/i/empiriecom/8498d41999a854ced05b3eda4692f4d8.jpg
clothing,girls,overalls,x,x,clothing-girls-overalls,20230708-452-baur,de/clothing-girls-overalls.html,https://baur.de/p/roxy-strandoverall-soulful-blooms/AKLBB1723271847?Page=L1&nav-c=3232&sku=2807554399#nav-i=11&ref=mba&nav-p=L1&relevantProduct=false,https://bilder.baur.de/i/empiriecom/4115004563342dada391298283399c9c.jpg
clothing,girls,overalls,x,x,clothing-girls-overalls,20230708-424-baur,de/clothing-girls-overalls.html,https://baur.de/p/name-it-jumpsuit-nkfvigga-strap-suit-f1-no/AKLBB1679189832?Page=L1&nav-c=3232&sku=3912802286#nav-i=5&ref=mba&nav-p=L1&relevantProduct=false,https://bilder.baur.de/i/empiriecom/086ead0165cab55d27b9c9e25e32c61a.jpg
clothing,girls,overalls,x,x,clothing-girls-overalls,20230708-394-baur,de/clothing-girls-overalls.html,https://baur.de/p/name-it-overall-nmfalfa08-suit-autumn-flower-fo-noos/AKLBB1689313261?Page=L1&nav-c=3232&sku=9042283734#nav-i=23&ref=mba&nav-p=L1&relevantProduct=false,https://bilder.baur.de/i/empiriecom/89891338f490eb983d780d2bd56e51f9.jpg
clothing,girls,overalls,x,x,clothing-girls-overalls,20230708-390-baur,de/clothing-girls-overalls.html,https://baur.de/p/bondi-overall-1-tlg-kinder-mit-herzilein-aufnaeher/AKLBB1600383846?Page=L1&nav-c=3232&sku=8218541116#nav-i=13&ref=mba&nav-p=L1&relevantProduct=false,https://bilder.baur.de/i/empiriecom/7672abb57a87481d721d61a10f2607a2.jpg
clothing,girls,overalls,x,x,clothing-girls-overalls,20230708-335-baur,de/clothing-girls-overalls.html,https://baur.de/p/roxy-playsuit-in-the-mountain/AKLBB1723482942?Page=L1&nav-c=3232&sku=5070373899#nav-i=7&ref=mba&nav-p=L1&relevantProduct=false,https://bilder.baur.de/i/empiriecom/1ea0f534b3800a49421edb48b163f62f.jpg
clothing,girls,overalls,x,x,clothing-girls-overalls,20230708-310-baur,de/clothing-girls-overalls.html,https://baur.de/p/weather-report-overall-vidda-jr-in-modischem-stepp-design/AKLBB1675777406?Page=L1&nav-c=3232&sku=4401906493#nav-i=26&ref=mba&nav-p=L1&relevantProduct=false,https://bilder.baur.de/i/empiriecom/467072c85685ebef50ad72244f98ddd6.jpg
clothing,girls,overalls,x,x,clothing-girls-overalls,20230708-309-baur,de/clothing-girls-overalls.html,https://baur.de/p/name-it-softshelloverall-nmnalfa-softshell-suit-solid-fo-noos/AKLBB1689313057?Page=L1&nav-c=3232&sku=3925614547#nav-i=12&ref=mba&nav-p=L1&relevantProduct=false,https://bilder.baur.de/i/empiriecom/fe431b9b4f3306c62debf6bd9246fb6d.jpg
clothing,girls,overalls,x,x,clothing-girls-overalls,20230708-273-baur,de/clothing-girls-overalls.html,https://baur.de/p/roxy-playsuit-glitter-in-the-air/AKLBB1736548832?Page=L1&nav-c=3232&sku=1238415099#nav-i=16&ref=mba&nav-p=L1&relevantProduct=false,https://bilder.baur.de/i/empiriecom/17eb5a772180f87d983b093d54854b6e.jpg
clothing,girls,overalls,x,x,clothing-girls-overalls,20230708-243-baur,de/clothing-girls-overalls.html,https://baur.de/p/name-it-playsuit-nkfvinaya-playsuit-fff/AKLBB1679189899?Page=L1&nav-c=3232&sku=3162524550#nav-i=9&ref=mba&nav-p=L1&relevantProduct=false,https://bilder.baur.de/i/empiriecom/2d527c3d42ca8067d1690da1ffd9420e.jpg
clothing,girls,overalls,x,x,clothing-girls-overalls,20230708-207-baur,de/clothing-girls-overalls.html,https://baur.de/p/scout-softshelloverall-rainy-mit-verstaerkten-einsaetzen-an-knien-und-gesaess/AKLBB1257791951?Page=L1&nav-c=3232&sku=6128253270#nav-i=10&ref=mba&nav-p=L1&relevantProduct=false,https://bilder.baur.de/i/empiriecom/7c8ff73a1bb4904b109e159aa3a2f26d.jpg
