clothing,men,knit_jackets,x,x,clothing-men-knit_jackets,20230709-993-baur,de/clothing-men-knit_jackets.html,https://baur.de/p/bugatti-strickjacke-aus-sportlichem-material-mix/AKLBB1730133041?nav-c=2217&sku=4902583099#nav-i=62&ref=mba&nav-p=P1&relevantProduct=false,https://bilder.baur.de/i/empiriecom/68f467f66e06f8bba44499c9b38669a3.jpg
clothing,men,knit_jackets,x,x,clothing-men-knit_jackets,20230709-872-baur,de/clothing-men-knit_jackets.html,https://baur.de/p/marco-donati-strickjacke/AKLBB1764075691?nav-c=2217&sku=2586370567#nav-i=54&ref=mba&nav-p=P1&relevantProduct=false,https://bilder.baur.de/i/empiriecom/cd90e5086d0c779383690e31d0f597d0.jpg
clothing,men,knit_jackets,x,x,clothing-men-knit_jackets,20230709-766-baur,de/clothing-men-knit_jackets.html,https://baur.de/p/boss-orange-strickjacke-kamondo-10246072-01-mit-eingestricken-rippen/AKLBB1656739310?nav-c=2217&sku=7313226054#nav-i=72&ref=mba&nav-p=P1&relevantProduct=false,https://bilder.baur.de/i/empiriecom/677d1eb3c98c9b0de5f4a83440529324.jpg
clothing,men,knit_jackets,x,x,clothing-men-knit_jackets,20230709-706-baur,de/clothing-men-knit_jackets.html,https://baur.de/p/urban-classics-strickjacke-herren-light-raglan-cardigan-1-tlg/AKLBB1769817280?nav-c=2217&sku=8413904393#nav-i=36&ref=mba&nav-p=P1&relevantProduct=false,https://bilder.baur.de/i/empiriecom/76a8110f3e9fa6195c29790ddadb1160.jpg
clothing,men,knit_jackets,x,x,clothing-men-knit_jackets,20230709-682-baur,de/clothing-men-knit_jackets.html,https://baur.de/p/boss-orange-strickjacke-mit-hochschliessendem-kragen/AKLBB1664459663?nav-c=2217&sku=9966591855#nav-i=38&ref=mba&nav-p=P1&relevantProduct=false,https://bilder.baur.de/i/empiriecom/92084cdc54bfa50f5bc1d45ecef1db23.jpg
clothing,men,knit_jackets,x,x,clothing-men-knit_jackets,20230709-525-baur,de/clothing-men-knit_jackets.html,https://baur.de/p/lyle-scott-cardigan/AKLBB1719188237?nav-c=2217&sku=7014523349#nav-i=68&ref=mba&nav-p=P1&relevantProduct=false,https://bilder.baur.de/i/empiriecom/6402791e0d4115b215d41ac15e5f8a10.jpg
clothing,men,knit_jackets,x,x,clothing-men-knit_jackets,20230709-384-baur,de/clothing-men-knit_jackets.html,https://baur.de/p/marco-donati-strickjacke/AKLBB1686279653?nav-c=2217&sku=1403331491#nav-i=44&ref=mba&nav-p=P1&relevantProduct=false,https://bilder.baur.de/i/empiriecom/3f3be1153dc4fce9dbb8023282f5bd1c.jpg
clothing,men,knit_jackets,x,x,clothing-men-knit_jackets,20230708-929-baur,de/clothing-men-knit_jackets.html,https://baur.de/p/killtec-strickjacke-kow-32-mn-flx-jckt/AKLBB1684463346?nav-c=2217&sku=5342361499#nav-i=55&ref=mba&nav-p=P1&relevantProduct=false,https://bilder.baur.de/i/empiriecom/3007cef81902056aa9016c7c5a5320bf.jpg
clothing,men,knit_jackets,x,x,clothing-men-knit_jackets,20230708-929-baur,de/clothing-men-knit_jackets.html,https://baur.de/p/urban-classics-strickjacke-herren-boxy-cardigan-1-tlg/AKLBB1769376115?nav-c=2217&sku=7275266193#nav-i=72&ref=mba&nav-p=P1&relevantProduct=false,https://bilder.baur.de/i/empiriecom/1039bb0021a9d6bfe8bd01135658e303.jpg
clothing,men,knit_jackets,x,x,clothing-men-knit_jackets,20230708-880-baur,de/clothing-men-knit_jackets.html,https://baur.de/p/lerros-strickjacke-lerros-strickjacke-in-used-optik/AKLBB1684014587?nav-c=2217&sku=7590084499#nav-i=58&ref=mba&nav-p=P1&relevantProduct=false,https://bilder.baur.de/i/empiriecom/489af1d51275a546a813a9ac90db225b.jpg
clothing,men,knit_jackets,x,x,clothing-men-knit_jackets,20230708-866-baur,de/clothing-men-knit_jackets.html,https://baur.de/p/redbridge-strickjacke-grays-mit-aufwendigen-strickmuster/AKLBB1617229762?nav-c=2217&sku=5466566699#nav-i=51&ref=mba&nav-p=P1&relevantProduct=false,https://bilder.baur.de/i/empiriecom/f38f55a01177d6b418583f5874367c2c.jpg
clothing,men,knit_jackets,x,x,clothing-men-knit_jackets,20230708-833-baur,de/clothing-men-knit_jackets.html,https://baur.de/p/marco-donati-strickjacke/AKLBB1764078871?nav-c=2217&sku=1476446890#nav-i=65&ref=mba&nav-p=P1&relevantProduct=false,https://bilder.baur.de/i/empiriecom/263725144d40cfbc2e4a911ed23bc459.jpg
clothing,men,knit_jackets,x,x,clothing-men-knit_jackets,20230708-829-baur,de/clothing-men-knit_jackets.html,https://baur.de/p/tom-tailor-strickjacke-tom-tailor-herren-strickjacke-stehkragen/AKLBB1666605892?nav-c=2217&sku=5717061254#nav-i=27&ref=mba&nav-p=P1&relevantProduct=false,https://bilder.baur.de/i/empiriecom/59680edc54f4ed88851f5e788b738216.jpg
clothing,men,knit_jackets,x,x,clothing-men-knit_jackets,20230708-818-baur,de/clothing-men-knit_jackets.html,https://baur.de/p/lerros-strickjacke-lerros-strickjacke-mit-nylon-steppoptik/AKLBB1727501573?nav-c=2217&sku=2160636799#nav-i=63&ref=mba&nav-p=P1&relevantProduct=false,https://bilder.baur.de/i/empiriecom/10cbb71b0232513df8930dc38fa7e923.jpg
clothing,men,knit_jackets,x,x,clothing-men-knit_jackets,20230708-812-baur,de/clothing-men-knit_jackets.html,https://baur.de/p/marco-donati-strickjacke/AKLBB1764074600?nav-c=2217&sku=7122451933#nav-i=35&ref=mba&nav-p=P1&relevantProduct=false,https://bilder.baur.de/i/empiriecom/8d06a085bb3a86daf0fb8ac238d030c6.jpg
clothing,men,knit_jackets,x,x,clothing-men-knit_jackets,20230708-803-baur,de/clothing-men-knit_jackets.html,https://baur.de/p/killtec-strickjacke-kow-84-mn-flx-jckt/AKLBB1684462614?nav-c=2217&sku=4740681599#nav-i=4&ref=mba&nav-p=P1&relevantProduct=false,https://bilder.baur.de/i/empiriecom/60ba304a62a01fc166db9282eb0a47b4.jpg
clothing,men,knit_jackets,x,x,clothing-men-knit_jackets,20230708-802-baur,de/clothing-men-knit_jackets.html,https://baur.de/p/tommy-hilfiger-strickjacke-1985-zip-through-mit-rippbuendchen/AKLBB1461491364?nav-c=2217&sku=4698185732#nav-i=14&ref=mba&nav-p=P1&relevantProduct=false,https://bilder.baur.de/i/empiriecom/ea8c40ff5bfb82f62285c7b126d26da4.jpg
clothing,men,knit_jackets,x,x,clothing-men-knit_jackets,20230708-729-baur,de/clothing-men-knit_jackets.html,https://baur.de/p/classic-cardigan/AKLBB1445537657?nav-c=2217&sku=1087713070#nav-i=39&ref=mba&nav-p=P1&relevantProduct=false,https://bilder.baur.de/i/empiriecom/20acc138cb0a6f62b133a5f58b0a9693.jpg
clothing,men,knit_jackets,x,x,clothing-men-knit_jackets,20230708-709-baur,de/clothing-men-knit_jackets.html,https://baur.de/p/killtec-strickjacke-kos-72-mn-flx-jckt/AKLBB1723449295?nav-c=2217&sku=4019415299#nav-i=34&ref=mba&nav-p=P1&relevantProduct=false,https://bilder.baur.de/i/empiriecom/500cbdbf2198ade4ce3329abff44f971.jpg
clothing,men,knit_jackets,x,x,clothing-men-knit_jackets,20230708-694-baur,de/clothing-men-knit_jackets.html,https://baur.de/p/street-one-men-strickjacke-mit-stehkragen/AKLBB1747544781?nav-c=2217&sku=8238615093#nav-i=61&ref=mba&nav-p=P1&relevantProduct=false,https://bilder.baur.de/i/empiriecom/476a913d429f456d2fe6765fea5e40f4.jpg
clothing,men,knit_jackets,x,x,clothing-men-knit_jackets,20230708-692-baur,de/clothing-men-knit_jackets.html,https://baur.de/p/jack-jones-kapuzenstrickjacke-hill-knit-cardigan/AKLBB1245330654?nav-c=2217&sku=3407120177#nav-i=37&ref=mba&nav-p=P1&relevantProduct=false,https://bilder.baur.de/i/empiriecom/d021907236d2ca598a13a7ea473ec1b4.jpg
clothing,men,knit_jackets,x,x,clothing-men-knit_jackets,20230708-688-baur,de/clothing-men-knit_jackets.html,https://baur.de/p/marco-donati-strickjacke-mit-stehkragen/AKLBB1243274062?nav-c=2217&sku=6787044743#nav-i=25&ref=mba&nav-p=P1&relevantProduct=false,https://bilder.baur.de/i/empiriecom/d13cda1ef971a5037f3ec9eec59e248f.jpg
clothing,men,knit_jackets,x,x,clothing-men-knit_jackets,20230708-677-baur,de/clothing-men-knit_jackets.html,https://baur.de/p/only-sons-strickjacke-os-knit/AKLBB1599990347?nav-c=2217&sku=2081632057#nav-i=41&ref=mba&nav-p=P1&relevantProduct=false,https://bilder.baur.de/i/empiriecom/44bc0955f81266d2c73e412337ca5a97.jpg
clothing,men,knit_jackets,x,x,clothing-men-knit_jackets,20230708-662-baur,de/clothing-men-knit_jackets.html,https://baur.de/p/marco-donati-strickjacke/AKLBB1764075691?nav-c=2217&sku=1054346638#nav-i=47&ref=mba&nav-p=P1&relevantProduct=false,https://bilder.baur.de/i/empiriecom/929c147a36026925705f0ef69f88815f.jpg
clothing,men,knit_jackets,x,x,clothing-men-knit_jackets,20230708-655-baur,de/clothing-men-knit_jackets.html,https://baur.de/p/killtec-strickjacke-kos-80-mn-flx-jckt/AKLBB1723442239?nav-c=2217&sku=3754066999#nav-i=3&ref=mba&nav-p=P1&relevantProduct=false,https://bilder.baur.de/i/empiriecom/ef113f6cd699b89c13d80764c3de1826.jpg
clothing,men,knit_jackets,x,x,clothing-men-knit_jackets,20230708-652-baur,de/clothing-men-knit_jackets.html,https://baur.de/p/fynch-hatton-strickjacke-mit-logostickerei/AKLBB1589741925?nav-c=2217&sku=7136875493#nav-i=15&ref=mba&nav-p=P1&relevantProduct=false,https://bilder.baur.de/i/empiriecom/0ae63b6b2f48ecc18585a547c4a683be.jpg
clothing,men,knit_jackets,x,x,clothing-men-knit_jackets,20230708-650-baur,de/clothing-men-knit_jackets.html,https://baur.de/p/mans-world-strickjacke/AKLBB406337188?nav-c=2217&sku=8538866566#nav-i=2&ref=mba&nav-p=P1&relevantProduct=false,https://bilder.baur.de/i/empiriecom/9f96cc485e84d01ce9cc9215d0bc00c1.jpg
clothing,men,knit_jackets,x,x,clothing-men-knit_jackets,20230708-629-baur,de/clothing-men-knit_jackets.html,https://baur.de/p/behype-strickjacke-felian-mit-modischem-reverskragen/AKLBB1509452197?nav-c=2217&sku=6327813399#nav-i=66&ref=mba&nav-p=P1&relevantProduct=false,https://bilder.baur.de/i/empiriecom/cf5689c5f59a0e9c5c0d3b681ebc96e0.jpg
clothing,men,knit_jackets,x,x,clothing-men-knit_jackets,20230708-620-baur,de/clothing-men-knit_jackets.html,https://baur.de/p/calvin-klein-jeans-strickjacke-core-badge-sweater-zip-through/AKLBB1687374543?nav-c=2217&sku=3746286130#nav-i=40&ref=mba&nav-p=P1&relevantProduct=false,https://bilder.baur.de/i/empiriecom/2a2a6281b5935ee06ca37880739319d7.jpg
clothing,men,knit_jackets,x,x,clothing-men-knit_jackets,20230708-620-baur,de/clothing-men-knit_jackets.html,https://baur.de/p/street-one-men-strickjacke-mit-stehkragen/AKLBB1710246075?nav-c=2217&sku=4241963193#nav-i=69&ref=mba&nav-p=P1&relevantProduct=false,https://bilder.baur.de/i/empiriecom/68b42b074bb8d45fb828a04dbc57de49.jpg
clothing,men,knit_jackets,x,x,clothing-men-knit_jackets,20230708-559-baur,de/clothing-men-knit_jackets.html,https://baur.de/p/redbridge-strickjacke-green-bay/AKLBB1335440699?nav-c=2217&sku=1094385099#nav-i=38&ref=mba&nav-p=P1&relevantProduct=false,https://bilder.baur.de/i/empiriecom/311a127e7b22bc0029e9dcd57fcdabb1.jpg
clothing,men,knit_jackets,x,x,clothing-men-knit_jackets,20230708-557-baur,de/clothing-men-knit_jackets.html,https://baur.de/p/lerros-strickjacke-lerros-nylon-strickjacke/AKLBB1727671967?nav-c=2217&sku=7125924299#nav-i=71&ref=mba&nav-p=P1&relevantProduct=false,https://bilder.baur.de/i/empiriecom/9c686f62e3498d58db94c13ba207025c.jpg
clothing,men,knit_jackets,x,x,clothing-men-knit_jackets,20230708-545-baur,de/clothing-men-knit_jackets.html,https://baur.de/p/classic-strickjacke-mit-laengsoptik-im-vorderteil-marc-rene/AKLBB515407748?nav-c=2217&sku=51458372#nav-i=19&ref=mba&nav-p=P1&relevantProduct=false,https://bilder.baur.de/i/empiriecom/56a36fe9d6102566c2673a1d1d42a534.jpg
clothing,men,knit_jackets,x,x,clothing-men-knit_jackets,20230708-535-baur,de/clothing-men-knit_jackets.html,https://baur.de/p/selected-homme-strickjacke-slhberg-full-zip-cardigan-noos/AKLBB1687822629?nav-c=2217&sku=4859055363#nav-i=17&ref=mba&nav-p=P1&relevantProduct=false,https://bilder.baur.de/i/empiriecom/0113b399c74142ba72806d2de030dcca.jpg
clothing,men,knit_jackets,x,x,clothing-men-knit_jackets,20230708-517-baur,de/clothing-men-knit_jackets.html,https://baur.de/p/rusty-neal-strickjacke-im-trendigen-ripp-design/AKLBB1501122525?nav-c=2217&sku=6293720499#nav-i=64&ref=mba&nav-p=P1&relevantProduct=false,https://bilder.baur.de/i/empiriecom/111d7f29a3cbd9e86d92c393754d5a2c.jpg
clothing,men,knit_jackets,x,x,clothing-men-knit_jackets,20230708-499-baur,de/clothing-men-knit_jackets.html,https://baur.de/p/lerros-strickjacke-lerros-sportive-strickjacke-in-strukturoptik/AKLBB1715388968?nav-c=2217&sku=2704066899#nav-i=36&ref=mba&nav-p=P1&relevantProduct=false,https://bilder.baur.de/i/empiriecom/5a0a51e615bdaac75cdb63a31b6c42db.jpg
clothing,men,knit_jackets,x,x,clothing-men-knit_jackets,20230708-477-baur,de/clothing-men-knit_jackets.html,https://baur.de/p/selected-homme-strickjacke-maine-knit-cardigan/AKLBB1687822644?nav-c=2217&sku=8277446627#nav-i=8&ref=mba&nav-p=P1&relevantProduct=false,https://bilder.baur.de/i/empiriecom/5800f0943141178bc0f92cb9ea3a8159.jpg
clothing,men,knit_jackets,x,x,clothing-men-knit_jackets,20230708-475-baur,de/clothing-men-knit_jackets.html,https://baur.de/p/seidensticker-strickjacke-schwarze-rose-langarm-rundhals-uni/AKLBB1501656151?nav-c=2217&sku=1213530699#nav-i=56&ref=mba&nav-p=P1&relevantProduct=false,https://bilder.baur.de/i/empiriecom/75c50a7795e0f167d32876a29a61c4f2.jpg
clothing,men,knit_jackets,x,x,clothing-men-knit_jackets,20230708-471-baur,de/clothing-men-knit_jackets.html,https://baur.de/p/marco-donati-cardigan/AKLBB1734237048?nav-c=2217&sku=4635254188#nav-i=50&ref=mba&nav-p=P1&relevantProduct=false,https://bilder.baur.de/i/empiriecom/ba63dca2a3005a807660a3c9d6b2ffaa.jpg
clothing,men,knit_jackets,x,x,clothing-men-knit_jackets,20230708-449-baur,de/clothing-men-knit_jackets.html,https://baur.de/p/boss-orange-strickjacke-mit-hochschliessendem-kragen/AKLBB1664459663?nav-c=2217&sku=3324695671#nav-i=24&ref=mba&nav-p=P1&relevantProduct=false,https://bilder.baur.de/i/empiriecom/3fc4713918caa25d42b9256d69bfa93e.jpg
clothing,men,knit_jackets,x,x,clothing-men-knit_jackets,20230708-440-baur,de/clothing-men-knit_jackets.html,https://baur.de/p/redbridge-strickjacke-murrieta/AKLBB1335441000?nav-c=2217&sku=2387841299#nav-i=60&ref=mba&nav-p=P1&relevantProduct=false,https://bilder.baur.de/i/empiriecom/a44ae0a9febe2d33b230b5be0d34d238.jpg
clothing,men,knit_jackets,x,x,clothing-men-knit_jackets,20230708-429-baur,de/clothing-men-knit_jackets.html,https://baur.de/p/bugatti-strickjacke-mit-rautensteppung/AKLBB1679747512?nav-c=2217&sku=3128414299#nav-i=68&ref=mba&nav-p=P1&relevantProduct=false,https://bilder.baur.de/i/empiriecom/1abd375e9eb338356a818e868a29886d.jpg
clothing,men,knit_jackets,x,x,clothing-men-knit_jackets,20230708-414-baur,de/clothing-men-knit_jackets.html,https://baur.de/p/cipo-baxx-strickjacke-in-modernem-look/AKLBB1687956394?nav-c=2217&sku=5876563093#nav-i=62&ref=mba&nav-p=P1&relevantProduct=false,https://bilder.baur.de/i/empiriecom/c3b6626a8c1daf811cf2cc5d0682ec7e.jpg
clothing,men,knit_jackets,x,x,clothing-men-knit_jackets,20230708-388-baur,de/clothing-men-knit_jackets.html,https://baur.de/p/seidensticker-strickjacke-regular-langarm-stehkragen-uni/AKLBB1616122022?nav-c=2217&sku=8952806599#nav-i=46&ref=mba&nav-p=P1&relevantProduct=false,https://bilder.baur.de/i/empiriecom/02750c99e20803782775302d84274004.jpg
clothing,men,knit_jackets,x,x,clothing-men-knit_jackets,20230708-364-baur,de/clothing-men-knit_jackets.html,https://baur.de/p/marco-donati-strickjacke/AKLBB1402153350?nav-c=2217&sku=7501270316#nav-i=9&ref=mba&nav-p=P1&relevantProduct=false,https://bilder.baur.de/i/empiriecom/c6d5e1abd4d72a0c58795e8b2f59840c.jpg
clothing,men,knit_jackets,x,x,clothing-men-knit_jackets,20230708-359-baur,de/clothing-men-knit_jackets.html,https://baur.de/p/gant-cardigan-cotton-pique-zip-cardigan-mit-logostickerei-auf-der-brust/AKLBB939803330?nav-c=2217&sku=5632066676#nav-i=21&ref=mba&nav-p=P1&relevantProduct=false,https://bilder.baur.de/i/empiriecom/e12dbdd67d7646258221e0b18e03ea59.jpg
clothing,men,knit_jackets,x,x,clothing-men-knit_jackets,20230708-356-baur,de/clothing-men-knit_jackets.html,https://baur.de/p/redbridge-strickjacke-bakersfield/AKLBB1111324031?nav-c=2217&sku=2239006799#nav-i=33&ref=mba&nav-p=P1&relevantProduct=false,https://bilder.baur.de/i/empiriecom/f0df7a9a8e8e0ec803d7bdce87b9bbf5.jpg
clothing,men,knit_jackets,x,x,clothing-men-knit_jackets,20230708-351-baur,de/clothing-men-knit_jackets.html,https://baur.de/p/brax-strickjacke-style-james/AKLBB1700060554?nav-c=2217&sku=8653920393#nav-i=22&ref=mba&nav-p=P1&relevantProduct=false,https://bilder.baur.de/i/empiriecom/96e6bc42ab263250d16e454892c966f1.jpg
clothing,men,knit_jackets,x,x,clothing-men-knit_jackets,20230708-351-baur,de/clothing-men-knit_jackets.html,https://baur.de/p/marco-donati-strickjacke/AKLBB1635008023?nav-c=2217&sku=4565410898#nav-i=32&ref=mba&nav-p=P1&relevantProduct=false,https://bilder.baur.de/i/empiriecom/85a29c23d91c400f7d8f33deb6c0902e.jpg
clothing,men,knit_jackets,x,x,clothing-men-knit_jackets,20230708-329-baur,de/clothing-men-knit_jackets.html,https://baur.de/p/bugatti-strickjacke-mit-stehkragen/AKLBB1678210914?nav-c=2217&sku=6991174699#nav-i=49&ref=mba&nav-p=P1&relevantProduct=false,https://bilder.baur.de/i/empiriecom/358b89e81674a27f01212fb46216145e.jpg
clothing,men,knit_jackets,x,x,clothing-men-knit_jackets,20230708-302-baur,de/clothing-men-knit_jackets.html,https://baur.de/p/marco-donati-strickjacke/AKLBB1712262724?nav-c=2217&sku=7009876088#nav-i=45&ref=mba&nav-p=P1&relevantProduct=false,https://bilder.baur.de/i/empiriecom/ad4c8ca0aa008501b21c9825a7defeb3.jpg
clothing,men,knit_jackets,x,x,clothing-men-knit_jackets,20230708-297-baur,de/clothing-men-knit_jackets.html,https://baur.de/p/bugatti-strickjacke-mit-reissverschluss/AKLBB1729618635?nav-c=2217&sku=7207502199#nav-i=52&ref=mba&nav-p=P1&relevantProduct=false,https://bilder.baur.de/i/empiriecom/9b513efb5ec4a1be2ea34f32622a361a.jpg
clothing,men,knit_jackets,x,x,clothing-men-knit_jackets,20230708-293-baur,de/clothing-men-knit_jackets.html,https://baur.de/p/killtec-strickjacke-kow-85-mn-flx-jckt/AKLBB1684470800?nav-c=2217&sku=9296514999#nav-i=16&ref=mba&nav-p=P1&relevantProduct=false,https://bilder.baur.de/i/empiriecom/c06417e1c3affa5ff992ac2d602fa006.jpg
clothing,men,knit_jackets,x,x,clothing-men-knit_jackets,20230708-270-baur,de/clothing-men-knit_jackets.html,https://baur.de/p/redbridge-strickjacke-wichita-falls/AKLBB1335172284?nav-c=2217&sku=9683856099#nav-i=29&ref=mba&nav-p=P1&relevantProduct=false,https://bilder.baur.de/i/empiriecom/ffa168cb9e0475fc2b773f6337857488.jpg
clothing,men,knit_jackets,x,x,clothing-men-knit_jackets,20230708-265-baur,de/clothing-men-knit_jackets.html,https://baur.de/p/only-sons-kapuzenstrickjacke-os-onsliam-reg-12-wash-hood/AKLBB1640597482?nav-c=2217&sku=1055543049#nav-i=59&ref=mba&nav-p=P1&relevantProduct=false,https://bilder.baur.de/i/empiriecom/5639a49d8e43ed801b8404be554b325c.jpg
clothing,men,knit_jackets,x,x,clothing-men-knit_jackets,20230708-263-baur,de/clothing-men-knit_jackets.html,https://baur.de/p/fynch-hatton-cardigan/AKLBB1669842086?nav-c=2217&sku=9146364219#nav-i=43&ref=mba&nav-p=P1&relevantProduct=false,https://bilder.baur.de/i/empiriecom/d795439e7e37319c227ceae1b8172fcd.jpg
clothing,men,knit_jackets,x,x,clothing-men-knit_jackets,20230708-247-baur,de/clothing-men-knit_jackets.html,https://baur.de/p/bugatti-strickjacke-mit-stehkragen/AKLBB1669917248?nav-c=2217&sku=7991100293#nav-i=53&ref=mba&nav-p=P1&relevantProduct=false,https://bilder.baur.de/i/empiriecom/fb1fcd254f711f620f8ea1645152a897.jpg
clothing,men,knit_jackets,x,x,clothing-men-knit_jackets,20230708-244-baur,de/clothing-men-knit_jackets.html,https://baur.de/p/strickjacke-in-weicher-qualitaet/AKLBB938858190?nav-c=2217&sku=5249540718#nav-i=30&ref=mba&nav-p=P1&relevantProduct=false,https://bilder.baur.de/i/empiriecom/06d25a718d4e2569c3b6b4230f712ec4.jpg
clothing,men,knit_jackets,x,x,clothing-men-knit_jackets,20230708-185-baur,de/clothing-men-knit_jackets.html,https://baur.de/p/redbridge-strickjacke-rugby-mit-verschliessbaren-taschen/AKLBB1616938191?nav-c=2217&sku=4248422999#nav-i=67&ref=mba&nav-p=P1&relevantProduct=false,https://bilder.baur.de/i/empiriecom/8c5fd3869e7e9f5e437e742ce93a0488.jpg
clothing,men,knit_jackets,x,x,clothing-men-knit_jackets,20230708-181-baur,de/clothing-men-knit_jackets.html,https://baur.de/p/marco-donati-strickjacke-in-hochwertiger-schurwoll-qualitaet/AKLBB1137935352?nav-c=2217&sku=9440685078#nav-i=26&ref=mba&nav-p=P1&relevantProduct=false,https://bilder.baur.de/i/empiriecom/c2951acf625e9ea6b5fc986602b7b7b0.jpg
clothing,men,knit_jackets,x,x,clothing-men-knit_jackets,20230708-165-baur,de/clothing-men-knit_jackets.html,https://baur.de/p/lerros-strickjacke-lerros-sportive-strickjacke/AKLBB1684014329?nav-c=2217&sku=6907200999#nav-i=48&ref=mba&nav-p=P1&relevantProduct=false,https://bilder.baur.de/i/empiriecom/45f400ade8c9f35921c80a2b801bef94.jpg
clothing,men,knit_jackets,x,x,clothing-men-knit_jackets,20230708-164-baur,de/clothing-men-knit_jackets.html,https://baur.de/p/camel-active-strickjacke-ca-strickjacke/AKLBB1668944222?nav-c=2217&sku=8849810272#nav-i=11&ref=mba&nav-p=P1&relevantProduct=false,https://bilder.baur.de/i/empiriecom/fedc30f2c1ec815456c47a8d0214ea76.jpg
clothing,men,knit_jackets,x,x,clothing-men-knit_jackets,20230708-124-baur,de/clothing-men-knit_jackets.html,https://baur.de/p/marco-donati-strickjacke/AKLBB1712262774?nav-c=2217&sku=6154892170#nav-i=20&ref=mba&nav-p=P1&relevantProduct=false,https://bilder.baur.de/i/empiriecom/a61dee64437eef600e6862361999c672.jpg
