clothing,women,accessories,bags,x,clothing-women-accessories-bags,20230711-938-baur,de/clothing-women-accessories-bags.html,https://baur.de/p/joop-henkeltasche-cortina-1-0-ketty-handbag-shz-mit-herausehmbarer-reissverschluss-muenztasche/AKLBB1635280168?Page=L1&nav-c=1471&sku=3775786820#nav-i=71&ref=mba&nav-p=L1&relevantProduct=false,https://bilder.baur.de/i/empiriecom/54cc8356482e158310084a8a86772b67.jpg
clothing,women,accessories,bags,x,clothing-women-accessories-bags,20230711-845-baur,de/clothing-women-accessories-bags.html,https://baur.de/p/samantha-look-umhaengetasche-echt-leder-made-in-italy/AKLBB1531239008?Page=L1&nav-c=1471&sku=4358751699#nav-i=65&ref=mba&nav-p=L1&relevantProduct=false,https://bilder.baur.de/i/empiriecom/195a82cf568e2f11eb9e23f9a9dd60b4.jpg
clothing,women,accessories,bags,x,clothing-women-accessories-bags,20230711-842-baur,de/clothing-women-accessories-bags.html,https://baur.de/p/valentino-bags-umhaengetasche-bigs-mit-goldfarbenen-details/AKLBB1095279392?Page=L1&nav-c=1471&sku=2736100030#nav-i=12&ref=mba&nav-p=L1&relevantProduct=false,https://bilder.baur.de/i/empiriecom/774b7f0b9a82d62963876086d3eee7d9.jpg
clothing,women,accessories,bags,x,clothing-women-accessories-bags,20230711-823-baur,de/clothing-women-accessories-bags.html,https://baur.de/p/bruno-banani-geldboerse-echt-leder/AKLBB1691265478?Page=L1&nav-c=1471&sku=8133402999#nav-i=70&ref=mba&nav-p=L1&relevantProduct=false,https://bilder.baur.de/i/empiriecom/8d5d5604f3e8ca2ed0b43050f5a280c8.jpg
clothing,women,accessories,bags,x,clothing-women-accessories-bags,20230711-770-baur,de/clothing-women-accessories-bags.html,https://baur.de/p/bugatti-umhaengetasche-almata/AKLBB1769742697?Page=L1&nav-c=1471&sku=4254491999#nav-i=69&ref=mba&nav-p=L1&relevantProduct=false,https://bilder.baur.de/i/empiriecom/bad8f8b54f59545a5a79e19640944de6.jpg
clothing,women,accessories,bags,x,clothing-women-accessories-bags,20230711-763-baur,de/clothing-women-accessories-bags.html,https://baur.de/p/valentino-bags-clutch-divina/AKLBB1060494044?Page=L1&nav-c=1471&sku=30901871#nav-i=67&ref=mba&nav-p=L1&relevantProduct=false,https://bilder.baur.de/i/empiriecom/0e19d3cc12085e0f143185f1dedb1f24.jpg
clothing,women,accessories,bags,x,clothing-women-accessories-bags,20230711-685-baur,de/clothing-women-accessories-bags.html,https://baur.de/p/samantha-look-umhaengetasche-echt-leder-made-in-italy/AKLBB1512013960?Page=L1&nav-c=1471&sku=2213021799#nav-i=42&ref=mba&nav-p=L1&relevantProduct=false,https://bilder.baur.de/i/empiriecom/b7820f69349b7d82b9cacb63213c41de.jpg
clothing,women,accessories,bags,x,clothing-women-accessories-bags,20230711-659-baur,de/clothing-women-accessories-bags.html,https://baur.de/p/bruno-banani-geldboerse/AKLBB993179217?Page=L1&nav-c=1471&sku=1234635699#nav-i=40&ref=mba&nav-p=L1&relevantProduct=false,https://bilder.baur.de/i/empiriecom/bff6f4ed685531093c54f1cd9dfc90a2.jpg
clothing,women,accessories,bags,x,clothing-women-accessories-bags,20230711-593-baur,de/clothing-women-accessories-bags.html,https://baur.de/p/samantha-look-umhaengetasche-echt-leder-made-in-italy/AKLBB1519889505?Page=L1&nav-c=1471&sku=1704135399#nav-i=54&ref=mba&nav-p=L1&relevantProduct=false,https://bilder.baur.de/i/empiriecom/f4a3047cb1ca984b3cee6a8b50a4b718.jpg
clothing,women,accessories,bags,x,clothing-women-accessories-bags,20230711-586-baur,de/clothing-women-accessories-bags.html,https://baur.de/p/cluty-shopper-echt-leder-made-in-italy/AKLBB1767345069?Page=L1&nav-c=1471&sku=4189951199#nav-i=3&ref=mba&nav-p=L1&relevantProduct=false,https://bilder.baur.de/i/empiriecom/c99e986af92dd9b40205599613e2fda9.jpg
clothing,women,accessories,bags,x,clothing-women-accessories-bags,20230711-461-baur,de/clothing-women-accessories-bags.html,https://baur.de/p/jack-wolfskin-tagesrucksack-ancona/AKLBB1613752179?Page=L1&nav-c=1471&sku=3098356599#nav-i=66&ref=mba&nav-p=L1&relevantProduct=false,https://bilder.baur.de/i/empiriecom/19bb101fadd525a98fdeb1be5b7e2950.jpg
clothing,women,accessories,bags,x,clothing-women-accessories-bags,20230711-346-baur,de/clothing-women-accessories-bags.html,https://baur.de/p/bruno-banani-shopper-echt-leder/AKLBB1741213598?Page=L1&nav-c=1471&sku=8479992999#nav-i=10&ref=mba&nav-p=L1&relevantProduct=false,https://bilder.baur.de/i/empiriecom/bbfd6ba8cdff7de88a999e4a312226b4.jpg
clothing,women,accessories,bags,x,clothing-women-accessories-bags,20230711-330-baur,de/clothing-women-accessories-bags.html,https://baur.de/p/tom-tailor-hobo-caia-in-schlichter-optik/AKLBB1203347243?Page=L1&nav-c=1471&sku=5604610115#nav-i=9&ref=mba&nav-p=L1&relevantProduct=false,https://bilder.baur.de/i/empiriecom/e8ffc5cb4d55c34105b2df349d1d905d.jpg
clothing,women,accessories,bags,x,clothing-women-accessories-bags,20230711-307-baur,de/clothing-women-accessories-bags.html,https://baur.de/p/forty-henkeltasche-echt-leder-made-in-italy/AKLBB1406672007?Page=L1&nav-c=1471&sku=3212775199#nav-i=59&ref=mba&nav-p=L1&relevantProduct=false,https://bilder.baur.de/i/empiriecom/e85cd9c723b500736a6874ce1c4239cf.jpg
clothing,women,accessories,bags,x,clothing-women-accessories-bags,20230711-271-baur,de/clothing-women-accessories-bags.html,https://baur.de/p/forty-cityrucksack-echt-leder-made-in-italy/AKLBB1623586565?Page=L1&nav-c=1471&sku=9822555499#nav-i=6&ref=mba&nav-p=L1&relevantProduct=false,https://bilder.baur.de/i/empiriecom/a60e15b230f4a01bf1a5b7c4c5f24d55.jpg
clothing,women,accessories,bags,x,clothing-women-accessories-bags,20230711-160-baur,de/clothing-women-accessories-bags.html,https://baur.de/p/bruno-banani-henkeltasche/AKLBB1089120057?Page=L1&nav-c=1471&sku=8925003810#nav-i=58&ref=mba&nav-p=L1&relevantProduct=false,https://bilder.baur.de/i/empiriecom/8f266b29f1edebae16dd4b125301ccd9.jpg
clothing,women,accessories,bags,x,clothing-women-accessories-bags,20230711-116-baur,de/clothing-women-accessories-bags.html,https://baur.de/p/bruno-banani-geldboerse-echt-leder/AKLBB1691265517?Page=L1&nav-c=1471&sku=4254980199#nav-i=68&ref=mba&nav-p=L1&relevantProduct=false,https://bilder.baur.de/i/empiriecom/9a7e5c0aee1a3397dfc9f04726bef0c2.jpg
clothing,women,accessories,bags,x,clothing-women-accessories-bags,20230710-913-baur,de/clothing-women-accessories-bags.html,https://baur.de/p/valentino-bags-umhaengetasche-alexia-mit-goldfarbenen-details/AKLBB1406483194?Page=L1&nav-c=1471&sku=2556485891#nav-i=68&ref=mba&nav-p=L1&relevantProduct=false,https://bilder.baur.de/i/empiriecom/3d4e9ce648d1359ab127888816fb7429.jpg
clothing,women,accessories,bags,x,clothing-women-accessories-bags,20230710-845-baur,de/clothing-women-accessories-bags.html,https://baur.de/p/tommy-hilfiger-henkeltasche-th-chic-satchel-mit-drei-hauptfaechern/AKLBB1666649293?Page=L1&nav-c=1471&sku=4130300291#nav-i=23&ref=mba&nav-p=L1&relevantProduct=false,https://bilder.baur.de/i/empiriecom/6464deac510a494075aa9ef624be2b53.jpg
clothing,women,accessories,bags,x,clothing-women-accessories-bags,20230710-831-baur,de/clothing-women-accessories-bags.html,https://baur.de/p/tom-tailor-umhaengetasche-juna-mit-details-in-metallic-optik/AKLBB1339492180?Page=L1&nav-c=1471&sku=1623743032#nav-i=72&ref=mba&nav-p=L1&relevantProduct=false,https://bilder.baur.de/i/empiriecom/18e17f0fe2c29d67796a5b5b34b01c52.jpg
clothing,women,accessories,bags,x,clothing-women-accessories-bags,20230710-814-baur,de/clothing-women-accessories-bags.html,https://baur.de/p/tamaris-shopper-laureen-mit-abnehmbarem-schulterriemen/AKLBB1671556800?Page=L1&nav-c=1471&sku=7382184319#nav-i=50&ref=mba&nav-p=L1&relevantProduct=false,https://bilder.baur.de/i/empiriecom/4955932344cb2fa5c91e7912e3e1e2ee.jpg
clothing,women,accessories,bags,x,clothing-women-accessories-bags,20230710-769-baur,de/clothing-women-accessories-bags.html,https://baur.de/p/tommy-jeans-shopper-tjw-essential-tote-mit-schoenem-logo-schriftzug/AKLBB1666269416?Page=L1&nav-c=1471&sku=4031226148#nav-i=27&ref=mba&nav-p=L1&relevantProduct=false,https://bilder.baur.de/i/empiriecom/6c9b3b399d3e76a74c88c75c4493bca0.jpg
clothing,women,accessories,bags,x,clothing-women-accessories-bags,20230710-492-baur,de/clothing-women-accessories-bags.html,https://baur.de/p/samantha-look-umhaengetasche-echt-leder-made-in-italy/AKLBB1519889505?Page=L1&nav-c=1471&sku=6893173599#nav-i=69&ref=mba&nav-p=L1&relevantProduct=false,https://bilder.baur.de/i/empiriecom/ef828ae2593ee8cb21f6225c95b735c0.jpg
clothing,women,accessories,bags,x,clothing-women-accessories-bags,20230710-313-baur,de/clothing-women-accessories-bags.html,https://baur.de/p/bugatti-umhaengetasche-almata/AKLBB1769742697?Page=L1&nav-c=1471&sku=4139174999#nav-i=60&ref=mba&nav-p=L1&relevantProduct=false,https://bilder.baur.de/i/empiriecom/1fb156c01f09e37caa136c820f903688.jpg
clothing,women,accessories,bags,x,clothing-women-accessories-bags,20230710-189-baur,de/clothing-women-accessories-bags.html,https://baur.de/p/valentino-bags-umhaengetasche-pattie-mit-standfuesschen-aus-metall/AKLBB1642493043?Page=L1&nav-c=1471&sku=4575246315#nav-i=39&ref=mba&nav-p=L1&relevantProduct=false,https://bilder.baur.de/i/empiriecom/12c5b16c1c28af9540eed24e1a5bc649.jpg
clothing,women,accessories,bags,x,clothing-women-accessories-bags,20230709-935-baur,de/clothing-women-accessories-bags.html,https://baur.de/p/liebeskind-berlin-umhaengetasche-denim-aurora-aurora-xs-in-jeansoptik/AKLBB1672034606?Page=L1&nav-c=1471&sku=2532992222#nav-i=53&ref=mba&nav-p=L1&relevantProduct=false,https://bilder.baur.de/i/empiriecom/35b80760ae5e52d2f54db679ef96520a.jpg
clothing,women,accessories,bags,x,clothing-women-accessories-bags,20230709-888-baur,de/clothing-women-accessories-bags.html,https://baur.de/p/bruno-banani-umhaengetasche-echt-leder/AKLBB1526510506?Page=L1&nav-c=1471&sku=7307485599#nav-i=22&ref=mba&nav-p=L1&relevantProduct=false,https://bilder.baur.de/i/empiriecom/669deaa3f6418867e21bf74a95a203e9.jpg
clothing,women,accessories,bags,x,clothing-women-accessories-bags,20230709-882-baur,de/clothing-women-accessories-bags.html,https://baur.de/p/bugatti-umhaengetasche-passione/AKLBB1626832380?Page=L1&nav-c=1471&sku=7368316999#nav-i=58&ref=mba&nav-p=L1&relevantProduct=false,https://bilder.baur.de/i/empiriecom/25abe236b84ebb7ed79aaa44a9e263cf.jpg
clothing,women,accessories,bags,x,clothing-women-accessories-bags,20230709-827-baur,de/clothing-women-accessories-bags.html,https://baur.de/p/tamaris-umhaengetasche-anastasia-classic-mit-logo-anhaenger/AKLBB1488123339?Page=L1&nav-c=1471&sku=5081025348#nav-i=64&ref=mba&nav-p=L1&relevantProduct=false,https://bilder.baur.de/i/empiriecom/74448099e89c1c38b48594b2a702f32c.jpg
clothing,women,accessories,bags,x,clothing-women-accessories-bags,20230709-570-baur,de/clothing-women-accessories-bags.html,https://baur.de/p/joop-weekender-cortina-1-0-aurora-weekender-lhz-mit-abnehmbaren-umhaengeriemen/AKLBB1635280138?Page=L1&nav-c=1471&sku=8632033462#nav-i=62&ref=mba&nav-p=L1&relevantProduct=false,https://bilder.baur.de/i/empiriecom/7c55315ba3768e025b4609350ae3ee86.jpg
clothing,women,accessories,bags,x,clothing-women-accessories-bags,20230709-476-baur,de/clothing-women-accessories-bags.html,https://baur.de/p/tamaris-beuteltasche-anastasia-classic-mit-logo-anhaenger/AKLBB1331889237?Page=L1&nav-c=1471&sku=6352133646#nav-i=39&ref=mba&nav-p=L1&relevantProduct=false,https://bilder.baur.de/i/empiriecom/2688be99d876f039c939ac7c05735572.jpg
clothing,women,accessories,bags,x,clothing-women-accessories-bags,20230709-443-baur,de/clothing-women-accessories-bags.html,https://baur.de/p/heine-handytasche/AKLBB1687176822?Page=L1&nav-c=1471&sku=5098094197#nav-i=54&ref=mba&nav-p=L1&relevantProduct=false,https://bilder.baur.de/i/empiriecom/71d853224f679736b55e650d063cc52b.jpg
clothing,women,accessories,bags,x,clothing-women-accessories-bags,20230709-418-baur,de/clothing-women-accessories-bags.html,https://baur.de/p/harbour-2nd-geldboerse-serena-mit-rfid-technologie/AKLBB1670811801?Page=L1&nav-c=1471&sku=6157195066#nav-i=66&ref=mba&nav-p=L1&relevantProduct=false,https://bilder.baur.de/i/empiriecom/e9f8fa31a1c4dad578bd41416eff5275.jpg
clothing,women,accessories,bags,x,clothing-women-accessories-bags,20230709-328-baur,de/clothing-women-accessories-bags.html,https://baur.de/p/samantha-look-umhaengetasche-echt-leder-made-in-italy/AKLBB1512013960?Page=L1&nav-c=1471&sku=1740832599#nav-i=44&ref=mba&nav-p=L1&relevantProduct=false,https://bilder.baur.de/i/empiriecom/2772cca9afd6df2d696000d8fcd965bc.jpg
clothing,women,accessories,bags,x,clothing-women-accessories-bags,20230709-250-baur,de/clothing-women-accessories-bags.html,https://baur.de/p/cluty-henkeltasche-echt-leder-made-in-italy/AKLBB1609507030?Page=L1&nav-c=1471&sku=5845190799#nav-i=50&ref=mba&nav-p=L1&relevantProduct=false,https://bilder.baur.de/i/empiriecom/2a7cfb26cc4c546003ba9f0680bb68a0.jpg
clothing,women,accessories,bags,x,clothing-women-accessories-bags,20230709-235-baur,de/clothing-women-accessories-bags.html,https://baur.de/p/gabor-umhaengetasche-gela-cross-bag-m-in-schlichter-optik/AKLBB1585045977?Page=L1&nav-c=1471&sku=9402843282#nav-i=69&ref=mba&nav-p=L1&relevantProduct=false,https://bilder.baur.de/i/empiriecom/a24161ea7ed7ed3cf6211d2617f4b1dd.jpg
clothing,women,accessories,bags,x,clothing-women-accessories-bags,20230709-228-baur,de/clothing-women-accessories-bags.html,https://baur.de/p/emma-kelly-henkeltasche-mit-modischem-lasercut/AKLBB1405997832?Page=L1&nav-c=1471&sku=4742203799#nav-i=57&ref=mba&nav-p=L1&relevantProduct=false,https://bilder.baur.de/i/empiriecom/dfa1d976bf6a6fdb993f8f4acaff1bbb.jpg
clothing,women,accessories,bags,x,clothing-women-accessories-bags,20230709-224-baur,de/clothing-women-accessories-bags.html,https://baur.de/p/valentino-bags-beuteltasche-float-mit-goldfarbenen-metallbeschlaegen/AKLBB1665652456?Page=L1&nav-c=1471&sku=8955636756#nav-i=67&ref=mba&nav-p=L1&relevantProduct=false,https://bilder.baur.de/i/empiriecom/e6430ebf9903ec8c19ad48a45a082125.jpg
clothing,women,accessories,bags,x,clothing-women-accessories-bags,20230709-221-baur,de/clothing-women-accessories-bags.html,https://baur.de/p/rieker-cityrucksack-preston-mussurana-dipinto-aussergewoehnliches-design/AKLBB1680439714?Page=L1&nav-c=1471&sku=9300641036#nav-i=40&ref=mba&nav-p=L1&relevantProduct=false,https://bilder.baur.de/i/empiriecom/43bec5c839fe427b407b799f7673849b.jpg
clothing,women,accessories,bags,x,clothing-women-accessories-bags,20230709-147-baur,de/clothing-women-accessories-bags.html,https://baur.de/p/joop-jeans-umhaengetasche-lietissimo-jasmina-shoulderbag-shz-mit-separatem-etui/AKLBB1665065136?Page=L1&nav-c=1471&sku=7097012789#nav-i=60&ref=mba&nav-p=L1&relevantProduct=false,https://bilder.baur.de/i/empiriecom/3958d132cef732f2f115118461f7fb9d.jpg
clothing,women,accessories,bags,x,clothing-women-accessories-bags,20230709-133-baur,de/clothing-women-accessories-bags.html,https://baur.de/p/tom-tailor-shopper-miri-zip/AKLBB665516266?Page=L1&nav-c=1471&sku=9210446061#nav-i=46&ref=mba&nav-p=L1&relevantProduct=false,https://bilder.baur.de/i/empiriecom/d3a797e4315cb23fa664aaf79a75b66d.jpg
clothing,women,accessories,bags,x,clothing-women-accessories-bags,20230708-999-baur,de/clothing-women-accessories-bags.html,https://baur.de/p/samantha-look-shopper-echt-leder-made-in-italy/AKLBB1359648761?Page=L1&nav-c=1471&sku=9939964599#nav-i=2&ref=mba&nav-p=L1&relevantProduct=false,https://bilder.baur.de/i/empiriecom/4126b906ef3b7d0a709bbb502928f9aa.jpg
clothing,women,accessories,bags,x,clothing-women-accessories-bags,20230708-967-baur,de/clothing-women-accessories-bags.html,https://baur.de/p/samantha-look-umhaengetasche-echt-leder-made-in-italy/AKLBB1685587805?Page=L1&nav-c=1471&sku=5946805099#nav-i=27&ref=mba&nav-p=L1&relevantProduct=false,https://bilder.baur.de/i/empiriecom/b86cda13c636e4341aee5f61c5aa305a.jpg
clothing,women,accessories,bags,x,clothing-women-accessories-bags,20230708-967-baur,de/clothing-women-accessories-bags.html,https://baur.de/p/cluty-umhaengetasche/AKLBB1333634386?Page=L1&nav-c=1471&sku=9841955899#nav-i=32&ref=mba&nav-p=L1&relevantProduct=false,https://bilder.baur.de/i/empiriecom/c32431f9f0732650c8d84ebee0296ec6.jpg
clothing,women,accessories,bags,x,clothing-women-accessories-bags,20230708-963-baur,de/clothing-women-accessories-bags.html,https://baur.de/p/tom-tailor-hobo-caia-in-schlichter-optik/AKLBB1203347243?Page=L1&nav-c=1471&sku=5919203862#nav-i=7&ref=mba&nav-p=L1&relevantProduct=false,https://bilder.baur.de/i/empiriecom/b7742868fac7db7ded2763526e43ac2e.jpg
clothing,women,accessories,bags,x,clothing-women-accessories-bags,20230708-947-baur,de/clothing-women-accessories-bags.html,https://baur.de/p/cluty-umhaengetasche-echt-leder-made-in-italy/AKLBB1687823188?Page=L1&nav-c=1471&sku=9816412399#nav-i=66&ref=mba&nav-p=L1&relevantProduct=false,https://bilder.baur.de/i/empiriecom/14b3a8da2702ceb2ccb2a6d9bcbadda6.jpg
clothing,women,accessories,bags,x,clothing-women-accessories-bags,20230708-927-baur,de/clothing-women-accessories-bags.html,https://baur.de/p/harbour-2nd-cityrucksack-franka-auch-als-tasche-tragbar/AKLBB1254315879?Page=L1&nav-c=1471&sku=8129355857#nav-i=44&ref=mba&nav-p=L1&relevantProduct=false,https://bilder.baur.de/i/empiriecom/1ff412c333e19426999862aff8bad1ee.jpg
clothing,women,accessories,bags,x,clothing-women-accessories-bags,20230708-918-baur,de/clothing-women-accessories-bags.html,https://baur.de/p/tommy-hilfiger-shopper-tommy-life-tote-mit-schoenem-logo-schriftzug-auf-den-henkeln/AKLBB1666268533?Page=L1&nav-c=1471&sku=1958585935#nav-i=50&ref=mba&nav-p=L1&relevantProduct=false,https://bilder.baur.de/i/empiriecom/ca90678320d183b624ad522ffccd58a5.jpg
clothing,women,accessories,bags,x,clothing-women-accessories-bags,20230708-872-baur,de/clothing-women-accessories-bags.html,https://baur.de/p/tom-tailor-umhaengetasche-arlene-cross-bag-l-mit-geraeumigem-hauptfach/AKLBB1670244095?Page=L1&nav-c=1471&sku=7781211774#nav-i=35&ref=mba&nav-p=L1&relevantProduct=false,https://bilder.baur.de/i/empiriecom/c12b1498ec753c931669e10c728e43d0.jpg
clothing,women,accessories,bags,x,clothing-women-accessories-bags,20230708-860-baur,de/clothing-women-accessories-bags.html,https://baur.de/p/gabor-hobo-malu-mit-praktischem-reissverschluss-rueckfach/AKLBB1339491515?Page=L1&nav-c=1471&sku=6910106777#nav-i=67&ref=mba&nav-p=L1&relevantProduct=false,https://bilder.baur.de/i/empiriecom/63ab767ce89628716087e45de7b0bdaa.jpg
clothing,women,accessories,bags,x,clothing-women-accessories-bags,20230708-854-baur,de/clothing-women-accessories-bags.html,https://baur.de/p/camel-active-umhaengetasche/AKLBB1094700849?Page=L1&nav-c=1471&sku=9570743175#nav-i=24&ref=mba&nav-p=L1&relevantProduct=false,https://bilder.baur.de/i/empiriecom/3b32d65a2ed0895a21e68065986eb612.jpg
clothing,women,accessories,bags,x,clothing-women-accessories-bags,20230708-849-baur,de/clothing-women-accessories-bags.html,https://baur.de/p/tamaris-cityrucksack-anastasia/AKLBB948407319?Page=L1&nav-c=1471&sku=2965211757#nav-i=22&ref=mba&nav-p=L1&relevantProduct=false,https://bilder.baur.de/i/empiriecom/6c8d9db9ea1b29ea786f8c3df3218b27.jpg
clothing,women,accessories,bags,x,clothing-women-accessories-bags,20230708-830-baur,de/clothing-women-accessories-bags.html,https://baur.de/p/tom-tailor-shopper-jule-zip-shopper-l-reissverschluss-rueckfach/AKLBB1465291836?Page=L1&nav-c=1471&sku=7435841749#nav-i=71&ref=mba&nav-p=L1&relevantProduct=false,https://bilder.baur.de/i/empiriecom/e0ed94d5802d3a2e01bde96bc708c5d2.jpg
clothing,women,accessories,bags,x,clothing-women-accessories-bags,20230708-801-baur,de/clothing-women-accessories-bags.html,https://baur.de/p/forty-cityrucksack-echt-leder-made-in-italy/AKLBB1623586565?Page=L1&nav-c=1471&sku=7380213599#nav-i=15&ref=mba&nav-p=L1&relevantProduct=false,https://bilder.baur.de/i/empiriecom/71fcded441a2ab934e8df323b2cb77c0.jpg
clothing,women,accessories,bags,x,clothing-women-accessories-bags,20230708-780-baur,de/clothing-women-accessories-bags.html,https://baur.de/p/heine-beuteltasche/AKLBB1359658625?Page=L1&nav-c=1471&sku=3585893482#nav-i=62&ref=mba&nav-p=L1&relevantProduct=false,https://bilder.baur.de/i/empiriecom/d9031d5b5e58ac8d96f49168b7052afc.jpg
clothing,women,accessories,bags,x,clothing-women-accessories-bags,20230708-770-baur,de/clothing-women-accessories-bags.html,https://baur.de/p/harbour-2nd-schultertasche-mara-mit-typischen-marken-anker-label-und-schmuckanhaenger/AKLBB1596360454?Page=L1&nav-c=1471&sku=7831133118#nav-i=29&ref=mba&nav-p=L1&relevantProduct=false,https://bilder.baur.de/i/empiriecom/33034887258022c92d00734792ba9f30.jpg
clothing,women,accessories,bags,x,clothing-women-accessories-bags,20230708-755-baur,de/clothing-women-accessories-bags.html,https://baur.de/p/tom-tailor-shopper-miri-zip/AKLBB665516266?Page=L1&nav-c=1471&sku=8578705260#nav-i=28&ref=mba&nav-p=L1&relevantProduct=false,https://bilder.baur.de/i/empiriecom/c214faa11c8ac5247ed96575b408b769.jpg
clothing,women,accessories,bags,x,clothing-women-accessories-bags,20230708-753-baur,de/clothing-women-accessories-bags.html,https://baur.de/p/valentino-bags-mini-bag-divina-im-kleinen-format/AKLBB1215883381?Page=L1&nav-c=1471&sku=9173591466#nav-i=25&ref=mba&nav-p=L1&relevantProduct=false,https://bilder.baur.de/i/empiriecom/27e81cafd64a24d29ad94b9d27c50d41.jpg
clothing,women,accessories,bags,x,clothing-women-accessories-bags,20230708-729-baur,de/clothing-women-accessories-bags.html,https://baur.de/p/forty-shopper-echt-leder-made-in-italy/AKLBB1613029986?Page=L1&nav-c=1471&sku=4042005099#nav-i=20&ref=mba&nav-p=L1&relevantProduct=false,https://bilder.baur.de/i/empiriecom/978a905cce9123a3e6d74ea2cc5390e0.jpg
clothing,women,accessories,bags,x,clothing-women-accessories-bags,20230708-722-baur,de/clothing-women-accessories-bags.html,https://baur.de/p/bruno-banani-henkeltasche-mit-schmuckanhaenger-und-silberfarbenen-details/AKLBB658551249?Page=L1&nav-c=1471&sku=8610760783#nav-i=1&ref=mba&nav-p=L1&relevantProduct=false,https://bilder.baur.de/i/empiriecom/39bace3d8d2f96e582ac6d67c54f6b46.jpg
clothing,women,accessories,bags,x,clothing-women-accessories-bags,20230708-716-baur,de/clothing-women-accessories-bags.html,https://baur.de/p/valentino-bags-umhaengetasche-relax-mit-allover-logoprint/AKLBB1665652354?Page=L1&nav-c=1471&sku=5267250417#nav-i=17&ref=mba&nav-p=L1&relevantProduct=false,https://bilder.baur.de/i/empiriecom/3033ec6664474175e50ca05e878268f2.jpg
clothing,women,accessories,bags,x,clothing-women-accessories-bags,20230708-690-baur,de/clothing-women-accessories-bags.html,https://baur.de/p/bruno-banani-umhaengetasche-echt-leder/AKLBB1526510506?Page=L1&nav-c=1471&sku=6738721599#nav-i=37&ref=mba&nav-p=L1&relevantProduct=false,https://bilder.baur.de/i/empiriecom/54f046aaf4452fe1358af3efb4d3bc6f.jpg
clothing,women,accessories,bags,x,clothing-women-accessories-bags,20230708-685-baur,de/clothing-women-accessories-bags.html,https://baur.de/p/tom-tailor-denim-shopper-laurella-winter-zip-shopper-l-mit-grossem-logo-print/AKLBB1585046503?Page=L1&nav-c=1471&sku=2792761431#nav-i=65&ref=mba&nav-p=L1&relevantProduct=false,https://bilder.baur.de/i/empiriecom/1f3d3e3785d2f1ef5ccad9bd62dd245f.jpg
clothing,women,accessories,bags,x,clothing-women-accessories-bags,20230708-684-baur,de/clothing-women-accessories-bags.html,https://baur.de/p/harbour-2nd-umhaengetasche-b3-7599-al-isalie/AKLBB1016241563?Page=L1&nav-c=1471&sku=2286281084#nav-i=60&ref=mba&nav-p=L1&relevantProduct=false,https://bilder.baur.de/i/empiriecom/a93e1e68bd49543882a398269234d04b.jpg
clothing,women,accessories,bags,x,clothing-women-accessories-bags,20230708-682-baur,de/clothing-women-accessories-bags.html,https://baur.de/p/collezione-alessandro-umhaengetasche-betzi-aus-wertigem-lederfreien-material/AKLBB1706513860?Page=L1&nav-c=1471&sku=4392725393#nav-i=68&ref=mba&nav-p=L1&relevantProduct=false,https://bilder.baur.de/i/empiriecom/1af19b6fc70ab40bd721d65e8734ddd3.jpg
clothing,women,accessories,bags,x,clothing-women-accessories-bags,20230708-677-baur,de/clothing-women-accessories-bags.html,https://baur.de/p/liebeskind-berlin-geldboerse-alma-indian-sheep-pablita/AKLBB1672033354?Page=L1&nav-c=1471&sku=2736435046#nav-i=53&ref=mba&nav-p=L1&relevantProduct=false,https://bilder.baur.de/i/empiriecom/348e0ba0db1a4aef9a371a542e7c63a2.jpg
clothing,women,accessories,bags,x,clothing-women-accessories-bags,20230708-662-baur,de/clothing-women-accessories-bags.html,https://baur.de/p/tommy-jeans-shopper-tjw-essential-tote-mit-schoenem-logo-schriftzug/AKLBB1666269416?Page=L1&nav-c=1471&sku=7732651649#nav-i=69&ref=mba&nav-p=L1&relevantProduct=false,https://bilder.baur.de/i/empiriecom/ace939120a7c8e0c9800ce6b5f93c0ba.jpg
clothing,women,accessories,bags,x,clothing-women-accessories-bags,20230708-642-baur,de/clothing-women-accessories-bags.html,https://baur.de/p/samantha-look-guerteltasche-echt-leder-made-in-italy/AKLBB1730514969?Page=L1&nav-c=1471&sku=9882615199#nav-i=49&ref=mba&nav-p=L1&relevantProduct=false,https://bilder.baur.de/i/empiriecom/b4b50f3a3f0a83a0751c5d3c9df84480.jpg
clothing,women,accessories,bags,x,clothing-women-accessories-bags,20230708-636-baur,de/clothing-women-accessories-bags.html,https://baur.de/p/tommy-hilfiger-umhaengetasche-mit-th-emblem-vorne/AKLBB1710447609?Page=L1&nav-c=1471&sku=6471714218#nav-i=36&ref=mba&nav-p=L1&relevantProduct=false,https://bilder.baur.de/i/empiriecom/2a8559d27cba5f49843e6c45f1ac3c55.jpg
clothing,women,accessories,bags,x,clothing-women-accessories-bags,20230708-633-baur,de/clothing-women-accessories-bags.html,https://baur.de/p/heine-handtasche/AKLBB1754681935?Page=L1&nav-c=1471&sku=3584522862#nav-i=61&ref=mba&nav-p=L1&relevantProduct=false,https://bilder.baur.de/i/empiriecom/76efbb9a1fab2cf4185901ff78c0e356.jpg
clothing,women,accessories,bags,x,clothing-women-accessories-bags,20230708-631-baur,de/clothing-women-accessories-bags.html,https://baur.de/p/bruno-banani-geldboerse/AKLBB993179217?Page=L1&nav-c=1471&sku=5824665499#nav-i=43&ref=mba&nav-p=L1&relevantProduct=false,https://bilder.baur.de/i/empiriecom/60021e04f58cfe54ca26b328e135bb1a.jpg
clothing,women,accessories,bags,x,clothing-women-accessories-bags,20230708-627-baur,de/clothing-women-accessories-bags.html,https://baur.de/p/lascana-umhaengetasche/AKLBB1145554924?Page=L1&nav-c=1471&sku=2061734637#nav-i=70&ref=mba&nav-p=L1&relevantProduct=false,https://bilder.baur.de/i/empiriecom/f60b1f7d320d992f5da11bf59ab2ed31.jpg
clothing,women,accessories,bags,x,clothing-women-accessories-bags,20230708-610-baur,de/clothing-women-accessories-bags.html,https://baur.de/p/harbour-2nd-geldboerse-lina-mit-rfid-technologie/AKLBB1370092142?Page=L1&nav-c=1471&sku=7445302445#nav-i=52&ref=mba&nav-p=L1&relevantProduct=false,https://bilder.baur.de/i/empiriecom/d9e25d40d509e766d14b9a72f35e0d2c.jpg
clothing,women,accessories,bags,x,clothing-women-accessories-bags,20230708-607-baur,de/clothing-women-accessories-bags.html,https://baur.de/p/joop-jeans-handytasche-allegro-cestino-marleen-phonecase-lvz-mit-dekorativer-zierkette/AKLBB1665065205?Page=L1&nav-c=1471&sku=4603983979#nav-i=58&ref=mba&nav-p=L1&relevantProduct=false,https://bilder.baur.de/i/empiriecom/2633114974b516f82a01fb3c37e36684.jpg
clothing,women,accessories,bags,x,clothing-women-accessories-bags,20230708-560-baur,de/clothing-women-accessories-bags.html,https://baur.de/p/valentino-bags-shopper-liuto/AKLBB836335048?Page=L1&nav-c=1471&sku=1634692545#nav-i=12&ref=mba&nav-p=L1&relevantProduct=false,https://bilder.baur.de/i/empiriecom/773b22897d23f96979f09bff42e603f9.jpg
clothing,women,accessories,bags,x,clothing-women-accessories-bags,20230708-481-baur,de/clothing-women-accessories-bags.html,https://baur.de/p/tom-tailor-umhaengetasche-melany-cross-bag-m-mit-praktischem-reissverschluss-rueckfach/AKLBB1465292064?Page=L1&nav-c=1471&sku=3337836955#nav-i=39&ref=mba&nav-p=L1&relevantProduct=false,https://bilder.baur.de/i/empiriecom/777ca2e8204244e4007927f51b8f2941.jpg
clothing,women,accessories,bags,x,clothing-women-accessories-bags,20230708-474-baur,de/clothing-women-accessories-bags.html,https://baur.de/p/tom-tailor-umhaengetasche-imeri/AKLBB824576375?Page=L1&nav-c=1471&sku=3105844761#nav-i=45&ref=mba&nav-p=L1&relevantProduct=false,https://bilder.baur.de/i/empiriecom/711841eef6c14d5167d4e1011905c288.jpg
clothing,women,accessories,bags,x,clothing-women-accessories-bags,20230708-456-baur,de/clothing-women-accessories-bags.html,https://baur.de/p/bugatti-henkeltasche-ella-1-tlg/AKLBB1217851875?Page=L1&nav-c=1471&sku=5429416599#nav-i=26&ref=mba&nav-p=L1&relevantProduct=false,https://bilder.baur.de/i/empiriecom/b1d7f549736a61210dbcfacfe29aadc0.jpg
clothing,women,accessories,bags,x,clothing-women-accessories-bags,20230708-438-baur,de/clothing-women-accessories-bags.html,https://baur.de/p/chiemsee-umhaengetasche-in-schlichter-optik/AKLBB1349237514?Page=L1&nav-c=1471&sku=6497813893#nav-i=31&ref=mba&nav-p=L1&relevantProduct=false,https://bilder.baur.de/i/empiriecom/e3ccc3cea66e64c6b6e102528997444b.jpg
clothing,women,accessories,bags,x,clothing-women-accessories-bags,20230708-420-baur,de/clothing-women-accessories-bags.html,https://baur.de/p/tom-tailor-schultertasche-juna/AKLBB665517604?Page=L1&nav-c=1471&sku=4599156765#nav-i=46&ref=mba&nav-p=L1&relevantProduct=false,https://bilder.baur.de/i/empiriecom/f66cb2eccdb21bf9b1a522a43e0eaa62.jpg
clothing,women,accessories,bags,x,clothing-women-accessories-bags,20230708-394-baur,de/clothing-women-accessories-bags.html,https://baur.de/p/cluty-cityrucksack/AKLBB1282687048?Page=L1&nav-c=1471&sku=5673350099#nav-i=33&ref=mba&nav-p=L1&relevantProduct=false,https://bilder.baur.de/i/empiriecom/f6b698028f827ab73eb82f9bfd3d06ad.jpg
clothing,women,accessories,bags,x,clothing-women-accessories-bags,20230708-378-baur,de/clothing-women-accessories-bags.html,https://baur.de/p/cluty-cityrucksack-echt-leder-made-in-italy/AKLBB1620266890?Page=L1&nav-c=1471&sku=2829830299#nav-i=63&ref=mba&nav-p=L1&relevantProduct=false,https://bilder.baur.de/i/empiriecom/a31b84079e3a21cac87d5f930ab4a9a5.jpg
clothing,women,accessories,bags,x,clothing-women-accessories-bags,20230708-359-baur,de/clothing-women-accessories-bags.html,https://baur.de/p/cluty-cityrucksack/AKLBB961349642?Page=L1&nav-c=1471&sku=4411710299#nav-i=16&ref=mba&nav-p=L1&relevantProduct=false,https://bilder.baur.de/i/empiriecom/4d963dd72024a906a9716473ac94a8cf.jpg
clothing,women,accessories,bags,x,clothing-women-accessories-bags,20230708-358-baur,de/clothing-women-accessories-bags.html,https://baur.de/p/bruno-banani-shopper-echt-leder/AKLBB1748166278?Page=L1&nav-c=1471&sku=5254992099#nav-i=19&ref=mba&nav-p=L1&relevantProduct=false,https://bilder.baur.de/i/empiriecom/bd8eefd3d70dce3f295d50ab2e33d11e.jpg
clothing,women,accessories,bags,x,clothing-women-accessories-bags,20230708-331-baur,de/clothing-women-accessories-bags.html,https://baur.de/p/tom-tailor-shopper-renee-zip-shopper-xl-im-schlichten-design/AKLBB1670242776?Page=L1&nav-c=1471&sku=8587090521#nav-i=57&ref=mba&nav-p=L1&relevantProduct=false,https://bilder.baur.de/i/empiriecom/c50dd917a70240661f157247d9380ea3.jpg
clothing,women,accessories,bags,x,clothing-women-accessories-bags,20230708-317-baur,de/clothing-women-accessories-bags.html,https://baur.de/p/gabor-umhaengetasche-ina/AKLBB820251065?Page=L1&nav-c=1471&sku=3935185536#nav-i=13&ref=mba&nav-p=L1&relevantProduct=false,https://bilder.baur.de/i/empiriecom/f1b57870e9bfcf30fedea86bd6593483.jpg
clothing,women,accessories,bags,x,clothing-women-accessories-bags,20230708-294-baur,de/clothing-women-accessories-bags.html,https://baur.de/p/bruno-banani-shopper-echt-leder/AKLBB1741213598?Page=L1&nav-c=1471&sku=1499574499#nav-i=8&ref=mba&nav-p=L1&relevantProduct=false,https://bilder.baur.de/i/empiriecom/f6b1e40ea1f7c5a3276c4e649f3411a3.jpg
clothing,women,accessories,bags,x,clothing-women-accessories-bags,20230708-257-baur,de/clothing-women-accessories-bags.html,https://baur.de/p/tom-tailor-shopper-liza-zip-shopper-l-mit-reissverschluss-rueckfach/AKLBB1585047306?Page=L1&nav-c=1471&sku=1363554724#nav-i=72&ref=mba&nav-p=L1&relevantProduct=false,https://bilder.baur.de/i/empiriecom/667f1b0e28b8840a37f41c266ca78ab3.jpg
clothing,women,accessories,bags,x,clothing-women-accessories-bags,20230708-254-baur,de/clothing-women-accessories-bags.html,https://baur.de/p/gabor-cityrucksack-barina/AKLBB1201812061?Page=L1&nav-c=1471&sku=6213876594#nav-i=11&ref=mba&nav-p=L1&relevantProduct=false,https://bilder.baur.de/i/empiriecom/29662748221577980372253b936a4cb6.jpg
clothing,women,accessories,bags,x,clothing-women-accessories-bags,20230708-237-baur,de/clothing-women-accessories-bags.html,https://baur.de/p/bruno-banani-geldboerse-echt-leder/AKLBB1498383380?Page=L1&nav-c=1471&sku=1683443799#nav-i=51&ref=mba&nav-p=L1&relevantProduct=false,https://bilder.baur.de/i/empiriecom/b7d38b716db570eeb9ee9ffdd01a0594.jpg
clothing,women,accessories,bags,x,clothing-women-accessories-bags,20230708-230-baur,de/clothing-women-accessories-bags.html,https://baur.de/p/samantha-look-umhaengetasche-echt-leder-made-in-italy/AKLBB1691265847?Page=L1&nav-c=1471&sku=7519471399#nav-i=59&ref=mba&nav-p=L1&relevantProduct=false,https://bilder.baur.de/i/empiriecom/19a24d2cc92de8351ad9a625ba1fbe64.jpg
clothing,women,accessories,bags,x,clothing-women-accessories-bags,20230708-213-baur,de/clothing-women-accessories-bags.html,https://baur.de/p/tommy-hilfiger-henkeltasche-th-chic-satchel-mit-drei-hauptfaechern/AKLBB1666649293?Page=L1&nav-c=1471&sku=5552162014#nav-i=41&ref=mba&nav-p=L1&relevantProduct=false,https://bilder.baur.de/i/empiriecom/6f11f968ee45e036b692e6611a6dc99d.jpg
clothing,women,accessories,bags,x,clothing-women-accessories-bags,20230708-134-baur,de/clothing-women-accessories-bags.html,https://baur.de/p/cluty-shopper-echt-leder-made-in-italy/AKLBB1767345069?Page=L1&nav-c=1471&sku=4975515699#nav-i=3&ref=mba&nav-p=L1&relevantProduct=false,https://bilder.baur.de/i/empiriecom/646971bed2ad91af2d88ba7393cf9a99.jpg
clothing,women,accessories,bags,x,clothing-women-accessories-bags,20230708-118-baur,de/clothing-women-accessories-bags.html,https://baur.de/p/tom-tailor-umhaengetasche-lary/AKLBB553821880?Page=L1&nav-c=1471&sku=50611494#nav-i=9&ref=mba&nav-p=L1&relevantProduct=false,https://bilder.baur.de/i/empiriecom/3c5c4d1a1155f91c5ac6c9f6392688e2.jpg
clothing,women,accessories,bags,x,clothing-women-accessories-bags,20230708-115-baur,de/clothing-women-accessories-bags.html,https://baur.de/p/cluty-henkeltasche-echt-leder-made-in-italy/AKLBB1609507030?Page=L1&nav-c=1471&sku=5329844899#nav-i=34&ref=mba&nav-p=L1&relevantProduct=false,https://bilder.baur.de/i/empiriecom/c091e2792cd56ff2997850506456f58b.jpg
clothing,women,accessories,bags,x,clothing-women-accessories-bags,20230708-110-baur,de/clothing-women-accessories-bags.html,https://baur.de/p/joop-umhaengetasche-sofisticato-1-0-isabella-shoulderbag-xshz-in-schlichtem-design/AKLBB1665065733?Page=L1&nav-c=1471&sku=1361490519#nav-i=54&ref=mba&nav-p=L1&relevantProduct=false,https://bilder.baur.de/i/empiriecom/d9ade3f0de06b9fe184a5685eba7364b.jpg
clothing,women,accessories,bags,x,clothing-women-accessories-bags,20230708-100-baur,de/clothing-women-accessories-bags.html,https://baur.de/p/forty-henkeltasche-echt-leder-made-in-italy/AKLBB1406672007?Page=L1&nav-c=1471&sku=6885560799#nav-i=40&ref=mba&nav-p=L1&relevantProduct=false,https://bilder.baur.de/i/empiriecom/b30629fe939d16a111e94a22c5bfdfb4.jpg
