clothing,women,accessories,accessories,x,clothing-women-accessories-accessories,20230709-944-baur,de/clothing-women-accessories-accessories.html,https://baur.de/p/bernd-goetz-lederguertel-silberne-dornschliesse-hufeisenform/AKLBB1661904517?Page=L1&nav-c=1167&sku=5719086486#nav-i=51&ref=mba&nav-p=L1&relevantProduct=false,https://bilder.baur.de/i/empiriecom/bfd40b8b45d81b76d478b00ff817fa49.jpg
clothing,women,accessories,accessories,x,clothing-women-accessories-accessories,20230709-872-baur,de/clothing-women-accessories-accessories.html,https://baur.de/p/puma-flex-cap-archive-logo-baseball-cap-erwachsene/AKLBB1673356382?Page=L1&nav-c=1167&sku=4715861093#nav-i=45&ref=mba&nav-p=L1&relevantProduct=false,https://bilder.baur.de/i/empiriecom/5d7955daab72bc72eee74073d4f692ea.jpg
clothing,women,accessories,accessories,x,clothing-women-accessories-accessories,20230709-816-baur,de/clothing-women-accessories-accessories.html,https://baur.de/p/mustang-lederguertel-mit-gepraegtem-mustang-logo-auf-der-schlaufe/AKLBB1336671106?Page=L1&nav-c=1167&sku=9113461621#nav-i=67&ref=mba&nav-p=L1&relevantProduct=false,https://bilder.baur.de/i/empiriecom/dd888a547e40b5f690a966d774877407.jpg
clothing,women,accessories,accessories,x,clothing-women-accessories-accessories,20230709-762-baur,de/clothing-women-accessories-accessories.html,https://baur.de/p/bernd-goetz-stoffguertel-komfortabler-leichter-stretcheffekt/AKLBB1582330145?Page=L1&nav-c=1167&sku=7489330467#nav-i=49&ref=mba&nav-p=L1&relevantProduct=false,https://bilder.baur.de/i/empiriecom/687704d2d0d9299033f3e61b077c178a.jpg
clothing,women,accessories,accessories,x,clothing-women-accessories-accessories,20230709-758-baur,de/clothing-women-accessories-accessories.html,https://baur.de/p/venice-beach-sonnenbrille/AKLBB1631925495?Page=L1&nav-c=1167&sku=1394341320#nav-i=71&ref=mba&nav-p=L1&relevantProduct=false,https://bilder.baur.de/i/empiriecom/bc1cd4815359f94b4542e06e9791814c.jpg
clothing,women,accessories,accessories,x,clothing-women-accessories-accessories,20230709-679-baur,de/clothing-women-accessories-accessories.html,https://baur.de/p/bernd-goetz-lederguertel-rechteckige-mattsilberne-dornschliesse/AKLBB1582325174?Page=L1&nav-c=1167&sku=6198186513#nav-i=70&ref=mba&nav-p=L1&relevantProduct=false,https://bilder.baur.de/i/empiriecom/c66775d3ea8c51a18024143af8926b07.jpg
clothing,women,accessories,accessories,x,clothing-women-accessories-accessories,20230709-543-baur,de/clothing-women-accessories-accessories.html,https://baur.de/p/annamatoni-lederguertel/AKLBB1629765211?Page=L1&nav-c=1167&sku=9072476916#nav-i=29&ref=mba&nav-p=L1&relevantProduct=false,https://bilder.baur.de/i/empiriecom/cadf8ce03f547c4a6da5c8a5dc276e9c.jpg
clothing,women,accessories,accessories,x,clothing-women-accessories-accessories,20230709-485-baur,de/clothing-women-accessories-accessories.html,https://baur.de/p/marc-opolo-sonnenbrille-modell-506196-karree-form/AKLBB1716980607?Page=L1&nav-c=1167&sku=2930696812#nav-i=64&ref=mba&nav-p=L1&relevantProduct=false,https://bilder.baur.de/i/empiriecom/23827913b0950a485ec97cd20b070dcd.jpg
clothing,women,accessories,accessories,x,clothing-women-accessories-accessories,20230709-458-baur,de/clothing-women-accessories-accessories.html,https://baur.de/p/adidas-performance-baseball-cap-baseball-3streifen-cotton-twill-baseball-kappe/AKLBB1687862663?Page=L1&nav-c=1167&sku=5344192288#nav-i=56&ref=mba&nav-p=L1&relevantProduct=false,https://bilder.baur.de/i/empiriecom/5e8854b5e0bea6ee770e2ba89fd26c8f.jpg
clothing,women,accessories,accessories,x,clothing-women-accessories-accessories,20230709-450-baur,de/clothing-women-accessories-accessories.html,https://baur.de/p/barts-pareo-roula/AKLBB1669580517?Page=L1&nav-c=1167&sku=7519382713#nav-i=63&ref=mba&nav-p=L1&relevantProduct=false,https://bilder.baur.de/i/empiriecom/e6fef6c268d10ebfbcee4010175e12ee.jpg
clothing,women,accessories,accessories,x,clothing-women-accessories-accessories,20230709-433-baur,de/clothing-women-accessories-accessories.html,https://baur.de/p/lascana-taillenguertel-aus-weichem-veloursleder-zum-binden/AKLBB1243470500?Page=L1&nav-c=1167&sku=1274572371#nav-i=6&ref=mba&nav-p=L1&relevantProduct=false,https://bilder.baur.de/i/empiriecom/11059ffa1c6f541bcdf96579652b27c4.jpg
clothing,women,accessories,accessories,x,clothing-women-accessories-accessories,20230709-432-baur,de/clothing-women-accessories-accessories.html,https://baur.de/p/barts-strohhut-celery-hat/AKLBB1669580594?Page=L1&nav-c=1167&sku=6723395458#nav-i=68&ref=mba&nav-p=L1&relevantProduct=false,https://bilder.baur.de/i/empiriecom/eb1ba3bca9d6968525bcfc1135d72142.jpg
clothing,women,accessories,accessories,x,clothing-women-accessories-accessories,20230709-405-baur,de/clothing-women-accessories-accessories.html,https://baur.de/p/annamatoni-lederguertel-mit-satinierter-eckiger-schlichter-guertelschliesse/AKLBB1349757981?Page=L1&nav-c=1167&sku=8998655247#nav-i=42&ref=mba&nav-p=L1&relevantProduct=false,https://bilder.baur.de/i/empiriecom/5e89f9f5c624381bcb8596348b5cca62.jpg
clothing,women,accessories,accessories,x,clothing-women-accessories-accessories,20230709-303-baur,de/clothing-women-accessories-accessories.html,https://baur.de/p/bernd-goetz-lederguertel/AKLBB1332323138?Page=L1&nav-c=1167&sku=9119862266#nav-i=72&ref=mba&nav-p=L1&relevantProduct=false,https://bilder.baur.de/i/empiriecom/cae4bcf4bd73bf0403576541471e2133.jpg
clothing,women,accessories,accessories,x,clothing-women-accessories-accessories,20230709-295-baur,de/clothing-women-accessories-accessories.html,https://baur.de/p/lascana-taillenguertel-mit-modischer-schnalle/AKLBB1556897000?Page=L1&nav-c=1167&sku=5081034334#nav-i=14&ref=mba&nav-p=L1&relevantProduct=false,https://bilder.baur.de/i/empiriecom/72832f86128bc2365968eb25e9c2f726.jpg
clothing,women,accessories,accessories,x,clothing-women-accessories-accessories,20230709-264-baur,de/clothing-women-accessories-accessories.html,https://baur.de/p/lascana-taillenguertel-aus-weichem-leder-zum-binden/AKLBB1239738494?Page=L1&nav-c=1167&sku=1695402424#nav-i=9&ref=mba&nav-p=L1&relevantProduct=false,https://bilder.baur.de/i/empiriecom/33b307878c36a6d0780eb5ae4ff127a6.jpg
clothing,women,accessories,accessories,x,clothing-women-accessories-accessories,20230709-205-baur,de/clothing-women-accessories-accessories.html,https://baur.de/p/lascana-taillenguertel-in-haekel-optik/AKLBB1510140416?Page=L1&nav-c=1167&sku=4676256670#nav-i=30&ref=mba&nav-p=L1&relevantProduct=false,https://bilder.baur.de/i/empiriecom/daa07baadb8696127347f62036fd1505.jpg
clothing,women,accessories,accessories,x,clothing-women-accessories-accessories,20230709-176-baur,de/clothing-women-accessories-accessories.html,https://baur.de/p/natascha-ochsenknecht-sonnenbrille-sweet-mavie/AKLBB1685600285?Page=L1&nav-c=1167&sku=9417806846#nav-i=66&ref=mba&nav-p=L1&relevantProduct=false,https://bilder.baur.de/i/empiriecom/1e2c32b6b4d58b1f1c60be0c76c880a1.jpg
clothing,women,accessories,accessories,x,clothing-women-accessories-accessories,20230709-105-baur,de/clothing-women-accessories-accessories.html,https://baur.de/p/lascana-taillenguertel-zum-binden-vegan/AKLBB1243486727?Page=L1&nav-c=1167&sku=2197551160#nav-i=60&ref=mba&nav-p=L1&relevantProduct=false,https://bilder.baur.de/i/empiriecom/9829916d5c30a706f5497db1c7ebf6a2.jpg
clothing,women,accessories,accessories,x,clothing-women-accessories-accessories,20230708-995-baur,de/clothing-women-accessories-accessories.html,https://baur.de/p/lascana-hueftguertel-im-metallic-look-vegan/AKLBB701263874?Page=L1&nav-c=1167&sku=6063852167#nav-i=38&ref=mba&nav-p=L1&relevantProduct=false,https://bilder.baur.de/i/empiriecom/d6dd7abdd1e0d992f7d9d4a78fc32222.jpg
clothing,women,accessories,accessories,x,clothing-women-accessories-accessories,20230708-971-baur,de/clothing-women-accessories-accessories.html,https://baur.de/p/collezione-alessandro-modeschal-blumen-1-st-mit-seidenanteil-made-in-italy/AKLBB1738046491?Page=L1&nav-c=1167&sku=2041726993#nav-i=31&ref=mba&nav-p=L1&relevantProduct=false,https://bilder.baur.de/i/empiriecom/3ee86a1099bdbb8467b6d40ad57fd839.jpg
clothing,women,accessories,accessories,x,clothing-women-accessories-accessories,20230708-936-baur,de/clothing-women-accessories-accessories.html,https://baur.de/p/lascana-taillenguertel-mit-goldenen-details-vegan/AKLBB1252927372?Page=L1&nav-c=1167&sku=7830386913#nav-i=57&ref=mba&nav-p=L1&relevantProduct=false,https://bilder.baur.de/i/empiriecom/258129a0557ab8e93cddcade1d0a6a7d.jpg
clothing,women,accessories,accessories,x,clothing-women-accessories-accessories,20230708-924-baur,de/clothing-women-accessories-accessories.html,https://baur.de/p/h-i-s-lederguertel/AKLBB1476537216?Page=L1&nav-c=1167&sku=1353233851#nav-i=64&ref=mba&nav-p=L1&relevantProduct=false,https://bilder.baur.de/i/empiriecom/ac3326717b871bb12d1d03732b4192a5.jpg
clothing,women,accessories,accessories,x,clothing-women-accessories-accessories,20230708-916-baur,de/clothing-women-accessories-accessories.html,https://baur.de/p/heine-lederguertel/AKLBB1359656951?Page=L1&nav-c=1167&sku=7221103090#nav-i=29&ref=mba&nav-p=L1&relevantProduct=false,https://bilder.baur.de/i/empiriecom/f906d7777206f2a3192397605e9d158e.jpg
clothing,women,accessories,accessories,x,clothing-women-accessories-accessories,20230708-916-baur,de/clothing-women-accessories-accessories.html,https://baur.de/p/puma-flex-cap-archive-logo-baseball-cap-erwachsene/AKLBB1673356382?Page=L1&nav-c=1167&sku=2021721093#nav-i=35&ref=mba&nav-p=L1&relevantProduct=false,https://bilder.baur.de/i/empiriecom/0115dff58e8f9eb358fdae7796827950.jpg
clothing,women,accessories,accessories,x,clothing-women-accessories-accessories,20230708-914-baur,de/clothing-women-accessories-accessories.html,https://baur.de/p/barts-sonnenhut-ponui-hat/AKLBB1669580577?Page=L1&nav-c=1167&sku=8559613442#nav-i=44&ref=mba&nav-p=L1&relevantProduct=false,https://bilder.baur.de/i/empiriecom/08fde5da8d6e95543f6ca082666efc6a.jpg
clothing,women,accessories,accessories,x,clothing-women-accessories-accessories,20230708-885-baur,de/clothing-women-accessories-accessories.html,https://baur.de/p/tom-tailor-lederguertel/AKLBB904643855?Page=L1&nav-c=1167&sku=2446632480#nav-i=50&ref=mba&nav-p=L1&relevantProduct=false,https://bilder.baur.de/i/empiriecom/f60ee81c33a6e65d7a859ace2fa9906e.jpg
clothing,women,accessories,accessories,x,clothing-women-accessories-accessories,20230708-882-baur,de/clothing-women-accessories-accessories.html,https://baur.de/p/collezione-alessandro-taillenguertel-alpha-zum-binden-aus-rindsleder-ca-250cm-laenge/AKLBB889631995?Page=L1&nav-c=1167&sku=1030632799#nav-i=7&ref=mba&nav-p=L1&relevantProduct=false,https://bilder.baur.de/i/empiriecom/cdd83489c27ed31d737e8b2f82dd1591.jpg
clothing,women,accessories,accessories,x,clothing-women-accessories-accessories,20230708-873-baur,de/clothing-women-accessories-accessories.html,https://baur.de/p/annamatoni-lederguertel-koppelschliesse-mit-doppelringen/AKLBB1684940765?Page=L1&nav-c=1167&sku=3662193328#nav-i=55&ref=mba&nav-p=L1&relevantProduct=false,https://bilder.baur.de/i/empiriecom/a2b24b909358b71a83cd4115c77bb778.jpg
clothing,women,accessories,accessories,x,clothing-women-accessories-accessories,20230708-870-baur,de/clothing-women-accessories-accessories.html,https://baur.de/p/lascana-taillenguertel-in-haekel-optik/AKLBB1510140416?Page=L1&nav-c=1167&sku=9918743026#nav-i=36&ref=mba&nav-p=L1&relevantProduct=false,https://bilder.baur.de/i/empiriecom/d90094e86319d2afec6b269827a16003.jpg
clothing,women,accessories,accessories,x,clothing-women-accessories-accessories,20230708-843-baur,de/clothing-women-accessories-accessories.html,https://baur.de/p/collezione-alessandro-taillenguertel-summertime-aus-weichem-material-zum-binden/AKLBB1159823492?Page=L1&nav-c=1167&sku=2495353199#nav-i=12&ref=mba&nav-p=L1&relevantProduct=false,https://bilder.baur.de/i/empiriecom/a4e5313efbcf6fe9b6a2fb7b9bb470e1.jpg
clothing,women,accessories,accessories,x,clothing-women-accessories-accessories,20230708-835-baur,de/clothing-women-accessories-accessories.html,https://baur.de/p/lascana-taillenguertel-stretchguertel-mit-ring-verschluss-vegan/AKLBB1235603973?Page=L1&nav-c=1167&sku=1231433174#nav-i=60&ref=mba&nav-p=L1&relevantProduct=false,https://bilder.baur.de/i/empiriecom/76e6bbf89b965a067dd8b24700fe9848.jpg
clothing,women,accessories,accessories,x,clothing-women-accessories-accessories,20230708-822-baur,de/clothing-women-accessories-accessories.html,https://baur.de/p/lascana-taillenguertel-aus-weichem-veloursleder-zum-binden/AKLBB1243470500?Page=L1&nav-c=1167&sku=3057260742#nav-i=2&ref=mba&nav-p=L1&relevantProduct=false,https://bilder.baur.de/i/empiriecom/8b7a266bed833aff2294f51ebb460b4d.jpg
clothing,women,accessories,accessories,x,clothing-women-accessories-accessories,20230708-804-baur,de/clothing-women-accessories-accessories.html,https://baur.de/p/marc-opolo-sonnenbrille-modell-506185-panto-form/AKLBB1716980511?Page=L1&nav-c=1167&sku=2022085084#nav-i=53&ref=mba&nav-p=L1&relevantProduct=false,https://bilder.baur.de/i/empiriecom/5f741d5001abf9874c2c547260afd23a.jpg
clothing,women,accessories,accessories,x,clothing-women-accessories-accessories,20230708-799-baur,de/clothing-women-accessories-accessories.html,https://baur.de/p/lascana-taillenguertel-elastisch-mit-grosser-modischer-ringschliesse/AKLBB1303999822?Page=L1&nav-c=1167&sku=5132571573#nav-i=19&ref=mba&nav-p=L1&relevantProduct=false,https://bilder.baur.de/i/empiriecom/b781c9ad46c25910ac834ab7cb74febc.jpg
clothing,women,accessories,accessories,x,clothing-women-accessories-accessories,20230708-793-baur,de/clothing-women-accessories-accessories.html,https://baur.de/p/collezione-alessandro-sonnenhut-havanna-1-st-made-in-italy/AKLBB1678520738?Page=L1&nav-c=1167&sku=3629404493#nav-i=37&ref=mba&nav-p=L1&relevantProduct=false,https://bilder.baur.de/i/empiriecom/e1ba29645793140d68da0e0037becc28.jpg
clothing,women,accessories,accessories,x,clothing-women-accessories-accessories,20230708-783-baur,de/clothing-women-accessories-accessories.html,https://baur.de/p/his-eyewear-sonnenbrille/AKLBB1518302234?Page=L1&nav-c=1167&sku=8954723427#nav-i=17&ref=mba&nav-p=L1&relevantProduct=false,https://bilder.baur.de/i/empiriecom/4a5ce7ef441c1f2e07ec93fd2d2ec0e7.jpg
clothing,women,accessories,accessories,x,clothing-women-accessories-accessories,20230708-778-baur,de/clothing-women-accessories-accessories.html,https://baur.de/p/silbergift-lederguertel-nietenguertel-mit-multitcolour-nieten/AKLBB1661935797?Page=L1&nav-c=1167&sku=2040271480#nav-i=68&ref=mba&nav-p=L1&relevantProduct=false,https://bilder.baur.de/i/empiriecom/c4d1bde29b6458165f3c43e4c1493978.jpg
clothing,women,accessories,accessories,x,clothing-women-accessories-accessories,20230708-773-baur,de/clothing-women-accessories-accessories.html,https://baur.de/p/capelli-new-york-strohhut-haekel-optik/AKLBB1698469044?Page=L1&nav-c=1167&sku=8932165492#nav-i=32&ref=mba&nav-p=L1&relevantProduct=false,https://bilder.baur.de/i/empiriecom/c69c5172a424b4c67cf9ce6f031af3df.jpg
clothing,women,accessories,accessories,x,clothing-women-accessories-accessories,20230708-762-baur,de/clothing-women-accessories-accessories.html,https://baur.de/p/capelli-new-york-schlapphut/AKLBB1698469016?Page=L1&nav-c=1167&sku=8957795631#nav-i=51&ref=mba&nav-p=L1&relevantProduct=false,https://bilder.baur.de/i/empiriecom/fa5f8cc8dd3a454471d3aafbe7227786.jpg
clothing,women,accessories,accessories,x,clothing-women-accessories-accessories,20230708-729-baur,de/clothing-women-accessories-accessories.html,https://baur.de/p/silbergift-lederguertel-lederguertel-mit-dekorativer-symmetrischer-schliesse/AKLBB1661914374?Page=L1&nav-c=1167&sku=1176420543#nav-i=28&ref=mba&nav-p=L1&relevantProduct=false,https://bilder.baur.de/i/empiriecom/1bab57416a65cd526b02090b9e725f96.jpg
clothing,women,accessories,accessories,x,clothing-women-accessories-accessories,20230708-702-baur,de/clothing-women-accessories-accessories.html,https://baur.de/p/heine-taillenguertel/AKLBB1359656856?Page=L1&nav-c=1167&sku=4803343646#nav-i=1&ref=mba&nav-p=L1&relevantProduct=false,https://bilder.baur.de/i/empiriecom/c6ad2e41092c8c764f6dfd6f6be25c30.jpg
clothing,women,accessories,accessories,x,clothing-women-accessories-accessories,20230708-690-baur,de/clothing-women-accessories-accessories.html,https://baur.de/p/barts-pareo-roula/AKLBB1669580517?Page=L1&nav-c=1167&sku=6302324635#nav-i=49&ref=mba&nav-p=L1&relevantProduct=false,https://bilder.baur.de/i/empiriecom/89f8a1bd71e92686abf88cb7de3d7786.jpg
clothing,women,accessories,accessories,x,clothing-women-accessories-accessories,20230708-668-baur,de/clothing-women-accessories-accessories.html,https://baur.de/p/rettungsring-by-showroom-019-koppelguertel-schliesse-mit-schmucksteinen-vollrindleder/AKLBB1758106199?Page=L1&nav-c=1167&sku=1962753263#nav-i=62&ref=mba&nav-p=L1&relevantProduct=false,https://bilder.baur.de/i/empiriecom/75ea4e0319357546b0f33937a6d456fd.jpg
clothing,women,accessories,accessories,x,clothing-women-accessories-accessories,20230708-667-baur,de/clothing-women-accessories-accessories.html,https://baur.de/p/tamaris-lederguertel-mit-glaenzender-schliesse-und-logo/AKLBB1668529067?Page=L1&nav-c=1167&sku=9218286881#nav-i=14&ref=mba&nav-p=L1&relevantProduct=false,https://bilder.baur.de/i/empiriecom/0820aed8090b8ff235cdc4542733c628.jpg
clothing,women,accessories,accessories,x,clothing-women-accessories-accessories,20230708-654-baur,de/clothing-women-accessories-accessories.html,https://baur.de/p/roxy-baseball-cap-extra-innings/AKLBB1071857279?Page=L1&nav-c=1167&sku=2569590199#nav-i=43&ref=mba&nav-p=L1&relevantProduct=false,https://bilder.baur.de/i/empiriecom/d03d429326ca9590fa2e7194c6ed927f.jpg
clothing,women,accessories,accessories,x,clothing-women-accessories-accessories,20230708-654-baur,de/clothing-women-accessories-accessories.html,https://baur.de/p/collezione-alessandro-sonnenbrille-los-angeles-mit-echtem-metall/AKLBB1665759042?Page=L1&nav-c=1167&sku=9806265093#nav-i=56&ref=mba&nav-p=L1&relevantProduct=false,https://bilder.baur.de/i/empiriecom/cb4b8fcd3db8123c1fe533438c7d90d7.jpg
clothing,women,accessories,accessories,x,clothing-women-accessories-accessories,20230708-643-baur,de/clothing-women-accessories-accessories.html,https://baur.de/p/seeberger-fischerhut/AKLBB1668468930?Page=L1&nav-c=1167&sku=8323890017#nav-i=58&ref=mba&nav-p=L1&relevantProduct=false,https://bilder.baur.de/i/empiriecom/c518dc8f33f55f8b44ea24f6498d8c00.jpg
clothing,women,accessories,accessories,x,clothing-women-accessories-accessories,20230708-639-baur,de/clothing-women-accessories-accessories.html,https://baur.de/p/j-jayz-strohhut/AKLBB1671946608?Page=L1&nav-c=1167&sku=5602914979#nav-i=33&ref=mba&nav-p=L1&relevantProduct=false,https://bilder.baur.de/i/empiriecom/6f3fcca446b29eb34f295b26baaf8911.jpg
clothing,women,accessories,accessories,x,clothing-women-accessories-accessories,20230708-622-baur,de/clothing-women-accessories-accessories.html,https://baur.de/p/lascana-hueftguertel-schmale-und-modische-form/AKLBB1446688924?Page=L1&nav-c=1167&sku=8803382468#nav-i=46&ref=mba&nav-p=L1&relevantProduct=false,https://bilder.baur.de/i/empiriecom/30203a58f3b56b8e53a3b6d48c94d9d1.jpg
clothing,women,accessories,accessories,x,clothing-women-accessories-accessories,20230708-621-baur,de/clothing-women-accessories-accessories.html,https://baur.de/p/barts-sonnenhut-zaron-hat/AKLBB1669580616?Page=L1&nav-c=1167&sku=6619104356#nav-i=54&ref=mba&nav-p=L1&relevantProduct=false,https://bilder.baur.de/i/empiriecom/181fe0531ed9bef5b71fbced8b216f8e.jpg
clothing,women,accessories,accessories,x,clothing-women-accessories-accessories,20230708-611-baur,de/clothing-women-accessories-accessories.html,https://baur.de/p/heine-synthetikguertel/AKLBB1359656767?Page=L1&nav-c=1167&sku=3493441872#nav-i=8&ref=mba&nav-p=L1&relevantProduct=false,https://bilder.baur.de/i/empiriecom/27cd1dc811aa0667c03034f425781736.jpg
clothing,women,accessories,accessories,x,clothing-women-accessories-accessories,20230708-565-baur,de/clothing-women-accessories-accessories.html,https://baur.de/p/capelli-new-york-strohhut/AKLBB1698468961?Page=L1&nav-c=1167&sku=1300915578#nav-i=42&ref=mba&nav-p=L1&relevantProduct=false,https://bilder.baur.de/i/empiriecom/e839ed0a5cc4e50d9ca241c7f1dfe0d7.jpg
clothing,women,accessories,accessories,x,clothing-women-accessories-accessories,20230708-556-baur,de/clothing-women-accessories-accessories.html,https://baur.de/p/lascana-taillenguertel-aus-weichem-leder-zum-binden/AKLBB1239738494?Page=L1&nav-c=1167&sku=6689792480#nav-i=5&ref=mba&nav-p=L1&relevantProduct=false,https://bilder.baur.de/i/empiriecom/ccaa0d991adbe81b6bba519d5d8ec0bf.jpg
clothing,women,accessories,accessories,x,clothing-women-accessories-accessories,20230708-556-baur,de/clothing-women-accessories-accessories.html,https://baur.de/p/marc-opolo-sonnenbrille-modell-505112-panto-form/AKLBB1716980451?Page=L1&nav-c=1167&sku=8454061298#nav-i=66&ref=mba&nav-p=L1&relevantProduct=false,https://bilder.baur.de/i/empiriecom/30263d378a693df2f9bdca2c238550cb.jpg
clothing,women,accessories,accessories,x,clothing-women-accessories-accessories,20230708-538-baur,de/clothing-women-accessories-accessories.html,https://baur.de/p/annamatoni-lederguertel/AKLBB1629765211?Page=L1&nav-c=1167&sku=5141420240#nav-i=39&ref=mba&nav-p=L1&relevantProduct=false,https://bilder.baur.de/i/empiriecom/2206bf5d034cf56b5471550191bcf684.jpg
clothing,women,accessories,accessories,x,clothing-women-accessories-accessories,20230708-528-baur,de/clothing-women-accessories-accessories.html,https://baur.de/p/seeberger-ballonmuetze/AKLBB1668469387?Page=L1&nav-c=1167&sku=2914184769#nav-i=40&ref=mba&nav-p=L1&relevantProduct=false,https://bilder.baur.de/i/empiriecom/faacb37e4e7ff916429fe4337cdc02f0.jpg
clothing,women,accessories,accessories,x,clothing-women-accessories-accessories,20230708-501-baur,de/clothing-women-accessories-accessories.html,https://baur.de/p/lascana-taillenguertel-mit-modischer-schnalle/AKLBB1556897000?Page=L1&nav-c=1167&sku=5144315742#nav-i=15&ref=mba&nav-p=L1&relevantProduct=false,https://bilder.baur.de/i/empiriecom/1a0136a17b92e77e21dc41af06e8ff42.jpg
clothing,women,accessories,accessories,x,clothing-women-accessories-accessories,20230708-483-baur,de/clothing-women-accessories-accessories.html,https://baur.de/p/lascana-taillenguertel-2in1-mit-abnehmbaren-schmalen-guertel/AKLBB1287308859?Page=L1&nav-c=1167&sku=5930544316#nav-i=4&ref=mba&nav-p=L1&relevantProduct=false,https://bilder.baur.de/i/empiriecom/34f304c74483ecebb4a4fb0f653ad3e7.jpg
clothing,women,accessories,accessories,x,clothing-women-accessories-accessories,20230708-458-baur,de/clothing-women-accessories-accessories.html,https://baur.de/p/tamaris-flechtguertel-mit-polierter-schliesse/AKLBB1668530332?Page=L1&nav-c=1167&sku=6996031568#nav-i=23&ref=mba&nav-p=L1&relevantProduct=false,https://bilder.baur.de/i/empiriecom/f625e9a852872d3702f9630f71b88fc9.jpg
clothing,women,accessories,accessories,x,clothing-women-accessories-accessories,20230708-453-baur,de/clothing-women-accessories-accessories.html,https://baur.de/p/lascana-taillenguertel-mit-eleganter-schliesse-vegan/AKLBB1304005162?Page=L1&nav-c=1167&sku=7687692027#nav-i=41&ref=mba&nav-p=L1&relevantProduct=false,https://bilder.baur.de/i/empiriecom/a4b8b0302efb46d748c56355c139778f.jpg
clothing,women,accessories,accessories,x,clothing-women-accessories-accessories,20230708-415-baur,de/clothing-women-accessories-accessories.html,https://baur.de/p/heine-nietenguertel/AKLBB1359656686?Page=L1&nav-c=1167&sku=9957691166#nav-i=3&ref=mba&nav-p=L1&relevantProduct=false,https://bilder.baur.de/i/empiriecom/8e21b1ccaec3ab95707911c557669f6d.jpg
clothing,women,accessories,accessories,x,clothing-women-accessories-accessories,20230708-393-baur,de/clothing-women-accessories-accessories.html,https://baur.de/p/collezione-alessandro-modeschal-indian-flower-1-st-in-schoener-farbstellung/AKLBB1225281797?Page=L1&nav-c=1167&sku=2560574399#nav-i=71&ref=mba&nav-p=L1&relevantProduct=false,https://bilder.baur.de/i/empiriecom/4a60bb6c1a9d38c311b72928c1380634.jpg
clothing,women,accessories,accessories,x,clothing-women-accessories-accessories,20230708-392-baur,de/clothing-women-accessories-accessories.html,https://baur.de/p/hugo-lederguertel-zoey-belt-3-5cm-10226192-01-mit-kontrastfarbener-boss-praegung-am-verschluss/AKLBB1704579511?Page=L1&nav-c=1167&sku=3360712473#nav-i=59&ref=mba&nav-p=L1&relevantProduct=false,https://bilder.baur.de/i/empiriecom/4b80d3ad55a80437eb17290e850c6776.jpg
clothing,women,accessories,accessories,x,clothing-women-accessories-accessories,20230708-332-baur,de/clothing-women-accessories-accessories.html,https://baur.de/p/annamatoni-taillenguertel/AKLBB1178273074?Page=L1&nav-c=1167&sku=8778225012#nav-i=6&ref=mba&nav-p=L1&relevantProduct=false,https://bilder.baur.de/i/empiriecom/e85f0efdf485674c7f6ce77eb68acb72.jpg
clothing,women,accessories,accessories,x,clothing-women-accessories-accessories,20230708-331-baur,de/clothing-women-accessories-accessories.html,https://baur.de/p/tom-tailor-denim-baseball-cap-mit-gesticktem-logoschriftzug/AKLBB1666598375?Page=L1&nav-c=1167&sku=1008293631#nav-i=47&ref=mba&nav-p=L1&relevantProduct=false,https://bilder.baur.de/i/empiriecom/dc73908e0c52c73ea3757a7d7846d9cc.jpg
clothing,women,accessories,accessories,x,clothing-women-accessories-accessories,20230708-322-baur,de/clothing-women-accessories-accessories.html,https://baur.de/p/silbergift-koppelguertel-praegnante-auffallende-goldschliesse/AKLBB1718260138?Page=L1&nav-c=1167&sku=2609836180#nav-i=26&ref=mba&nav-p=L1&relevantProduct=false,https://bilder.baur.de/i/empiriecom/c9a7f5fe7bbb0879a930e6dfe8e9e269.jpg
clothing,women,accessories,accessories,x,clothing-women-accessories-accessories,20230708-320-baur,de/clothing-women-accessories-accessories.html,https://baur.de/p/roxy-fischerhut-victim-of-love/AKLBB1724558796?Page=L1&nav-c=1167&sku=2212334499#nav-i=27&ref=mba&nav-p=L1&relevantProduct=false,https://bilder.baur.de/i/empiriecom/bb2273945d4dc39821b01009101cc1df.jpg
clothing,women,accessories,accessories,x,clothing-women-accessories-accessories,20230708-302-baur,de/clothing-women-accessories-accessories.html,https://baur.de/p/vanzetti-taillenguertel-bindeguertel-in-grossen-groessen-bis-4xl/AKLBB1686128754?Page=L1&nav-c=1167&sku=4340670048#nav-i=70&ref=mba&nav-p=L1&relevantProduct=false,https://bilder.baur.de/i/empiriecom/05f49b07c607b6218082502c6d8868a0.jpg
clothing,women,accessories,accessories,x,clothing-women-accessories-accessories,20230708-294-baur,de/clothing-women-accessories-accessories.html,https://baur.de/p/collezione-alessandro-taillenguertel-beta-zum-binden-aus-rindsleder-ca-250cm-laenge/AKLBB1512265627?Page=L1&nav-c=1167&sku=2675193999#nav-i=9&ref=mba&nav-p=L1&relevantProduct=false,https://bilder.baur.de/i/empiriecom/24943c61ac2f3e8549e7a9de09980ea5.jpg
clothing,women,accessories,accessories,x,clothing-women-accessories-accessories,20230708-284-baur,de/clothing-women-accessories-accessories.html,https://baur.de/p/pieces-taillenguertel-pcvibs-leather-tie-waist-belt-noos-ohne-verschluss-mit-bindeband/AKLBB1667281119?Page=L1&nav-c=1167&sku=9281283158#nav-i=24&ref=mba&nav-p=L1&relevantProduct=false,https://bilder.baur.de/i/empiriecom/2e7e86dece0c0e022bcf62f60afe63b3.jpg
clothing,women,accessories,accessories,x,clothing-women-accessories-accessories,20230708-272-baur,de/clothing-women-accessories-accessories.html,https://baur.de/p/tamaris-lederguertel-rund-geschnitten/AKLBB1668529655?Page=L1&nav-c=1167&sku=1449350886#nav-i=52&ref=mba&nav-p=L1&relevantProduct=false,https://bilder.baur.de/i/empiriecom/1d8a191cf96b06833f0e133980006dfe.jpg
clothing,women,accessories,accessories,x,clothing-women-accessories-accessories,20230708-269-baur,de/clothing-women-accessories-accessories.html,https://baur.de/p/lascana-hueftguertel-flechtguertel-aus-leder-zum-einfachen-verstellen/AKLBB1158482364?Page=L1&nav-c=1167&sku=5478381891#nav-i=16&ref=mba&nav-p=L1&relevantProduct=false,https://bilder.baur.de/i/empiriecom/33227ab9d581c4478c7b8a69bcb8f2c9.jpg
clothing,women,accessories,accessories,x,clothing-women-accessories-accessories,20230708-261-baur,de/clothing-women-accessories-accessories.html,https://baur.de/p/marc-opolo-sonnenbrille-modell-506193/AKLBB1716980581?Page=L1&nav-c=1167&sku=9054430414#nav-i=45&ref=mba&nav-p=L1&relevantProduct=false,https://bilder.baur.de/i/empiriecom/0111aca9df99f5234e94bd7ce32a19ac.jpg
clothing,women,accessories,accessories,x,clothing-women-accessories-accessories,20230708-245-baur,de/clothing-women-accessories-accessories.html,https://baur.de/p/vanzetti-lederguertel-mit-genarbter-oberflaech-im-mattem-finish/AKLBB1737944436?Page=L1&nav-c=1167&sku=1489650642#nav-i=11&ref=mba&nav-p=L1&relevantProduct=false,https://bilder.baur.de/i/empiriecom/273e252f9f2df5f2e6745948704c693e.jpg
clothing,women,accessories,accessories,x,clothing-women-accessories-accessories,20230708-240-baur,de/clothing-women-accessories-accessories.html,https://baur.de/p/j-jayz-lederguertel/AKLBB485549299?Page=L1&nav-c=1167&sku=3493253125#nav-i=25&ref=mba&nav-p=L1&relevantProduct=false,https://bilder.baur.de/i/empiriecom/7b2874547148813527e93e4a0e3151d0.jpg
clothing,women,accessories,accessories,x,clothing-women-accessories-accessories,20230708-198-baur,de/clothing-women-accessories-accessories.html,https://baur.de/p/seeberger-outdoorhut/AKLBB1668469275?Page=L1&nav-c=1167&sku=2724844086#nav-i=67&ref=mba&nav-p=L1&relevantProduct=false,https://bilder.baur.de/i/empiriecom/c3af66dd8e3115b86e70190470c38e2e.jpg
clothing,women,accessories,accessories,x,clothing-women-accessories-accessories,20230708-182-baur,de/clothing-women-accessories-accessories.html,https://baur.de/p/vanzetti-flechtguertel-lederguertel-bis-gr-140-cm-curvy/AKLBB1686129084?Page=L1&nav-c=1167&sku=1595400972#nav-i=61&ref=mba&nav-p=L1&relevantProduct=false,https://bilder.baur.de/i/empiriecom/38a91ef36ee687ab5815e51805510fb6.jpg
clothing,women,accessories,accessories,x,clothing-women-accessories-accessories,20230708-161-baur,de/clothing-women-accessories-accessories.html,https://baur.de/p/lascana-taillenguertel-mit-modischer-schliesse-und-elatischem-band/AKLBB1215240276?Page=L1&nav-c=1167&sku=1463745597#nav-i=69&ref=mba&nav-p=L1&relevantProduct=false,https://bilder.baur.de/i/empiriecom/61a5ff903810209375d68ed1b7ccd7fe.jpg
clothing,women,accessories,accessories,x,clothing-women-accessories-accessories,20230708-146-baur,de/clothing-women-accessories-accessories.html,https://baur.de/p/hugo-baseball-cap-cara-l-10248871-01-mit-logopraegung/AKLBB1704579104?Page=L1&nav-c=1167&sku=5139465546#nav-i=21&ref=mba&nav-p=L1&relevantProduct=false,https://bilder.baur.de/i/empiriecom/80601088651b6314ad097b8f0382c39f.jpg
clothing,women,accessories,accessories,x,clothing-women-accessories-accessories,20230708-134-baur,de/clothing-women-accessories-accessories.html,https://baur.de/p/seeberger-sonnenhut/AKLBB1668469058?Page=L1&nav-c=1167&sku=1940170677#nav-i=10&ref=mba&nav-p=L1&relevantProduct=false,https://bilder.baur.de/i/empiriecom/10840c2270219356a337c6b063868737.jpg
clothing,women,accessories,accessories,x,clothing-women-accessories-accessories,20230708-111-baur,de/clothing-women-accessories-accessories.html,https://baur.de/p/annamatoni-lederguertel/AKLBB1547697292?Page=L1&nav-c=1167&sku=9377874374#nav-i=63&ref=mba&nav-p=L1&relevantProduct=false,https://bilder.baur.de/i/empiriecom/d7dc2b8d13785500551bcf68dd5e8cf9.jpg
