clothing,women,dresses,dirndl,x,clothing-women-dresses-dirndl,20230709-993-baur,de/clothing-women-dresses-dirndl.html,https://baur.de/p/m-x-o-trachtenkleid-damen-mit-eingriffstaschen/AKLBB1457143375?nav-c=274&rl=1&sku=9148416396#nav-i=68&ref=mba&nav-p=P1&relevantProduct=false,https://bilder.baur.de/i/empiriecom/7d5d3f5d70b17abee0c8de2433c0a4af.jpg
clothing,women,dresses,dirndl,x,clothing-women-dresses-dirndl,20230709-986-baur,de/clothing-women-dresses-dirndl.html,https://baur.de/p/turi-landhaus-dirndl-2-tlg-damen-midi-mit-knopfverschluss/AKLBB1675777491?nav-c=274&rl=1&sku=2278795968#nav-i=34&ref=mba&nav-p=P1&relevantProduct=false,https://bilder.baur.de/i/empiriecom/0f4cc12781b12f02a7b1dd4e81a31f67.jpg
clothing,women,dresses,dirndl,x,clothing-women-dresses-dirndl,20230709-977-baur,de/clothing-women-dresses-dirndl.html,https://baur.de/p/krueger-madl-dirndl-2-tlg-damen-midi-schlichte-eleganz/AKLBB1668612673?nav-c=274&rl=1&sku=8990162586#nav-i=64&ref=mba&nav-p=P1&relevantProduct=false,https://bilder.baur.de/i/empiriecom/4b9c9aaed5b3b79987cf9aa6ec1e5608.jpg
clothing,women,dresses,dirndl,x,clothing-women-dresses-dirndl,20230709-973-baur,de/clothing-women-dresses-dirndl.html,https://baur.de/p/turi-landhaus-dirndl-2-tlg-damen-midi-mit-bestickter-tuellschuerze/AKLBB1621378037?nav-c=274&rl=1&sku=8513540223#nav-i=9&ref=mba&nav-p=P1&relevantProduct=false,https://bilder.baur.de/i/empiriecom/e7dd42b4d3a019f665eb688683439969.jpg
clothing,women,dresses,dirndl,x,clothing-women-dresses-dirndl,20230709-956-baur,de/clothing-women-dresses-dirndl.html,https://baur.de/p/naber-collection-trachtenkleid-damen-vielseitig-tragbar/AKLBB1312946584?nav-c=274&rl=1&sku=3615515450#nav-i=66&ref=mba&nav-p=P1&relevantProduct=false,https://bilder.baur.de/i/empiriecom/912c073246514502283332fb3afb9ccb.jpg
clothing,women,dresses,dirndl,x,clothing-women-dresses-dirndl,20230709-940-baur,de/clothing-women-dresses-dirndl.html,https://baur.de/p/marjo-dirndl-lia-2-tlg-damen-midi-mit-bestickter-tuellschuerze/AKLBB1668534972?nav-c=274&rl=1&sku=5782970932#nav-i=17&ref=mba&nav-p=P1&relevantProduct=false,https://bilder.baur.de/i/empiriecom/7499859b7de30e814d673563428de358.jpg
clothing,women,dresses,dirndl,x,clothing-women-dresses-dirndl,20230709-939-baur,de/clothing-women-dresses-dirndl.html,https://baur.de/p/love-nature-trachtenkleid-2-tlg-damen-inklusive-guertel-mit-metallschnalle/AKLBB1594259093?nav-c=274&rl=1&sku=9006060182#nav-i=15&ref=mba&nav-p=P1&relevantProduct=false,https://bilder.baur.de/i/empiriecom/bb1cb4ff55e184ac6e1aed73823b137c.jpg
clothing,women,dresses,dirndl,x,clothing-women-dresses-dirndl,20230709-926-baur,de/clothing-women-dresses-dirndl.html,https://baur.de/p/naber-collection-dirndl-3-tlg-damen-midi-inklusive-modischer-dirndlbluse/AKLBB1603796488?nav-c=274&rl=1&sku=1806045712#nav-i=3&ref=mba&nav-p=P1&relevantProduct=false,https://bilder.baur.de/i/empiriecom/e34cbd6905073096dc41ac5f638a4b66.jpg
clothing,women,dresses,dirndl,x,clothing-women-dresses-dirndl,20230709-890-baur,de/clothing-women-dresses-dirndl.html,https://baur.de/p/marjo-dirndl-marisol-2-tlg-damen-midi-mit-dekorativer-schnalle/AKLBB1670281444?nav-c=274&rl=1&sku=7064262188#nav-i=55&ref=mba&nav-p=P1&relevantProduct=false,https://bilder.baur.de/i/empiriecom/9f90f5278e1fd3147438e20d5d154de1.jpg
clothing,women,dresses,dirndl,x,clothing-women-dresses-dirndl,20230709-873-baur,de/clothing-women-dresses-dirndl.html,https://baur.de/p/turi-landhaus-trachtenkleid-2-tlg-damen-inklusive-guertel-mit-metallschliesse/AKLBB1675773885?nav-c=274&rl=1&sku=2683472744#nav-i=54&ref=mba&nav-p=P1&relevantProduct=false,https://bilder.baur.de/i/empiriecom/f2cb82188d2a2cb2c5cb6da429f22499.jpg
clothing,women,dresses,dirndl,x,clothing-women-dresses-dirndl,20230709-872-baur,de/clothing-women-dresses-dirndl.html,https://baur.de/p/krueger-madl-dirndl-2-tlg-damen-midi-besonders-bezaubernd/AKLBB1670285861?nav-c=274&rl=1&sku=5022113834#nav-i=43&ref=mba&nav-p=P1&relevantProduct=false,https://bilder.baur.de/i/empiriecom/b1bf80a2306deeb5c7d238d7279ff7a0.jpg
clothing,women,dresses,dirndl,x,clothing-women-dresses-dirndl,20230709-856-baur,de/clothing-women-dresses-dirndl.html,https://baur.de/p/marjo-dirndl-2-tlg-damen-midi-im-modischem-monochrom-look/AKLBB1724288078?nav-c=274&rl=1&sku=1399413740#nav-i=21&ref=mba&nav-p=P1&relevantProduct=false,https://bilder.baur.de/i/empiriecom/25bfa403f72336e95317e2400e07d9f8.jpg
clothing,women,dresses,dirndl,x,clothing-women-dresses-dirndl,20230709-849-baur,de/clothing-women-dresses-dirndl.html,https://baur.de/p/marjo-dirndl-2-tlg-damen-midi-im-modischem-monochrom-look/AKLBB1724288037?nav-c=274&rl=1&sku=6534222850#nav-i=37&ref=mba&nav-p=P1&relevantProduct=false,https://bilder.baur.de/i/empiriecom/94dd2eb396c8aba9bf6cc4e9ea77f2be.jpg
clothing,women,dresses,dirndl,x,clothing-women-dresses-dirndl,20230709-841-baur,de/clothing-women-dresses-dirndl.html,https://baur.de/p/marjo-dirndl-kurz-mit-dezenter-musterung/AKLBB1205571119?nav-c=274&rl=1&sku=2381240492#nav-i=10&ref=mba&nav-p=P1&relevantProduct=false,https://bilder.baur.de/i/empiriecom/63babc0117e2140b421f7952b6d5c3c9.jpg
clothing,women,dresses,dirndl,x,clothing-women-dresses-dirndl,20230709-829-baur,de/clothing-women-dresses-dirndl.html,https://baur.de/p/naber-collection-dirndl-3-tlg-damen-midi-inklusive-dirndlbluse/AKLBB1603796699?nav-c=274&rl=1&sku=3969682863#nav-i=35&ref=mba&nav-p=P1&relevantProduct=false,https://bilder.baur.de/i/empiriecom/7ec8d9719769a0c322220a788eddd1ff.jpg
clothing,women,dresses,dirndl,x,clothing-women-dresses-dirndl,20230709-796-baur,de/clothing-women-dresses-dirndl.html,https://baur.de/p/marjo-dirndl-kurz-mit-spitzenschuerze/AKLBB1089346366?nav-c=274&rl=1&sku=4487161743#nav-i=8&ref=mba&nav-p=P1&relevantProduct=false,https://bilder.baur.de/i/empiriecom/8c28612824d49baa873026f79ce7c8b3.jpg
clothing,women,dresses,dirndl,x,clothing-women-dresses-dirndl,20230709-788-baur,de/clothing-women-dresses-dirndl.html,https://baur.de/p/naber-collection-dirndl-3-tlg-damen-midi-inklusive-dirndlbuse/AKLBB1603796593?nav-c=274&rl=1&sku=1838132631#nav-i=2&ref=mba&nav-p=P1&relevantProduct=false,https://bilder.baur.de/i/empiriecom/f352b452bedf8fbcb0e831fb25038370.jpg
clothing,women,dresses,dirndl,x,clothing-women-dresses-dirndl,20230709-787-baur,de/clothing-women-dresses-dirndl.html,https://baur.de/p/naber-collection-dirndl-3-tlg-damen-midi-inklusive-dirndlbluse/AKLBB1668521180?nav-c=274&rl=1&sku=7034893489#nav-i=47&ref=mba&nav-p=P1&relevantProduct=false,https://bilder.baur.de/i/empiriecom/9fef69058362a7dba694a441fa827d62.jpg
clothing,women,dresses,dirndl,x,clothing-women-dresses-dirndl,20230709-771-baur,de/clothing-women-dresses-dirndl.html,https://baur.de/p/marjo-dirndl-2-tlg-damen-mit-wunderschoener-spitzenschuerze-mit-pailetten/AKLBB1574303327?nav-c=274&rl=1&sku=2766693935#nav-i=24&ref=mba&nav-p=P1&relevantProduct=false,https://bilder.baur.de/i/empiriecom/6a0d4ac03e395b86afcb11893cecd7ba.jpg
clothing,women,dresses,dirndl,x,clothing-women-dresses-dirndl,20230709-764-baur,de/clothing-women-dresses-dirndl.html,https://baur.de/p/krueger-madl-dirndl-2-tlg-damen-midi-besonders-bezaubernd/AKLBB1670284337?nav-c=274&rl=1&sku=5094775571#nav-i=38&ref=mba&nav-p=P1&relevantProduct=false,https://bilder.baur.de/i/empiriecom/3179254eb34f791ea85fa520981dd076.jpg
clothing,women,dresses,dirndl,x,clothing-women-dresses-dirndl,20230709-753-baur,de/clothing-women-dresses-dirndl.html,https://baur.de/p/naber-collection-dirndl-3-tlg-damen-midi-inklusive-dirndlbluse/AKLBB1668521231?nav-c=274&rl=1&sku=3297082433#nav-i=22&ref=mba&nav-p=P1&relevantProduct=false,https://bilder.baur.de/i/empiriecom/fa05ccdcb8ab5e9266a6f30f2b1dc3d9.jpg
clothing,women,dresses,dirndl,x,clothing-women-dresses-dirndl,20230709-749-baur,de/clothing-women-dresses-dirndl.html,https://baur.de/p/love-nature-dirndl-2-tlg-damen-wunderschoenes-baumoll-dirndl-made-in-austria/AKLBB1671909490?nav-c=274&rl=1&sku=9061913925#nav-i=62&ref=mba&nav-p=P1&relevantProduct=false,https://bilder.baur.de/i/empiriecom/901e25df6f30999e2e3edeca660c7efd.jpg
clothing,women,dresses,dirndl,x,clothing-women-dresses-dirndl,20230709-741-baur,de/clothing-women-dresses-dirndl.html,https://baur.de/p/marjo-dirndl-melinda-2-tlg-damen-in-angenehmer-baumwollqualitaet/AKLBB1722270025?nav-c=274&rl=1&sku=9937841964#nav-i=57&ref=mba&nav-p=P1&relevantProduct=false,https://bilder.baur.de/i/empiriecom/d7d9034f6efad76efb6741ba8e8806a6.jpg
clothing,women,dresses,dirndl,x,clothing-women-dresses-dirndl,20230709-740-baur,de/clothing-women-dresses-dirndl.html,https://baur.de/p/sheego-dirndl-grosse-groessen-in-leinen-optik-mit-bluetenstickerei/AKLBB1641153775?nav-c=274&rl=1&sku=3134114853#nav-i=50&ref=mba&nav-p=P1&relevantProduct=false,https://bilder.baur.de/i/empiriecom/ce5e8c795727719c226457b725f64a8f.jpg
clothing,women,dresses,dirndl,x,clothing-women-dresses-dirndl,20230709-739-baur,de/clothing-women-dresses-dirndl.html,https://baur.de/p/marjo-dirndl-2-tlg-damen-mit-dekorativer-schnalle-bei-schuerze/AKLBB1728943672?nav-c=274&rl=1&sku=2999236894#nav-i=46&ref=mba&nav-p=P1&relevantProduct=false,https://bilder.baur.de/i/empiriecom/10006d84589050579eb5935c919a964c.jpg
clothing,women,dresses,dirndl,x,clothing-women-dresses-dirndl,20230709-736-baur,de/clothing-women-dresses-dirndl.html,https://baur.de/p/sheego-dirndl-grosse-groessen-mit-schuerze-und-bluse-3tlg/AKLBB1641138709?nav-c=274&rl=1&sku=9081174299#nav-i=52&ref=mba&nav-p=P1&relevantProduct=false,https://bilder.baur.de/i/empiriecom/5193c4dc4de010ac39b91d354e7385b5.jpg
clothing,women,dresses,dirndl,x,clothing-women-dresses-dirndl,20230709-718-baur,de/clothing-women-dresses-dirndl.html,https://baur.de/p/love-nature-dirndl-2-tlg-damen-mit-hochwertigem-und-schimmernden-dirndlstoff/AKLBB1724288189?nav-c=274&rl=1&sku=4516480299#nav-i=56&ref=mba&nav-p=P1&relevantProduct=false,https://bilder.baur.de/i/empiriecom/0b435ac86237f6fc1f15d0f573819e69.jpg
clothing,women,dresses,dirndl,x,clothing-women-dresses-dirndl,20230709-691-baur,de/clothing-women-dresses-dirndl.html,https://baur.de/p/turi-landhaus-dirndl-2-tlg-damen-mit-schuerze-mit-rautenmuster/AKLBB1724287866?nav-c=274&rl=1&sku=3509461944#nav-i=48&ref=mba&nav-p=P1&relevantProduct=false,https://bilder.baur.de/i/empiriecom/908ceeec4ef3e4f357dcccff3ab7d922.jpg
clothing,women,dresses,dirndl,x,clothing-women-dresses-dirndl,20230709-640-baur,de/clothing-women-dresses-dirndl.html,https://baur.de/p/turi-landhaus-dirndl-2-tlg-damen-midi-mit-harmonischer-farbgebung/AKLBB1333779468?nav-c=274&rl=1&sku=4357421436#nav-i=4&ref=mba&nav-p=P1&relevantProduct=false,https://bilder.baur.de/i/empiriecom/e72c7c3589bc6ada92d96e31a9976829.jpg
clothing,women,dresses,dirndl,x,clothing-women-dresses-dirndl,20230709-633-baur,de/clothing-women-dresses-dirndl.html,https://baur.de/p/sheego-dirndl-grosse-groessen-in-denim-optik-mit-schuerze-2-tlg/AKLBB1641217104?nav-c=274&rl=1&sku=8848513699#nav-i=61&ref=mba&nav-p=P1&relevantProduct=false,https://bilder.baur.de/i/empiriecom/3b2f7e165c9b140cb010df79609b32f3.jpg
clothing,women,dresses,dirndl,x,clothing-women-dresses-dirndl,20230709-622-baur,de/clothing-women-dresses-dirndl.html,https://baur.de/p/turi-landhaus-dirndl-2-tlg-damen-midi-mit-wunderschoener-satinschuerze/AKLBB1675769750?nav-c=274&rl=1&sku=6855493780#nav-i=20&ref=mba&nav-p=P1&relevantProduct=false,https://bilder.baur.de/i/empiriecom/acef34cb79bbcdb2b03e7ca9b15bb491.jpg
clothing,women,dresses,dirndl,x,clothing-women-dresses-dirndl,20230709-590-baur,de/clothing-women-dresses-dirndl.html,https://baur.de/p/krueger-madl-dirndl-2-tlg-damen-midi-mit-baenderschnuerung/AKLBB1600388335?nav-c=274&rl=1&sku=3247500962#nav-i=65&ref=mba&nav-p=P1&relevantProduct=false,https://bilder.baur.de/i/empiriecom/0ffce6fe6684a34c567307ab9492eae0.jpg
clothing,women,dresses,dirndl,x,clothing-women-dresses-dirndl,20230709-533-baur,de/clothing-women-dresses-dirndl.html,https://baur.de/p/alpenwelt-trachtenkleid-damen-vielseitig-tragbar/AKLBB1600115758?nav-c=274&rl=1&sku=7225626429#nav-i=23&ref=mba&nav-p=P1&relevantProduct=false,https://bilder.baur.de/i/empiriecom/2f23aedc71e1d2295260958d002e5e80.jpg
clothing,women,dresses,dirndl,x,clothing-women-dresses-dirndl,20230709-513-baur,de/clothing-women-dresses-dirndl.html,https://baur.de/p/marjo-dirndl-sabine-2-tlg-damen-midi-mit-samtoberteil/AKLBB1668535102?nav-c=274&rl=1&sku=2007370983#nav-i=44&ref=mba&nav-p=P1&relevantProduct=false,https://bilder.baur.de/i/empiriecom/21a714d6758e1d0422600a3c86e2cec7.jpg
clothing,women,dresses,dirndl,x,clothing-women-dresses-dirndl,20230709-493-baur,de/clothing-women-dresses-dirndl.html,https://baur.de/p/dirndl-lang-mit-kelchkragen-berwin-wolff/AKLBB475130608?nav-c=274&rl=1&sku=43486880#nav-i=7&ref=mba&nav-p=P1&relevantProduct=false,https://bilder.baur.de/i/empiriecom/f30186b980f01f412a699808cd093d1d.jpg
clothing,women,dresses,dirndl,x,clothing-women-dresses-dirndl,20230709-493-baur,de/clothing-women-dresses-dirndl.html,https://baur.de/p/naber-collection-trachtenkleid-2-tlg-damen-vielseitig-tragbar/AKLBB1678131074?nav-c=274&rl=1&sku=2291784150#nav-i=11&ref=mba&nav-p=P1&relevantProduct=false,https://bilder.baur.de/i/empiriecom/36d01ef57c5d981f4ef4d28824defd90.jpg
clothing,women,dresses,dirndl,x,clothing-women-dresses-dirndl,20230709-492-baur,de/clothing-women-dresses-dirndl.html,https://baur.de/p/love-nature-dirndl-2-tlg-damen-mit-huebschen-schmuckknoepfen/AKLBB1724288391?nav-c=274&rl=1&sku=7863063043#nav-i=71&ref=mba&nav-p=P1&relevantProduct=false,https://bilder.baur.de/i/empiriecom/9183bc5eb80a1c5814490896cef66e36.jpg
clothing,women,dresses,dirndl,x,clothing-women-dresses-dirndl,20230709-489-baur,de/clothing-women-dresses-dirndl.html,https://baur.de/p/sheego-dirndl-grosse-groessen-mit-schuerze-und-spitzenbluse-3tlg/AKLBB1709581824?nav-c=274&rl=1&sku=5428231393#nav-i=30&ref=mba&nav-p=P1&relevantProduct=false,https://bilder.baur.de/i/empiriecom/4b40cc16e92a2ee34715901dc082f492.jpg
clothing,women,dresses,dirndl,x,clothing-women-dresses-dirndl,20230709-487-baur,de/clothing-women-dresses-dirndl.html,https://baur.de/p/marjo-dirndl-2-tlg-damen-midi-im-modischem-monochrom-look/AKLBB1481753184?nav-c=274&rl=1&sku=9887223990#nav-i=5&ref=mba&nav-p=P1&relevantProduct=false,https://bilder.baur.de/i/empiriecom/f3bcf094cbfc1a3c935af71d1a2da1d1.jpg
clothing,women,dresses,dirndl,x,clothing-women-dresses-dirndl,20230709-487-baur,de/clothing-women-dresses-dirndl.html,https://baur.de/p/marjo-dirndl-gabi-2-tlg-damen-in-harmonischer-ton-in-ton-farbgebung/AKLBB1722269890?nav-c=274&rl=1&sku=2070941325#nav-i=45&ref=mba&nav-p=P1&relevantProduct=false,https://bilder.baur.de/i/empiriecom/fe8315a6436fc883345ddd6cafa0ad2e.jpg
clothing,women,dresses,dirndl,x,clothing-women-dresses-dirndl,20230709-480-baur,de/clothing-women-dresses-dirndl.html,https://baur.de/p/alpenwelt-trachtenkleid-damen-angenehm-zu-tragen/AKLBB1600115704?nav-c=274&rl=1&sku=6714831222#nav-i=67&ref=mba&nav-p=P1&relevantProduct=false,https://bilder.baur.de/i/empiriecom/410e4054fa73e965b14736c9a7427d3d.jpg
clothing,women,dresses,dirndl,x,clothing-women-dresses-dirndl,20230709-433-baur,de/clothing-women-dresses-dirndl.html,https://baur.de/p/marjo-dirndl-2-tlg-damen-midi-mit-satinbandschnuerung/AKLBB1607055737?nav-c=274&rl=1&sku=8812622282#nav-i=29&ref=mba&nav-p=P1&relevantProduct=false,https://bilder.baur.de/i/empiriecom/7e60917a515025f11b5763cec5363d1d.jpg
clothing,women,dresses,dirndl,x,clothing-women-dresses-dirndl,20230709-408-baur,de/clothing-women-dresses-dirndl.html,https://baur.de/p/naber-collection-dirndl-2-tlg-damen-midi-mit-floralem-muster/AKLBB1513471206?nav-c=274&rl=1&sku=2397473162#nav-i=18&ref=mba&nav-p=P1&relevantProduct=false,https://bilder.baur.de/i/empiriecom/b060b13075c3ce74e5f7a46d6a423af5.jpg
clothing,women,dresses,dirndl,x,clothing-women-dresses-dirndl,20230709-405-baur,de/clothing-women-dresses-dirndl.html,https://baur.de/p/turi-landhaus-dirndl-2-tlg-damen-mit-schuerze-mit-rankenmuster/AKLBB1733956170?nav-c=274&rl=1&sku=1730865484#nav-i=39&ref=mba&nav-p=P1&relevantProduct=false,https://bilder.baur.de/i/empiriecom/0422f3b69bc937045473ff3008520c54.jpg
clothing,women,dresses,dirndl,x,clothing-women-dresses-dirndl,20230709-397-baur,de/clothing-women-dresses-dirndl.html,https://baur.de/p/turi-landhaus-dirndl-2-tlg-damen-mit-elegantem-samtmieder/AKLBB1734700706?nav-c=274&rl=1&sku=6025634660#nav-i=31&ref=mba&nav-p=P1&relevantProduct=false,https://bilder.baur.de/i/empiriecom/0ffe49de1af49fa52f4dc9f1ea488b0e.jpg
clothing,women,dresses,dirndl,x,clothing-women-dresses-dirndl,20230709-394-baur,de/clothing-women-dresses-dirndl.html,https://baur.de/p/marjo-dirndl-june-2-tlg-damen-midi-mit-spitzenschuerze-und-pailletten/AKLBB1670281516?nav-c=274&rl=1&sku=8440372438#nav-i=51&ref=mba&nav-p=P1&relevantProduct=false,https://bilder.baur.de/i/empiriecom/3a9e18eacd069275d8c22e84872b93db.jpg
clothing,women,dresses,dirndl,x,clothing-women-dresses-dirndl,20230709-351-baur,de/clothing-women-dresses-dirndl.html,https://baur.de/p/turi-landhaus-dirndl-2-tlg-damen-wunderschoene-farbgebung/AKLBB1676834694?nav-c=274&rl=1&sku=7707345778#nav-i=36&ref=mba&nav-p=P1&relevantProduct=false,https://bilder.baur.de/i/empiriecom/00eb22cb5474ac550a577684f62b032b.jpg
clothing,women,dresses,dirndl,x,clothing-women-dresses-dirndl,20230709-350-baur,de/clothing-women-dresses-dirndl.html,https://baur.de/p/love-nature-dirndl-2-tlg-damen-mit-huebschen-mieder-als-blickfang/AKLBB1724288115?nav-c=274&rl=1&sku=4974703882#nav-i=58&ref=mba&nav-p=P1&relevantProduct=false,https://bilder.baur.de/i/empiriecom/6fc1738b29a685ff29cd71715e1f0d9f.jpg
clothing,women,dresses,dirndl,x,clothing-women-dresses-dirndl,20230709-313-baur,de/clothing-women-dresses-dirndl.html,https://baur.de/p/turi-landhaus-dirndl-2-tlg-damen-midi-vielseitig-tragbar/AKLBB1675773870?nav-c=274&rl=1&sku=6625924994#nav-i=69&ref=mba&nav-p=P1&relevantProduct=false,https://bilder.baur.de/i/empiriecom/5c94a78d674761e0103ccb693917636e.jpg
clothing,women,dresses,dirndl,x,clothing-women-dresses-dirndl,20230709-309-baur,de/clothing-women-dresses-dirndl.html,https://baur.de/p/marjo-dirndl-franka-2-tlg-damen-midi-auch-ohne-bluse-tragbar/AKLBB1668535014?nav-c=274&rl=1&sku=3335435968#nav-i=60&ref=mba&nav-p=P1&relevantProduct=false,https://bilder.baur.de/i/empiriecom/25606227cefe42c122028d7c8be67d84.jpg
clothing,women,dresses,dirndl,x,clothing-women-dresses-dirndl,20230709-292-baur,de/clothing-women-dresses-dirndl.html,https://baur.de/p/sheego-dirndl-grosse-groessen-mit-schuerze-2tlg/AKLBB1641173820?nav-c=274&rl=1&sku=2341792199#nav-i=63&ref=mba&nav-p=P1&relevantProduct=false,https://bilder.baur.de/i/empiriecom/671d9472ccf00e5eb8f1ee1b8e971d94.jpg
clothing,women,dresses,dirndl,x,clothing-women-dresses-dirndl,20230709-281-baur,de/clothing-women-dresses-dirndl.html,https://baur.de/p/naber-collection-trachtenkleid-2-tlg-damen-mit-bindeguertel/AKLBB1591220926?nav-c=274&rl=1&sku=7043141845#nav-i=53&ref=mba&nav-p=P1&relevantProduct=false,https://bilder.baur.de/i/empiriecom/778a8069c20d7b50dfe95b2e53410042.jpg
clothing,women,dresses,dirndl,x,clothing-women-dresses-dirndl,20230709-257-baur,de/clothing-women-dresses-dirndl.html,https://baur.de/p/dirndl-3tlg-in-edel-changierender-optik/AKLBB627858305?nav-c=274&rl=1&sku=7540100932#nav-i=25&ref=mba&nav-p=P1&relevantProduct=false,https://bilder.baur.de/i/empiriecom/c1a7659ac211a2837cae731a4df826b0.jpg
clothing,women,dresses,dirndl,x,clothing-women-dresses-dirndl,20230709-244-baur,de/clothing-women-dresses-dirndl.html,https://baur.de/p/love-nature-dirndl-2-tlg/AKLBB1724288354?nav-c=274&rl=1&sku=4935441729#nav-i=14&ref=mba&nav-p=P1&relevantProduct=false,https://bilder.baur.de/i/empiriecom/103d08f417fd7cb822c7c2bde4b4e1a8.jpg
clothing,women,dresses,dirndl,x,clothing-women-dresses-dirndl,20230709-241-baur,de/clothing-women-dresses-dirndl.html,https://baur.de/p/love-nature-dirndl-2-tlg-damen-auch-als-brautdirndl-tragbar/AKLBB1676310412?nav-c=274&rl=1&sku=3146990866#nav-i=49&ref=mba&nav-p=P1&relevantProduct=false,https://bilder.baur.de/i/empiriecom/5096e9f6095632dbeda29151c82b6a3b.jpg
clothing,women,dresses,dirndl,x,clothing-women-dresses-dirndl,20230709-228-baur,de/clothing-women-dresses-dirndl.html,https://baur.de/p/turi-landhaus-dirndl-2-tlg-damen-mit-huebscher-schuerze/AKLBB1733956052?nav-c=274&rl=1&sku=8194536559#nav-i=19&ref=mba&nav-p=P1&relevantProduct=false,https://bilder.baur.de/i/empiriecom/6aaf39c3784e0f83ae908bdca490f8f1.jpg
clothing,women,dresses,dirndl,x,clothing-women-dresses-dirndl,20230709-206-baur,de/clothing-women-dresses-dirndl.html,https://baur.de/p/marjo-dirndl-midi-mit-tuellschuerze/AKLBB1205563919?nav-c=274&rl=1&sku=9318190949#nav-i=41&ref=mba&nav-p=P1&relevantProduct=false,https://bilder.baur.de/i/empiriecom/f82c36d5d7115cd1c123134db7993fdc.jpg
clothing,women,dresses,dirndl,x,clothing-women-dresses-dirndl,20230709-198-baur,de/clothing-women-dresses-dirndl.html,https://baur.de/p/love-nature-dirndl-2-tlg-damen-midi-in-harmonischer-farbgebung/AKLBB1593683222?nav-c=274&rl=1&sku=3991440367#nav-i=32&ref=mba&nav-p=P1&relevantProduct=false,https://bilder.baur.de/i/empiriecom/d80ce8c4572fe57abeac71f97b88fdf7.jpg
clothing,women,dresses,dirndl,x,clothing-women-dresses-dirndl,20230709-165-baur,de/clothing-women-dresses-dirndl.html,https://baur.de/p/love-nature-dirndl-2-tlg-damen-mit-elegantem-design/AKLBB1724288152?nav-c=274&rl=1&sku=3915851368#nav-i=12&ref=mba&nav-p=P1&relevantProduct=false,https://bilder.baur.de/i/empiriecom/fea34e0b9947f22179d9b6ab3a7aa3fb.jpg
clothing,women,dresses,dirndl,x,clothing-women-dresses-dirndl,20230709-159-baur,de/clothing-women-dresses-dirndl.html,https://baur.de/p/naber-collection-dirndl-3-tlg-damen-midi-inklusive-dirndlbluse/AKLBB1668521283?nav-c=274&rl=1&sku=3764876263#nav-i=42&ref=mba&nav-p=P1&relevantProduct=false,https://bilder.baur.de/i/empiriecom/8ac21dc8d4e3514a39a927d82bd3183f.jpg
clothing,women,dresses,dirndl,x,clothing-women-dresses-dirndl,20230709-137-baur,de/clothing-women-dresses-dirndl.html,https://baur.de/p/sheego-dirndl-grosse-groessen-mit-schuerze-und-bluse-3tlg/AKLBB1641144967?nav-c=274&rl=1&sku=8948473799#nav-i=72&ref=mba&nav-p=P1&relevantProduct=false,https://bilder.baur.de/i/empiriecom/c793cbf1ec6820d90e88ad6969a45b8a.jpg
clothing,women,dresses,dirndl,x,clothing-women-dresses-dirndl,20230709-133-baur,de/clothing-women-dresses-dirndl.html,https://baur.de/p/marjo-dirndl-marisol-2-tlg-damen-midi-mit-dekorativer-schnalle/AKLBB1670960583?nav-c=274&rl=1&sku=6137755787#nav-i=28&ref=mba&nav-p=P1&relevantProduct=false,https://bilder.baur.de/i/empiriecom/d12cff620c43e41e1e44ff7c6fd3811d.jpg
clothing,women,dresses,dirndl,x,clothing-women-dresses-dirndl,20230709-129-baur,de/clothing-women-dresses-dirndl.html,https://baur.de/p/marjo-dirndl-elly-2-tlg-damen-midi-mit-dekorativem-lurexschuerzenband/AKLBB1670281484?nav-c=274&rl=1&sku=5405274447#nav-i=13&ref=mba&nav-p=P1&relevantProduct=false,https://bilder.baur.de/i/empiriecom/d85b727d69c15155ecd9c048a8cbb10a.jpg
