clothing,women,tops,x,x,clothing-women-tops,20230711-882-baur,de/clothing-women-tops.html,https://baur.de/p/lascana-strandtop/AKLBB595348202?nav-c=420&sku=47959183#nav-i=71&ref=mba&nav-p=P1&relevantProduct=false,https://bilder.baur.de/i/empiriecom/b6696e07e1febd6e5c5267aa5b1e5a9a.jpg
clothing,women,tops,x,x,clothing-women-tops,20230711-796-baur,de/clothing-women-tops.html,https://baur.de/p/lascana-blusentop-in-bandeauform/AKLBB1608473810?nav-c=420&sku=4940374832#nav-i=69&ref=mba&nav-p=P1&relevantProduct=false,https://bilder.baur.de/i/empiriecom/2aa9400b7bcdd2222235b1986330713d.jpg
clothing,women,tops,x,x,clothing-women-tops,20230711-604-baur,de/clothing-women-tops.html,https://baur.de/p/vivance-tanktop/AKLBB1118197880?nav-c=420&sku=2700313172#nav-i=47&ref=mba&nav-p=P1&relevantProduct=false,https://bilder.baur.de/i/empiriecom/e9fa71d11f1ed242a0533c46c4b2e16b.jpg
clothing,women,tops,x,x,clothing-women-tops,20230711-586-baur,de/clothing-women-tops.html,https://baur.de/p/lascana-spaghettitop-mit-kontrastfarbenen-einsaetzen/AKLBB1505711797?nav-c=420&sku=4065475854#nav-i=54&ref=mba&nav-p=P1&relevantProduct=false,https://bilder.baur.de/i/empiriecom/aca6ec2b8412102c30396b75cceaf1ab.jpg
clothing,women,tops,x,x,clothing-women-tops,20230711-390-baur,de/clothing-women-tops.html,https://baur.de/p/seidel-moden-longtop-in-schlichtem-design-made-in-germany/AKLBB1673133228?nav-c=420&sku=6725852149#nav-i=43&ref=mba&nav-p=P1&relevantProduct=false,https://bilder.baur.de/i/empiriecom/c00ff7fa6db0a3f8c5d4473c4ebe44a9.jpg
clothing,women,tops,x,x,clothing-women-tops,20230711-269-baur,de/clothing-women-tops.html,https://baur.de/p/lascana-strandtop/AKLBB632216286?nav-c=420&sku=7095801329#nav-i=70&ref=mba&nav-p=P1&relevantProduct=false,https://bilder.baur.de/i/empiriecom/60a8a7bac6ce4c81cf565994722733f6.jpg
clothing,women,tops,x,x,clothing-women-tops,20230711-250-baur,de/clothing-women-tops.html,https://baur.de/p/vivance-shirttop-2er-pack-mit-herzfoermigen-dekollete/AKLBB1672774573?nav-c=420&sku=7141406678#nav-i=53&ref=mba&nav-p=P1&relevantProduct=false,https://bilder.baur.de/i/empiriecom/6ad422fee8a2076239fb5747a2af1193.jpg
clothing,women,tops,x,x,clothing-women-tops,20230710-732-baur,de/clothing-women-tops.html,https://baur.de/p/tommy-hilfiger-blusentop-solid-poplin-twist-top-ss-mit-modischem-knotendetail-in-der-taille/AKLBB1687350931?nav-c=420&sku=4970975395#nav-i=69&ref=mba&nav-p=P1&relevantProduct=false,https://bilder.baur.de/i/empiriecom/16ad220076b05fc2ca1bad0d42332b95.jpg
clothing,women,tops,x,x,clothing-women-tops,20230710-692-baur,de/clothing-women-tops.html,https://baur.de/p/beachtime-longtop/AKLBB535196002?nav-c=420&sku=36776581#nav-i=65&ref=mba&nav-p=P1&relevantProduct=false,https://bilder.baur.de/i/empiriecom/fd2df9d5ec46cd02f9083d31f3c8915b.jpg
clothing,women,tops,x,x,clothing-women-tops,20230710-263-baur,de/clothing-women-tops.html,https://baur.de/p/heine-shirttop/AKLBB1548265408?nav-c=420&sku=5087353598#nav-i=67&ref=mba&nav-p=P1&relevantProduct=false,https://bilder.baur.de/i/empiriecom/05134f29966b300e84ceea01224f1825.jpg
clothing,women,tops,x,x,clothing-women-tops,20230709-911-baur,de/clothing-women-tops.html,https://baur.de/p/lascana-shirttop/AKLBB917940307?nav-c=420&sku=5954424628#nav-i=70&ref=mba&nav-p=P1&relevantProduct=false,https://bilder.baur.de/i/empiriecom/b2cdab7aa2850a9c7813e2c5c5dc188a.jpg
clothing,women,tops,x,x,clothing-women-tops,20230709-810-baur,de/clothing-women-tops.html,https://baur.de/p/buffalo-strandtop/AKLBB536866952?nav-c=420&sku=64076789#nav-i=66&ref=mba&nav-p=P1&relevantProduct=false,https://bilder.baur.de/i/empiriecom/52d3458fd20d9c11aedf9ae14ad585ee.jpg
clothing,women,tops,x,x,clothing-women-tops,20230709-670-baur,de/clothing-women-tops.html,https://baur.de/p/vivance-tanktop/AKLBB1118197880?nav-c=420&sku=7879481568#nav-i=67&ref=mba&nav-p=P1&relevantProduct=false,https://bilder.baur.de/i/empiriecom/43f3793cf8b0b21819eb3f9e34c79957.jpg
clothing,women,tops,x,x,clothing-women-tops,20230709-604-baur,de/clothing-women-tops.html,https://baur.de/p/flashlights-tanktop-packung-2er-pack/AKLBB317924455?nav-c=420&sku=89053683#nav-i=58&ref=mba&nav-p=P1&relevantProduct=false,https://bilder.baur.de/i/empiriecom/8162b9374c9fe8562a377cdd549b26ce.jpg
clothing,women,tops,x,x,clothing-women-tops,20230709-508-baur,de/clothing-women-tops.html,https://baur.de/p/lascana-tanktop-2er-pack-mit-rueschendetails-und-knoepfen-in-hornoptik/AKLBB1539758847?nav-c=420&sku=5909054459#nav-i=26&ref=mba&nav-p=P1&relevantProduct=false,https://bilder.baur.de/i/empiriecom/d905f065b6d0c841835cbc8ea265d4f5.jpg
clothing,women,tops,x,x,clothing-women-tops,20230709-506-baur,de/clothing-women-tops.html,https://baur.de/p/lascana-shirttop-mit-raffungen-an-der-schulter/AKLBB1688575317?nav-c=420&sku=9861155760#nav-i=69&ref=mba&nav-p=P1&relevantProduct=false,https://bilder.baur.de/i/empiriecom/6f8eb987f947587f1d0cf8d102c7ac6e.jpg
clothing,women,tops,x,x,clothing-women-tops,20230709-445-baur,de/clothing-women-tops.html,https://baur.de/p/aniston-casual-blusentop-mit-farbharmonischen-streifen/AKLBB1157156880?nav-c=420&sku=1617173767#nav-i=37&ref=mba&nav-p=P1&relevantProduct=false,https://bilder.baur.de/i/empiriecom/83e7fd7c227b9decdf4f1a07c9bac37e.jpg
clothing,women,tops,x,x,clothing-women-tops,20230709-377-baur,de/clothing-women-tops.html,https://baur.de/p/lascana-spaghettitop-mit-alloverdruck/AKLBB1710922407?nav-c=420&sku=9153633078#nav-i=60&ref=mba&nav-p=P1&relevantProduct=false,https://bilder.baur.de/i/empiriecom/84f16802a205ab79ce52bb96e8109e86.jpg
clothing,women,tops,x,x,clothing-women-tops,20230709-203-baur,de/clothing-women-tops.html,https://baur.de/p/vivance-shirttop-1-tlg-mit-herzfoermigen-dekollete/AKLBB1611669573?nav-c=420&sku=7466825859#nav-i=71&ref=mba&nav-p=P1&relevantProduct=false,https://bilder.baur.de/i/empiriecom/a5f664ae6e0c6bb69583a5bcb25219ce.jpg
clothing,women,tops,x,x,clothing-women-tops,20230708-998-baur,de/clothing-women-tops.html,https://baur.de/p/lascana-strandtop/AKLBB393218429?nav-c=420&sku=83813593#nav-i=25&ref=mba&nav-p=P1&relevantProduct=false,https://bilder.baur.de/i/empiriecom/06e966bfd24c10f542b695e9a5b1ecdb.jpg
clothing,women,tops,x,x,clothing-women-tops,20230708-995-baur,de/clothing-women-tops.html,https://baur.de/p/lascana-tanktop/AKLBB759981390?nav-c=420&sku=81872470#nav-i=6&ref=mba&nav-p=P1&relevantProduct=false,https://bilder.baur.de/i/empiriecom/2f6e8d40abc9f1502cbcd2de92821bf3.jpg
clothing,women,tops,x,x,clothing-women-tops,20230708-991-baur,de/clothing-women-tops.html,https://baur.de/p/lascana-tanktop/AKLBB759305970?nav-c=420&sku=1626834141#nav-i=30&ref=mba&nav-p=P1&relevantProduct=false,https://bilder.baur.de/i/empiriecom/a4141e103aecba80ed1e5b896edda8b0.jpg
clothing,women,tops,x,x,clothing-women-tops,20230708-971-baur,de/clothing-women-tops.html,https://baur.de/p/lascana-tanktop-mit-alloverprint/AKLBB1606606603?nav-c=420&sku=1284280593#nav-i=19&ref=mba&nav-p=P1&relevantProduct=false,https://bilder.baur.de/i/empiriecom/76d4622b9117b0b4f2eff9080af2e349.jpg
clothing,women,tops,x,x,clothing-women-tops,20230708-970-baur,de/clothing-women-tops.html,https://baur.de/p/lascana-ripptanktop-mit-kleinem-v-ausschnitt/AKLBB1355715055?nav-c=420&sku=8645806891#nav-i=72&ref=mba&nav-p=P1&relevantProduct=false,https://bilder.baur.de/i/empiriecom/31b9995efbd48951c4ca96c047869974.jpg
clothing,women,tops,x,x,clothing-women-tops,20230708-965-baur,de/clothing-women-tops.html,https://baur.de/p/lascana-tanktop/AKLBB1181063916?nav-c=420&sku=5824330571#nav-i=10&ref=mba&nav-p=P1&relevantProduct=false,https://bilder.baur.de/i/empiriecom/64f6853be55a030a2fb9436bc6f207ef.jpg
clothing,women,tops,x,x,clothing-women-tops,20230708-951-baur,de/clothing-women-tops.html,https://baur.de/p/lascana-strandtop/AKLBB508036904?nav-c=420&sku=46390993#nav-i=24&ref=mba&nav-p=P1&relevantProduct=false,https://bilder.baur.de/i/empiriecom/629ecfa4ac440d76812b7b78c89a837a.jpg
clothing,women,tops,x,x,clothing-women-tops,20230708-950-baur,de/clothing-women-tops.html,https://baur.de/p/vivance-shirttop-2er-pack-mit-herzfoermigen-dekollete/AKLBB1672774573?nav-c=420&sku=8452435468#nav-i=70&ref=mba&nav-p=P1&relevantProduct=false,https://bilder.baur.de/i/empiriecom/9759de273de90409ca34fe2d20018a98.jpg
clothing,women,tops,x,x,clothing-women-tops,20230708-936-baur,de/clothing-women-tops.html,https://baur.de/p/venice-beach-tanktop-mit-logoprint/AKLBB1145610509?nav-c=420&sku=3110300266#nav-i=65&ref=mba&nav-p=P1&relevantProduct=false,https://bilder.baur.de/i/empiriecom/118d3f7f8f2e9e56601e1e3d09bd4b67.jpg
clothing,women,tops,x,x,clothing-women-tops,20230708-930-baur,de/clothing-women-tops.html,https://baur.de/p/lascana-strandtop-mit-spitzenborte-am-halsausschnitt/AKLBB687256409?nav-c=420&sku=47787777#nav-i=11&ref=mba&nav-p=P1&relevantProduct=false,https://bilder.baur.de/i/empiriecom/3598635aad50851d070c2e05ae7ba289.jpg
clothing,women,tops,x,x,clothing-women-tops,20230708-926-baur,de/clothing-women-tops.html,https://baur.de/p/h-i-s-tanktop/AKLBB246252213?nav-c=420&sku=83019992#nav-i=2&ref=mba&nav-p=P1&relevantProduct=false,https://bilder.baur.de/i/empiriecom/3e399773454f47f27468ca01ccc8c5c3.jpg
clothing,women,tops,x,x,clothing-women-tops,20230708-875-baur,de/clothing-women-tops.html,https://baur.de/p/lascana-blusentop-mit-animalprint/AKLBB1676873184?nav-c=420&sku=7720331377#nav-i=40&ref=mba&nav-p=P1&relevantProduct=false,https://bilder.baur.de/i/empiriecom/25e7d596bf8e3117aaead2e9e3c9912e.jpg
clothing,women,tops,x,x,clothing-women-tops,20230708-850-baur,de/clothing-women-tops.html,https://baur.de/p/lascana-strandtop/AKLBB632216564?nav-c=420&sku=2271945783#nav-i=43&ref=mba&nav-p=P1&relevantProduct=false,https://bilder.baur.de/i/empiriecom/cdb6ede8f66ace4c7a003cb3c0f05c31.jpg
clothing,women,tops,x,x,clothing-women-tops,20230708-846-baur,de/clothing-women-tops.html,https://baur.de/p/lascana-tanktop-mit-paisleyprint/AKLBB1224474713?nav-c=420&sku=6760155935#nav-i=14&ref=mba&nav-p=P1&relevantProduct=false,https://bilder.baur.de/i/empiriecom/7e71ae334b4d141c8a9f5338b74ed2cb.jpg
clothing,women,tops,x,x,clothing-women-tops,20230708-843-baur,de/clothing-women-tops.html,https://baur.de/p/beachtime-longtop-set-mit-leggings/AKLBB980604176?nav-c=420&sku=2056390448#nav-i=3&ref=mba&nav-p=P1&relevantProduct=false,https://bilder.baur.de/i/empiriecom/7ea5cc25024d70bb55558f2392577541.jpg
clothing,women,tops,x,x,clothing-women-tops,20230708-815-baur,de/clothing-women-tops.html,https://baur.de/p/lascana-tanktop/AKLBB978529688?nav-c=420&sku=4156846148#nav-i=23&ref=mba&nav-p=P1&relevantProduct=false,https://bilder.baur.de/i/empiriecom/3da48e27387501c5aa79e68c0a8edee4.jpg
clothing,women,tops,x,x,clothing-women-tops,20230708-788-baur,de/clothing-women-tops.html,https://baur.de/p/lascana-blusentop-mit-v-ausschnitt/AKLBB1500149329?nav-c=420&sku=4259315172#nav-i=39&ref=mba&nav-p=P1&relevantProduct=false,https://bilder.baur.de/i/empiriecom/ebbd6b00d1cc2d140e4ff6f39b676041.jpg
clothing,women,tops,x,x,clothing-women-tops,20230708-763-baur,de/clothing-women-tops.html,https://baur.de/p/lascana-tanktop-mit-alloverprint/AKLBB1222243564?nav-c=420&sku=9356706348#nav-i=7&ref=mba&nav-p=P1&relevantProduct=false,https://bilder.baur.de/i/empiriecom/b788b213ab5b9d110edbee054dbb928a.jpg
clothing,women,tops,x,x,clothing-women-tops,20230708-731-baur,de/clothing-women-tops.html,https://baur.de/p/buffalo-tanktop/AKLBB452031406?nav-c=420&sku=36129073#nav-i=51&ref=mba&nav-p=P1&relevantProduct=false,https://bilder.baur.de/i/empiriecom/e9ec767662e4ce1845953134aa600f07.jpg
clothing,women,tops,x,x,clothing-women-tops,20230708-705-baur,de/clothing-women-tops.html,https://baur.de/p/lascana-tanktop-2er-pack-mit-rueschendetails-und-knoepfen-in-hornoptik/AKLBB1539758847?nav-c=420&sku=2380783536#nav-i=37&ref=mba&nav-p=P1&relevantProduct=false,https://bilder.baur.de/i/empiriecom/ace47c1fe27c152255d31bc6013adb8c.jpg
clothing,women,tops,x,x,clothing-women-tops,20230708-694-baur,de/clothing-women-tops.html,https://baur.de/p/street-one-blusentop-mit-geschlitztem-rundhalsausschnitt/AKLBB1767616296?nav-c=420&sku=1442572193#nav-i=36&ref=mba&nav-p=P1&relevantProduct=false,https://bilder.baur.de/i/empiriecom/638949eca4276bcda66fbee31f9a11a3.jpg
clothing,women,tops,x,x,clothing-women-tops,20230708-693-baur,de/clothing-women-tops.html,https://baur.de/p/ajc-shirttop-spar-set-2-tlg-2er-pack-neue-kollektion/AKLBB1615830099?nav-c=420&sku=3787335027#nav-i=61&ref=mba&nav-p=P1&relevantProduct=false,https://bilder.baur.de/i/empiriecom/34f51add5b860911a9dc78025aa3b577.jpg
clothing,women,tops,x,x,clothing-women-tops,20230708-661-baur,de/clothing-women-tops.html,https://baur.de/p/buffalo-strandtop/AKLBB601431633?nav-c=420&sku=79633882#nav-i=17&ref=mba&nav-p=P1&relevantProduct=false,https://bilder.baur.de/i/empiriecom/02ab27fd7707ff32b409cc5c11215372.jpg
clothing,women,tops,x,x,clothing-women-tops,20230708-636-baur,de/clothing-women-tops.html,https://baur.de/p/lascana-bandeautop/AKLBB338913216?nav-c=420&sku=38205994#nav-i=60&ref=mba&nav-p=P1&relevantProduct=false,https://bilder.baur.de/i/empiriecom/7adf3312a24dade004b9ba2e08bdd613.jpg
clothing,women,tops,x,x,clothing-women-tops,20230708-628-baur,de/clothing-women-tops.html,https://baur.de/p/lascana-spitzentop-mit-modischem-stehkragen/AKLBB1228803106?nav-c=420&sku=2124772044#nav-i=59&ref=mba&nav-p=P1&relevantProduct=false,https://bilder.baur.de/i/empiriecom/c1c406428789bbbc86361271b5433b06.jpg
clothing,women,tops,x,x,clothing-women-tops,20230708-618-baur,de/clothing-women-tops.html,https://baur.de/p/lascana-strandtop/AKLBB564955114?nav-c=420&sku=52853791#nav-i=13&ref=mba&nav-p=P1&relevantProduct=false,https://bilder.baur.de/i/empiriecom/c45094e6923b262953df7ef4087827b4.jpg
clothing,women,tops,x,x,clothing-women-tops,20230708-611-baur,de/clothing-women-tops.html,https://baur.de/p/lascana-strandtop/AKLBB594625408?nav-c=420&sku=65827970#nav-i=18&ref=mba&nav-p=P1&relevantProduct=false,https://bilder.baur.de/i/empiriecom/a592775196ceea90df9f28ffaea14ca5.jpg
clothing,women,tops,x,x,clothing-women-tops,20230708-605-baur,de/clothing-women-tops.html,https://baur.de/p/lascana-shirttop-mit-dezenten-raffungen-an-der-schulter/AKLBB1676830469?nav-c=420&sku=9990224358#nav-i=55&ref=mba&nav-p=P1&relevantProduct=false,https://bilder.baur.de/i/empiriecom/bd22b1e1c84687354322917b23f8a0c4.jpg
clothing,women,tops,x,x,clothing-women-tops,20230708-587-baur,de/clothing-women-tops.html,https://baur.de/p/lascana-ripptanktop-mit-zierknoepfen/AKLBB1501489218?nav-c=420&sku=4326402975#nav-i=44&ref=mba&nav-p=P1&relevantProduct=false,https://bilder.baur.de/i/empiriecom/fb9658ccf83aeaf39a0dee39b81dccaa.jpg
clothing,women,tops,x,x,clothing-women-tops,20230708-566-baur,de/clothing-women-tops.html,https://baur.de/p/buffalo-blusentop-aus-gekreppter-viskose/AKLBB1501463630?nav-c=420&sku=7750034429#nav-i=54&ref=mba&nav-p=P1&relevantProduct=false,https://bilder.baur.de/i/empiriecom/d5385d27d8002c07d3990e965ccf62ef.jpg
clothing,women,tops,x,x,clothing-women-tops,20230708-564-baur,de/clothing-women-tops.html,https://baur.de/p/lascana-stricktop-mit-strickmuster/AKLBB1500895164?nav-c=420&sku=8883432363#nav-i=41&ref=mba&nav-p=P1&relevantProduct=false,https://bilder.baur.de/i/empiriecom/f087a37cf759c45bd9385c5e6adb7200.jpg
clothing,women,tops,x,x,clothing-women-tops,20230708-547-baur,de/clothing-women-tops.html,https://baur.de/p/lascana-tanktop/AKLBB986151495?nav-c=420&sku=8219141140#nav-i=50&ref=mba&nav-p=P1&relevantProduct=false,https://bilder.baur.de/i/empiriecom/ab44ef6356db987e33eb1f24974009d5.jpg
clothing,women,tops,x,x,clothing-women-tops,20230708-544-baur,de/clothing-women-tops.html,https://baur.de/p/lascana-stricktop-mit-tollem-strickmuster/AKLBB1355917745?nav-c=420&sku=7408861060#nav-i=15&ref=mba&nav-p=P1&relevantProduct=false,https://bilder.baur.de/i/empiriecom/1f14925e442846a8da19cb78de973885.jpg
clothing,women,tops,x,x,clothing-women-tops,20230708-449-baur,de/clothing-women-tops.html,https://baur.de/p/lascana-strandtop/AKLBB508036901?nav-c=420&sku=58118972#nav-i=66&ref=mba&nav-p=P1&relevantProduct=false,https://bilder.baur.de/i/empiriecom/92e54a392c8196db2081fa50d595c397.jpg
clothing,women,tops,x,x,clothing-women-tops,20230708-444-baur,de/clothing-women-tops.html,https://baur.de/p/aniston-casual-blusentop-mit-farbharmonischen-streifen/AKLBB1157156880?nav-c=420&sku=2456106328#nav-i=48&ref=mba&nav-p=P1&relevantProduct=false,https://bilder.baur.de/i/empiriecom/b982a8adf2f11e127921fb22bc3aae00.jpg
clothing,women,tops,x,x,clothing-women-tops,20230708-442-baur,de/clothing-women-tops.html,https://baur.de/p/seidel-moden-longtop-in-schlichtem-design-made-in-germany/AKLBB1673133228?nav-c=420&sku=2543582874#nav-i=46&ref=mba&nav-p=P1&relevantProduct=false,https://bilder.baur.de/i/empiriecom/284bb67b098587251d3f4572b6f1211c.jpg
clothing,women,tops,x,x,clothing-women-tops,20230708-440-baur,de/clothing-women-tops.html,https://baur.de/p/lascana-stricktop-in-verkuerzter-laenge/AKLBB1676531310?nav-c=420&sku=2275045978#nav-i=31&ref=mba&nav-p=P1&relevantProduct=false,https://bilder.baur.de/i/empiriecom/9ef61ee4276eb556bcbb8b87f719bfa7.jpg
clothing,women,tops,x,x,clothing-women-tops,20230708-373-baur,de/clothing-women-tops.html,https://baur.de/p/heine-blusentop/AKLBB1551779987?nav-c=420&sku=2556042651#nav-i=63&ref=mba&nav-p=P1&relevantProduct=false,https://bilder.baur.de/i/empiriecom/7e9dd41aa58def21a45855501775187e.jpg
clothing,women,tops,x,x,clothing-women-tops,20230708-344-baur,de/clothing-women-tops.html,https://baur.de/p/lascana-blusentop-mit-lochstickerei/AKLBB1505739510?nav-c=420&sku=8165426160#nav-i=21&ref=mba&nav-p=P1&relevantProduct=false,https://bilder.baur.de/i/empiriecom/06e4ceeaf2045242ea52ac4223e87014.jpg
clothing,women,tops,x,x,clothing-women-tops,20230708-342-baur,de/clothing-women-tops.html,https://baur.de/p/lascana-tanktop/AKLBB993260829?nav-c=420&sku=1937013466#nav-i=42&ref=mba&nav-p=P1&relevantProduct=false,https://bilder.baur.de/i/empiriecom/9ae69c2b8d0938d00431b40df4dc370b.jpg
clothing,women,tops,x,x,clothing-women-tops,20230708-256-baur,de/clothing-women-tops.html,https://baur.de/p/creation-l-blusentop/AKLBB1688092849?nav-c=420&sku=8613833472#nav-i=58&ref=mba&nav-p=P1&relevantProduct=false,https://bilder.baur.de/i/empiriecom/8fe7c031a69ad2253c55691266122755.jpg
clothing,women,tops,x,x,clothing-women-tops,20230708-251-baur,de/clothing-women-tops.html,https://baur.de/p/lascana-shirttop/AKLBB1676827304?nav-c=420&sku=6764623216#nav-i=49&ref=mba&nav-p=P1&relevantProduct=false,https://bilder.baur.de/i/empiriecom/8049cf35516cbb3866ff5dfbae35bd36.jpg
clothing,women,tops,x,x,clothing-women-tops,20230708-245-baur,de/clothing-women-tops.html,https://baur.de/p/lascana-shirttop-packung-2-tlg-2er-pack-mit-knoepfen-in-hornoptik/AKLBB1611673659?nav-c=420&sku=6975780044#nav-i=47&ref=mba&nav-p=P1&relevantProduct=false,https://bilder.baur.de/i/empiriecom/edf16c82448393f85e597101fd8efba2.jpg
clothing,women,tops,x,x,clothing-women-tops,20230708-184-baur,de/clothing-women-tops.html,https://baur.de/p/lascana-strandtop/AKLBB685291529?nav-c=420&sku=3960535562#nav-i=62&ref=mba&nav-p=P1&relevantProduct=false,https://bilder.baur.de/i/empiriecom/66cff5669588c370f20b60a5342de526.jpg
clothing,women,tops,x,x,clothing-women-tops,20230708-183-baur,de/clothing-women-tops.html,https://baur.de/p/lascana-spaghettitop-aus-leicht-glaenzender-stretchware/AKLBB1254331227?nav-c=420&sku=7127046540#nav-i=69&ref=mba&nav-p=P1&relevantProduct=false,https://bilder.baur.de/i/empiriecom/e39525506bf12b5c36effe0d3d27eb5b.jpg
clothing,women,tops,x,x,clothing-women-tops,20230708-178-baur,de/clothing-women-tops.html,https://baur.de/p/lascana-strandtop/AKLBB779393356?nav-c=420&sku=5363450544#nav-i=67&ref=mba&nav-p=P1&relevantProduct=false,https://bilder.baur.de/i/empiriecom/8e1876b6ee3309adf96594ef6b21f652.jpg
clothing,women,tops,x,x,clothing-women-tops,20230708-176-baur,de/clothing-women-tops.html,https://baur.de/p/lascana-spaghettitop/AKLBB1208096496?nav-c=420&sku=7561354367#nav-i=53&ref=mba&nav-p=P1&relevantProduct=false,https://bilder.baur.de/i/empiriecom/9525682dc35a636843539e2a97f827e1.jpg
clothing,women,tops,x,x,clothing-women-tops,20230708-170-baur,de/clothing-women-tops.html,https://baur.de/p/buffalo-strandtop/AKLBB633408429?nav-c=420&sku=3375063649#nav-i=71&ref=mba&nav-p=P1&relevantProduct=false,https://bilder.baur.de/i/empiriecom/827e5778e8b7d550c8df46790a6bf4a6.jpg
clothing,women,tops,x,x,clothing-women-tops,20230708-128-baur,de/clothing-women-tops.html,https://baur.de/p/lascana-strandtop/AKLBB545098544?nav-c=420&sku=52950281#nav-i=38&ref=mba&nav-p=P1&relevantProduct=false,https://bilder.baur.de/i/empiriecom/e8fab53e6b3004c35259f5c586d11e9b.jpg
clothing,women,tops,x,x,clothing-women-tops,20230708-126-baur,de/clothing-women-tops.html,https://baur.de/p/lascana-tanktop-mit-alloverprint/AKLBB1606583587?nav-c=420&sku=1009381850#nav-i=20&ref=mba&nav-p=P1&relevantProduct=false,https://bilder.baur.de/i/empiriecom/6e453f59ddc2d56adc0f686cd504a7ac.jpg
