clothing,women,pants,x,x,clothing-women-pants,20230709-987-baur,de/clothing-women-pants.html,https://baur.de/p/lascana-palazzohose/AKLBB1676832217?nav-c=188&sku=4209274854#nav-i=70&ref=mba&nav-p=P1&relevantProduct=false,https://bilder.baur.de/i/empiriecom/5e78e3b7c796696dfd08d52f9a0c1cb3.jpg
clothing,women,pants,x,x,clothing-women-pants,20230709-958-baur,de/clothing-women-pants.html,https://baur.de/p/cecil-stoffhose-in-unifarbe/AKLBB1767276363?nav-c=188&sku=4257952093#nav-i=69&ref=mba&nav-p=P1&relevantProduct=false,https://bilder.baur.de/i/empiriecom/227b9a07fb67b8a574bc20b853423b10.jpg
clothing,women,pants,x,x,clothing-women-pants,20230709-891-baur,de/clothing-women-pants.html,https://baur.de/p/lascana-strandshorts/AKLBB784239638?nav-c=188&sku=4882611547#nav-i=63&ref=mba&nav-p=P1&relevantProduct=false,https://bilder.baur.de/i/empiriecom/f1ea1cfa15f3e3f611a38ae9d9b5a34e.jpg
clothing,women,pants,x,x,clothing-women-pants,20230709-805-baur,de/clothing-women-pants.html,https://baur.de/p/schoeffel-bermudas-shorts-toblach2/AKLBB840052281?nav-c=188&sku=9806153899#nav-i=68&ref=mba&nav-p=P1&relevantProduct=false,https://bilder.baur.de/i/empiriecom/b4b2bc1a8a3e84838114b026d022c96f.jpg
clothing,women,pants,x,x,clothing-women-pants,20230709-737-baur,de/clothing-women-pants.html,https://baur.de/p/delmao-bermudas-mit-trendigen-details-und-kleiner-marken-logo-stickerei-neue-marke/AKLBB1650686989?nav-c=188&sku=3995421688#nav-i=66&ref=mba&nav-p=P1&relevantProduct=false,https://bilder.baur.de/i/empiriecom/928d1056805bc32484d3bf54cd04e8b1.jpg
clothing,women,pants,x,x,clothing-women-pants,20230709-732-baur,de/clothing-women-pants.html,https://baur.de/p/vivance-palazzohose-mit-alloverdruck/AKLBB1367845558?nav-c=188&sku=6645995079#nav-i=59&ref=mba&nav-p=P1&relevantProduct=false,https://bilder.baur.de/i/empiriecom/5b1c8ae5b05fbbdff5941b1fdee1cd31.jpg
clothing,women,pants,x,x,clothing-women-pants,20230709-580-baur,de/clothing-women-pants.html,https://baur.de/p/aniston-selected-schlupfhose-mit-kleinem-allover-muster-neue-kollektion/AKLBB1691433820?nav-c=188&sku=1289962523#nav-i=72&ref=mba&nav-p=P1&relevantProduct=false,https://bilder.baur.de/i/empiriecom/10421a4ab1b05bf87a4cde703434c8ed.jpg
clothing,women,pants,x,x,clothing-women-pants,20230709-229-baur,de/clothing-women-pants.html,https://baur.de/p/kangaroos-bermudas/AKLBB102646493?nav-c=188&sku=44079096#nav-i=67&ref=mba&nav-p=P1&relevantProduct=false,https://bilder.baur.de/i/empiriecom/9c417e6daf16bc72e25ae2c4871044d6.jpg
clothing,women,pants,x,x,clothing-women-pants,20230709-218-baur,de/clothing-women-pants.html,https://baur.de/p/heine-stretch-hose/AKLBB1389229901?nav-c=188&sku=1977920597#nav-i=58&ref=mba&nav-p=P1&relevantProduct=false,https://bilder.baur.de/i/empiriecom/78d44ac4ae1e10379f7737d471318b7c.jpg
clothing,women,pants,x,x,clothing-women-pants,20230709-211-baur,de/clothing-women-pants.html,https://baur.de/p/street-one-stoffhose-aus-baumwolle-mit-stretchanteil/AKLBB1764698393?nav-c=188&sku=2154994393#nav-i=43&ref=mba&nav-p=P1&relevantProduct=false,https://bilder.baur.de/i/empiriecom/6aba8de26944c8e4399e288908ba70f7.jpg
clothing,women,pants,x,x,clothing-women-pants,20230709-193-baur,de/clothing-women-pants.html,https://baur.de/p/beachtime-7-8-caprijeans/AKLBB565571665?nav-c=188&sku=22159484#nav-i=1&ref=mba&nav-p=P1&relevantProduct=false,https://bilder.baur.de/i/empiriecom/77a04434e64dd6263a4299d0d3a97bdd.jpg
clothing,women,pants,x,x,clothing-women-pants,20230708-968-baur,de/clothing-women-pants.html,https://baur.de/p/lascana-7-8-jeggings/AKLBB990717247?nav-c=188&sku=3726960884#nav-i=33&ref=mba&nav-p=P1&relevantProduct=false,https://bilder.baur.de/i/empiriecom/1cdcb1acf2a6d331a9ad0d4b1bf82363.jpg
clothing,women,pants,x,x,clothing-women-pants,20230708-962-baur,de/clothing-women-pants.html,https://baur.de/p/bench-sweathose/AKLBB767745244?nav-c=188&sku=3954936115#nav-i=57&ref=mba&nav-p=P1&relevantProduct=false,https://bilder.baur.de/i/empiriecom/16347496c8c7ed18921fbb381335ed33.jpg
clothing,women,pants,x,x,clothing-women-pants,20230708-917-baur,de/clothing-women-pants.html,https://baur.de/p/lascana-7-8-jeggings-mit-paisleymuster/AKLBB1224180542?nav-c=188&sku=5360761060#nav-i=44&ref=mba&nav-p=P1&relevantProduct=false,https://bilder.baur.de/i/empiriecom/b58051a7beb8ed1b242e399647bbd0fe.jpg
clothing,women,pants,x,x,clothing-women-pants,20230708-912-baur,de/clothing-women-pants.html,https://baur.de/p/lascana-7-8-hose/AKLBB779393351?nav-c=188&sku=7478100955#nav-i=22&ref=mba&nav-p=P1&relevantProduct=false,https://bilder.baur.de/i/empiriecom/4713280fc8e2b87feb808200b06815f6.jpg
clothing,women,pants,x,x,clothing-women-pants,20230708-879-baur,de/clothing-women-pants.html,https://baur.de/p/lascana-hosenrock-aus-glatter-ware/AKLBB1632536921?nav-c=188&sku=3487056153#nav-i=10&ref=mba&nav-p=P1&relevantProduct=false,https://bilder.baur.de/i/empiriecom/3d8a0b1b9d92ac4c086febf1480d5788.jpg
clothing,women,pants,x,x,clothing-women-pants,20230708-866-baur,de/clothing-women-pants.html,https://baur.de/p/lascana-jeggings/AKLBB682766562?nav-c=188&sku=3744180789#nav-i=64&ref=mba&nav-p=P1&relevantProduct=false,https://bilder.baur.de/i/empiriecom/47ea12a9dd99b504cc9b7260484cbd2f.jpg
clothing,women,pants,x,x,clothing-women-pants,20230708-833-baur,de/clothing-women-pants.html,https://baur.de/p/lascana-chinohose-in-verkuerzter-laenge/AKLBB1224221780?nav-c=188&sku=6366034920#nav-i=53&ref=mba&nav-p=P1&relevantProduct=false,https://bilder.baur.de/i/empiriecom/100e83a8d1e70daeec73f7e649a0e60e.jpg
clothing,women,pants,x,x,clothing-women-pants,20230708-831-baur,de/clothing-women-pants.html,https://baur.de/p/buffalo-strandhose/AKLBB932793584?nav-c=188&sku=5320091763#nav-i=63&ref=mba&nav-p=P1&relevantProduct=false,https://bilder.baur.de/i/empiriecom/2bc2ee433876c1f75ad26fe5c150872a.jpg
clothing,women,pants,x,x,clothing-women-pants,20230708-823-baur,de/clothing-women-pants.html,https://baur.de/p/lascana-7-8-jeggings/AKLBB978545243?nav-c=188&sku=4456496068#nav-i=6&ref=mba&nav-p=P1&relevantProduct=false,https://bilder.baur.de/i/empiriecom/290f4377afbdffd7e9fde662edc5fef3.jpg
clothing,women,pants,x,x,clothing-women-pants,20230708-821-baur,de/clothing-women-pants.html,https://baur.de/p/elbsand-sweathose-brinja-mit-logoprint-am-bund/AKLBB1680507814?nav-c=188&sku=2838812721#nav-i=14&ref=mba&nav-p=P1&relevantProduct=false,https://bilder.baur.de/i/empiriecom/76ded1b5b755d922f00209d08620b2e4.jpg
clothing,women,pants,x,x,clothing-women-pants,20230708-810-baur,de/clothing-women-pants.html,https://baur.de/p/s-oliver-beachwear-strandhose/AKLBB687110083?nav-c=188&sku=3856103581#nav-i=45&ref=mba&nav-p=P1&relevantProduct=false,https://bilder.baur.de/i/empiriecom/749519366eb7bf39d18f5802eb51a599.jpg
clothing,women,pants,x,x,clothing-women-pants,20230708-775-baur,de/clothing-women-pants.html,https://baur.de/p/lascana-strandhose/AKLBB758865841?nav-c=188&sku=4324961711#nav-i=39&ref=mba&nav-p=P1&relevantProduct=false,https://bilder.baur.de/i/empiriecom/ec0ab41466eb9b9746c0e7a9e2190eb8.jpg
clothing,women,pants,x,x,clothing-women-pants,20230708-773-baur,de/clothing-women-pants.html,https://baur.de/p/lascana-stretch-hose-mit-reissverschluss-seitlich-am-bund/AKLBB1533826933?nav-c=188&sku=3666572417#nav-i=19&ref=mba&nav-p=P1&relevantProduct=false,https://bilder.baur.de/i/empiriecom/1af9d3f2e572cb125081530e076f7b43.jpg
clothing,women,pants,x,x,clothing-women-pants,20230708-768-baur,de/clothing-women-pants.html,https://baur.de/p/street-one-3-4-hose-in-unifarbe/AKLBB1745365500?nav-c=188&sku=4042181893#nav-i=5&ref=mba&nav-p=P1&relevantProduct=false,https://bilder.baur.de/i/empiriecom/e6985ee3b9dddcefdc247a7a2d5bc2dd.jpg
clothing,women,pants,x,x,clothing-women-pants,20230708-755-baur,de/clothing-women-pants.html,https://baur.de/p/lascana-hosenrock-mit-floralem-alloverdruck/AKLBB1632536955?nav-c=188&sku=9413206612#nav-i=35&ref=mba&nav-p=P1&relevantProduct=false,https://bilder.baur.de/i/empiriecom/f488a2178b16157c66c1f192f6fa78a2.jpg
clothing,women,pants,x,x,clothing-women-pants,20230708-754-baur,de/clothing-women-pants.html,https://baur.de/p/tom-tailor-7-8-hose-set-2-tlg-inkl-guertel-mit-guertel-und-halbverdeckter-knopfleiste/AKLBB1670229508?nav-c=188&sku=7079172677#nav-i=37&ref=mba&nav-p=P1&relevantProduct=false,https://bilder.baur.de/i/empiriecom/562db04705160de223bcee1a4ad69449.jpg
clothing,women,pants,x,x,clothing-women-pants,20230708-750-baur,de/clothing-women-pants.html,https://baur.de/p/gang-cargohose-amelie/AKLBB1179233389?nav-c=188&sku=3638712757#nav-i=27&ref=mba&nav-p=P1&relevantProduct=false,https://bilder.baur.de/i/empiriecom/12bd0d38f1116df24d51408fe76a0cb7.jpg
clothing,women,pants,x,x,clothing-women-pants,20230708-743-baur,de/clothing-women-pants.html,https://baur.de/p/lascana-anzughose-in-trendiger-7-8-laenge/AKLBB1501972157?nav-c=188&sku=6120602486#nav-i=29&ref=mba&nav-p=P1&relevantProduct=false,https://bilder.baur.de/i/empiriecom/6dadbd6142030ccd31cb9040e47e6412.jpg
clothing,women,pants,x,x,clothing-women-pants,20230708-739-baur,de/clothing-women-pants.html,https://baur.de/p/vivance-chinohose-mit-guertel-in-lederoptik-in-klassischer-basic-form/AKLBB1231584083?nav-c=188&sku=2122551665#nav-i=1&ref=mba&nav-p=P1&relevantProduct=false,https://bilder.baur.de/i/empiriecom/119c17e8be22ee6ad71935d32e1221d4.jpg
clothing,women,pants,x,x,clothing-women-pants,20230708-738-baur,de/clothing-women-pants.html,https://baur.de/p/casual-looks-3-4-jeans-1-tlg/AKLBB1685013251?nav-c=188&sku=4840776749#nav-i=59&ref=mba&nav-p=P1&relevantProduct=false,https://bilder.baur.de/i/empiriecom/bef2f3f2c7254749dc9146542ad03252.jpg
clothing,women,pants,x,x,clothing-women-pants,20230708-736-baur,de/clothing-women-pants.html,https://baur.de/p/venice-beach-jogginghose/AKLBB1145610507?nav-c=188&sku=6803362265#nav-i=65&ref=mba&nav-p=P1&relevantProduct=false,https://bilder.baur.de/i/empiriecom/13a04b7ca2ccbbac186df137369eed22.jpg
clothing,women,pants,x,x,clothing-women-pants,20230708-727-baur,de/clothing-women-pants.html,https://baur.de/p/buffalo-strandhose/AKLBB536869451?nav-c=188&sku=38160694#nav-i=71&ref=mba&nav-p=P1&relevantProduct=false,https://bilder.baur.de/i/empiriecom/d1783641ef5234c7eee7576be81a479f.jpg
clothing,women,pants,x,x,clothing-women-pants,20230708-711-baur,de/clothing-women-pants.html,https://baur.de/p/buffalo-strandhose/AKLBB601434832?nav-c=188&sku=84039472#nav-i=13&ref=mba&nav-p=P1&relevantProduct=false,https://bilder.baur.de/i/empiriecom/5d49fdeda512329524a51243bdef07c3.jpg
clothing,women,pants,x,x,clothing-women-pants,20230708-691-baur,de/clothing-women-pants.html,https://baur.de/p/lascana-bermudas/AKLBB482923726?nav-c=188&sku=44015072#nav-i=2&ref=mba&nav-p=P1&relevantProduct=false,https://bilder.baur.de/i/empiriecom/ab2f64398ebc78bb2e824ef95ae99aca.jpg
clothing,women,pants,x,x,clothing-women-pants,20230708-673-baur,de/clothing-women-pants.html,https://baur.de/p/s-oliver-beachwear-bermudas/AKLBB988032399?nav-c=188&sku=4007121688#nav-i=23&ref=mba&nav-p=P1&relevantProduct=false,https://bilder.baur.de/i/empiriecom/d7c2e7c98c1167f25977b0b7273a7b02.jpg
clothing,women,pants,x,x,clothing-women-pants,20230708-648-baur,de/clothing-women-pants.html,https://baur.de/p/lascana-culotte-mit-bindeguertel-und-tupfenprint/AKLBB1676827300?nav-c=188&sku=9070892082#nav-i=47&ref=mba&nav-p=P1&relevantProduct=false,https://bilder.baur.de/i/empiriecom/c8eeca9de47d319a5c052a7414b14dfe.jpg
clothing,women,pants,x,x,clothing-women-pants,20230708-636-baur,de/clothing-women-pants.html,https://baur.de/p/beachtime-7-8-caprijeans/AKLBB565571665?nav-c=188&sku=5442561453#nav-i=3&ref=mba&nav-p=P1&relevantProduct=false,https://bilder.baur.de/i/empiriecom/0a33ec84087956d53c7a5bcc4e09912c.jpg
clothing,women,pants,x,x,clothing-women-pants,20230708-624-baur,de/clothing-women-pants.html,https://baur.de/p/delmao-chinohose-set-2-tlg-mit-guertel-mit-passendem-guertel-neue-marke/AKLBB1641991825?nav-c=188&sku=7442555166#nav-i=31&ref=mba&nav-p=P1&relevantProduct=false,https://bilder.baur.de/i/empiriecom/d60de981dd5ad5683c7db88695515d82.jpg
clothing,women,pants,x,x,clothing-women-pants,20230708-622-baur,de/clothing-women-pants.html,https://baur.de/p/street-one-stoffhose-aus-baumwolle-mit-stretchanteil/AKLBB1764698393?nav-c=188&sku=9564246293#nav-i=68&ref=mba&nav-p=P1&relevantProduct=false,https://bilder.baur.de/i/empiriecom/a71dd9f2a20a3259c45a422cf6c02c85.jpg
clothing,women,pants,x,x,clothing-women-pants,20230708-621-baur,de/clothing-women-pants.html,https://baur.de/p/lascana-strandhose/AKLBB505387013?nav-c=188&sku=79749986#nav-i=11&ref=mba&nav-p=P1&relevantProduct=false,https://bilder.baur.de/i/empiriecom/c7b5a7ca365877b8095c6bc3496cbc82.jpg
clothing,women,pants,x,x,clothing-women-pants,20230708-618-baur,de/clothing-women-pants.html,https://baur.de/p/gang-5-pocket-hose-94amelie-cropped-5-pocket-style-mit-modisch-verkuerzter-beinlaenge/AKLBB1668534268?nav-c=188&sku=8134520067#nav-i=51&ref=mba&nav-p=P1&relevantProduct=false,https://bilder.baur.de/i/empiriecom/d14614b3feda7c1b333d578289fbe053.jpg
clothing,women,pants,x,x,clothing-women-pants,20230708-594-baur,de/clothing-women-pants.html,https://baur.de/p/lascana-bermudas/AKLBB759937336?nav-c=188&sku=7786803238#nav-i=26&ref=mba&nav-p=P1&relevantProduct=false,https://bilder.baur.de/i/empiriecom/b92c521e15a46537a01b8ffa99b8e7b2.jpg
clothing,women,pants,x,x,clothing-women-pants,20230708-590-baur,de/clothing-women-pants.html,https://baur.de/p/lascana-hosenrock/AKLBB582752318?nav-c=188&sku=34800483#nav-i=58&ref=mba&nav-p=P1&relevantProduct=false,https://bilder.baur.de/i/empiriecom/12c91255a024d1ec2d3e349be701eeb0.jpg
clothing,women,pants,x,x,clothing-women-pants,20230708-571-baur,de/clothing-women-pants.html,https://baur.de/p/lascana-caprihose/AKLBB759937018?nav-c=188&sku=8195015260#nav-i=4&ref=mba&nav-p=P1&relevantProduct=false,https://bilder.baur.de/i/empiriecom/c3257537a46a81f9434e25a0ba7c5a82.jpg
clothing,women,pants,x,x,clothing-women-pants,20230708-562-baur,de/clothing-women-pants.html,https://baur.de/p/lascana-schlupfhose/AKLBB861124601?nav-c=188&sku=4567016269#nav-i=38&ref=mba&nav-p=P1&relevantProduct=false,https://bilder.baur.de/i/empiriecom/dc20febd59d15937f055aa72f133c1d7.jpg
clothing,women,pants,x,x,clothing-women-pants,20230708-551-baur,de/clothing-women-pants.html,https://baur.de/p/cecil-culotte-mit-elastikbund/AKLBB1737793121?nav-c=188&sku=5790803493#nav-i=55&ref=mba&nav-p=P1&relevantProduct=false,https://bilder.baur.de/i/empiriecom/cfd3e7c421d562d6686da43f24851a1e.jpg
clothing,women,pants,x,x,clothing-women-pants,20230708-518-baur,de/clothing-women-pants.html,https://baur.de/p/lascana-strandshorts/AKLBB392378527?nav-c=188&sku=1536020229#nav-i=8&ref=mba&nav-p=P1&relevantProduct=false,https://bilder.baur.de/i/empiriecom/a3737c89db01b1334b5049eb175212ad.jpg
clothing,women,pants,x,x,clothing-women-pants,20230708-510-baur,de/clothing-women-pants.html,https://baur.de/p/lascana-palazzohose-mit-bindeguertel-mit-blumendruck/AKLBB1676831946?nav-c=188&sku=6864805613#nav-i=34&ref=mba&nav-p=P1&relevantProduct=false,https://bilder.baur.de/i/empiriecom/5d5c9bf43e59024e53c95e598de0fc00.jpg
clothing,women,pants,x,x,clothing-women-pants,20230708-506-baur,de/clothing-women-pants.html,https://baur.de/p/lascana-palazzohose-im-business-look/AKLBB1608986992?nav-c=188&sku=9831540682#nav-i=25&ref=mba&nav-p=P1&relevantProduct=false,https://bilder.baur.de/i/empiriecom/032848310dd257bf3b77dba1d13c5b8a.jpg
clothing,women,pants,x,x,clothing-women-pants,20230708-461-baur,de/clothing-women-pants.html,https://baur.de/p/street-one-stoffhose-4-pocket-style/AKLBB1748678568?nav-c=188&sku=8391210393#nav-i=24&ref=mba&nav-p=P1&relevantProduct=false,https://bilder.baur.de/i/empiriecom/b24b7172718a2bdee60205adf3e8ed20.jpg
clothing,women,pants,x,x,clothing-women-pants,20230708-451-baur,de/clothing-women-pants.html,https://baur.de/p/lascana-palazzohose/AKLBB1109619110?nav-c=188&sku=9019620361#nav-i=7&ref=mba&nav-p=P1&relevantProduct=false,https://bilder.baur.de/i/empiriecom/083f1134c0b80dd435c776cc12baee2c.jpg
clothing,women,pants,x,x,clothing-women-pants,20230708-451-baur,de/clothing-women-pants.html,https://baur.de/p/lascana-hosenrock-mit-bluemchendruck/AKLBB1632536640?nav-c=188&sku=6119131149#nav-i=18&ref=mba&nav-p=P1&relevantProduct=false,https://bilder.baur.de/i/empiriecom/df88c501cec500586be72e7b71e97226.jpg
clothing,women,pants,x,x,clothing-women-pants,20230708-450-baur,de/clothing-women-pants.html,https://baur.de/p/lascana-schlupfhose/AKLBB854849958?nav-c=188&sku=1476195062#nav-i=15&ref=mba&nav-p=P1&relevantProduct=false,https://bilder.baur.de/i/empiriecom/f44c7ab05a32571b84d6c81587e169de.jpg
clothing,women,pants,x,x,clothing-women-pants,20230708-449-baur,de/clothing-women-pants.html,https://baur.de/p/bench-loungehose/AKLBB691022203?nav-c=188&sku=6041916516#nav-i=70&ref=mba&nav-p=P1&relevantProduct=false,https://bilder.baur.de/i/empiriecom/8fca164ba126fe5a59cf0f0f99dec79e.jpg
clothing,women,pants,x,x,clothing-women-pants,20230708-427-baur,de/clothing-women-pants.html,https://baur.de/p/lascana-hosenrock-aus-glatter-ware/AKLBB1253503643?nav-c=188&sku=4918395197#nav-i=66&ref=mba&nav-p=P1&relevantProduct=false,https://bilder.baur.de/i/empiriecom/bf3f7a9e7043ced5ba80481060261d8f.jpg
clothing,women,pants,x,x,clothing-women-pants,20230708-394-baur,de/clothing-women-pants.html,https://baur.de/p/lascana-strandhose/AKLBB633783652?nav-c=188&sku=5794970244#nav-i=20&ref=mba&nav-p=P1&relevantProduct=false,https://bilder.baur.de/i/empiriecom/5b153d8058ab3f291473cf85a8d4ace6.jpg
clothing,women,pants,x,x,clothing-women-pants,20230708-376-baur,de/clothing-women-pants.html,https://baur.de/p/lascana-shorts-mit-bindeguertel-in-laessiger-leinen-optik/AKLBB1222754639?nav-c=188&sku=5061800015#nav-i=32&ref=mba&nav-p=P1&relevantProduct=false,https://bilder.baur.de/i/empiriecom/640576fca110a71c227e86abd3d17320.jpg
clothing,women,pants,x,x,clothing-women-pants,20230708-376-baur,de/clothing-women-pants.html,https://baur.de/p/lascana-strandhose/AKLBB575267227?nav-c=188&sku=61823388#nav-i=54&ref=mba&nav-p=P1&relevantProduct=false,https://bilder.baur.de/i/empiriecom/3995954f266bff8eef9a8eb922f7ceb2.jpg
clothing,women,pants,x,x,clothing-women-pants,20230708-340-baur,de/clothing-women-pants.html,https://baur.de/p/street-one-7-8-hose-middle-waist/AKLBB1765210770?nav-c=188&sku=6511255993#nav-i=17&ref=mba&nav-p=P1&relevantProduct=false,https://bilder.baur.de/i/empiriecom/152be90464bcb15c62e60bd668661ef4.jpg
clothing,women,pants,x,x,clothing-women-pants,20230708-333-baur,de/clothing-women-pants.html,https://baur.de/p/vivance-jogger-pants-mit-karomuster/AKLBB1253737328?nav-c=188&sku=4652581588#nav-i=21&ref=mba&nav-p=P1&relevantProduct=false,https://bilder.baur.de/i/empiriecom/edd0bcfd36dbc1b373c8067a9867cb7b.jpg
clothing,women,pants,x,x,clothing-women-pants,20230708-332-baur,de/clothing-women-pants.html,https://baur.de/p/lascana-7-8-jeggings/AKLBB980590574?nav-c=188&sku=8591204546#nav-i=12&ref=mba&nav-p=P1&relevantProduct=false,https://bilder.baur.de/i/empiriecom/946f73f09668846c7094237823249d28.jpg
clothing,women,pants,x,x,clothing-women-pants,20230708-305-baur,de/clothing-women-pants.html,https://baur.de/p/beachtime-7-8-strandhose/AKLBB100592238?nav-c=188&sku=44875080#nav-i=61&ref=mba&nav-p=P1&relevantProduct=false,https://bilder.baur.de/i/empiriecom/85c8e720ad962dc804013fe468529616.jpg
clothing,women,pants,x,x,clothing-women-pants,20230708-292-baur,de/clothing-women-pants.html,https://baur.de/p/buffalo-palazzohose/AKLBB1230007458?nav-c=188&sku=8916146029#nav-i=67&ref=mba&nav-p=P1&relevantProduct=false,https://bilder.baur.de/i/empiriecom/1fd39e95b4386a5559e1b71bda718733.jpg
clothing,women,pants,x,x,clothing-women-pants,20230708-274-baur,de/clothing-women-pants.html,https://baur.de/p/cecil-3-4-hose-4-pocket-style/AKLBB1731914693?nav-c=188&sku=3606722593#nav-i=56&ref=mba&nav-p=P1&relevantProduct=false,https://bilder.baur.de/i/empiriecom/8f944c421bdea26df8f6fc1ddeecdedc.jpg
clothing,women,pants,x,x,clothing-women-pants,20230708-273-baur,de/clothing-women-pants.html,https://baur.de/p/sheego-schlupfhose-grosse-groessen-im-lagenlook/AKLBB1640965533?nav-c=188&sku=1191485744#nav-i=69&ref=mba&nav-p=P1&relevantProduct=false,https://bilder.baur.de/i/empiriecom/1bd8b90a01ca028cecc510315b1d0789.jpg
clothing,women,pants,x,x,clothing-women-pants,20230708-264-baur,de/clothing-women-pants.html,https://baur.de/p/elbsand-sweathose-brinja/AKLBB1680506855?nav-c=188&sku=7697332142#nav-i=28&ref=mba&nav-p=P1&relevantProduct=false,https://bilder.baur.de/i/empiriecom/949f23295fa7e5f925342eac7c30a845.jpg
clothing,women,pants,x,x,clothing-women-pants,20230708-258-baur,de/clothing-women-pants.html,https://baur.de/p/ajc-chinohose-in-laessiger-form-mit-pattentaschen/AKLBB233152171?nav-c=188&sku=74195580#nav-i=52&ref=mba&nav-p=P1&relevantProduct=false,https://bilder.baur.de/i/empiriecom/9f596c609897da7c639d2dea0a9510c7.jpg
clothing,women,pants,x,x,clothing-women-pants,20230708-242-baur,de/clothing-women-pants.html,https://baur.de/p/lascana-culotte-mit-bindeguertel-mit-alloverdruck/AKLBB1501530080?nav-c=188&sku=2088234072#nav-i=43&ref=mba&nav-p=P1&relevantProduct=false,https://bilder.baur.de/i/empiriecom/7a45340501984261e280611b790448c2.jpg
clothing,women,pants,x,x,clothing-women-pants,20230708-235-baur,de/clothing-women-pants.html,https://baur.de/p/lascana-palazzohose-mit-bindeguertel-im-paperbag-style/AKLBB1356356818?nav-c=188&sku=8742662641#nav-i=36&ref=mba&nav-p=P1&relevantProduct=false,https://bilder.baur.de/i/empiriecom/a724946b1e3bafc0dc4548662b0781a6.jpg
clothing,women,pants,x,x,clothing-women-pants,20230708-223-baur,de/clothing-women-pants.html,https://baur.de/p/buffalo-jerseyhose-mit-alloverdruck/AKLBB1676863285?nav-c=188&sku=6249806156#nav-i=46&ref=mba&nav-p=P1&relevantProduct=false,https://bilder.baur.de/i/empiriecom/aca0cd16e1a42981d623c592dc5da582.jpg
clothing,women,pants,x,x,clothing-women-pants,20230708-222-baur,de/clothing-women-pants.html,https://baur.de/p/lascana-culotte/AKLBB707094489?nav-c=188&sku=4795375470#nav-i=60&ref=mba&nav-p=P1&relevantProduct=false,https://bilder.baur.de/i/empiriecom/75a55b97748945820e3a6a62659dc79a.jpg
clothing,women,pants,x,x,clothing-women-pants,20230708-213-baur,de/clothing-women-pants.html,https://baur.de/p/street-one-shorts-in-unifarbe/AKLBB1745440091?nav-c=188&sku=4739874493#nav-i=72&ref=mba&nav-p=P1&relevantProduct=false,https://bilder.baur.de/i/empiriecom/268150b6c1301edc2a8b0aad3b03102a.jpg
clothing,women,pants,x,x,clothing-women-pants,20230708-202-baur,de/clothing-women-pants.html,https://baur.de/p/street-one-caprihose-aus-baumwolle-mit-stretchanteil/AKLBB1738147193?nav-c=188&sku=8421484593#nav-i=50&ref=mba&nav-p=P1&relevantProduct=false,https://bilder.baur.de/i/empiriecom/e85017c736573045b2e8ee1fa7055cf3.jpg
clothing,women,pants,x,x,clothing-women-pants,20230708-198-baur,de/clothing-women-pants.html,https://baur.de/p/delmao-chinohose-set-2-tlg-mit-guertel-knoechelfrei-mit-passendem-guertel-neue-marke/AKLBB1641991791?nav-c=188&sku=7245654147#nav-i=48&ref=mba&nav-p=P1&relevantProduct=false,https://bilder.baur.de/i/empiriecom/47dde2ceb686f052cbe8382c7058b64d.jpg
clothing,women,pants,x,x,clothing-women-pants,20230708-120-baur,de/clothing-women-pants.html,https://baur.de/p/vivance-hosenrock-mit-blumendruck/AKLBB1507186150?nav-c=188&sku=2531752840#nav-i=41&ref=mba&nav-p=P1&relevantProduct=false,https://bilder.baur.de/i/empiriecom/9c0942894fb99c25d9945388e2a581b8.jpg
clothing,women,pants,x,x,clothing-women-pants,20230708-117-baur,de/clothing-women-pants.html,https://baur.de/p/lascana-strandhose/AKLBB683984282?nav-c=188&sku=3572374275#nav-i=9&ref=mba&nav-p=P1&relevantProduct=false,https://bilder.baur.de/i/empiriecom/ce15df781776f7ceaab50b8df717e06c.jpg
clothing,women,pants,x,x,clothing-women-pants,20230708-106-baur,de/clothing-women-pants.html,https://baur.de/p/buffalo-palazzohose-aus-viskosejersey/AKLBB1676830464?nav-c=188&sku=3491202113#nav-i=62&ref=mba&nav-p=P1&relevantProduct=false,https://bilder.baur.de/i/empiriecom/72429f55e58e9f9acb2162d35c0322e3.jpg
