clothing,men,shoes,x,y,clothing-men-shoes,20230708-996-baur,de/clothing-men-shoes.html,https://baur.de/p/nike-trainingsschuh-defyallday/AKLBB1228729294?nav-c=33814&sku=8835034359#nav-i=21&ref=mba&nav-p=P1&relevantProduct=false,https://bilder.baur.de/i/empiriecom/5c41425571bb2d9a22cb92d867df1170.jpg
clothing,men,shoes,x,y,clothing-men-shoes,20230708-990-schuhe,de/clothing-men-shoes.html,https://www.schuhe.de/herrenschuhe/produkt/dr-brinkmann-cp1513022.html,https://i1.schuhe.de//imgdb/img/_paradies/142805/cache/142805-list-s-04.jpg
clothing,men,shoes,x,y,clothing-men-shoes,20230708-986-schuhe,de/clothing-men-shoes.html,https://www.schuhe.de/herrenschuhe/produkt/brador-cp1616614.html,https://i2.schuhe.de//imgdb/img/_qbapp/123-174-39-6118/cache/123-174-39-6118-list-s-04.jpg
clothing,men,shoes,x,y,clothing-men-shoes,20230708-983-baur,de/clothing-men-shoes.html,https://baur.de/p/adidas-originals-sneaker-treziod-2-0/AKLBB1700037090?nav-c=33814&sku=3683515095#nav-i=16&ref=mba&nav-p=P1&relevantProduct=false,https://bilder.baur.de/i/empiriecom/aa93a284d623ec5f3391d679944eac04.jpg
clothing,men,shoes,x,y,clothing-men-shoes,20230708-982-schuhe,de/clothing-men-shoes.html,https://www.schuhe.de/herrenschuhe/produkt/plakton-cp1370908.html,https://i3.schuhe.de//imgdb/img/_leifer/174001551/cache/174001551-list-s-04.jpg
clothing,men,shoes,x,y,clothing-men-shoes,20230708-970-baur,de/clothing-men-shoes.html,https://baur.de/p/adidas-terrex-wanderschuh-terrex-swift-r3-gore-tex-wasserdicht/AKLBB1637136358?nav-c=33814&sku=8439965534#nav-i=26&ref=mba&nav-p=P1&relevantProduct=false,https://bilder.baur.de/i/empiriecom/478205cb7dbcad761a58b68723a1c978.jpg
clothing,men,shoes,x,y,clothing-men-shoes,20230708-968-baur,de/clothing-men-shoes.html,https://baur.de/p/calvin-klein-jeans-plateausneaker-sawyer-20ls-mit-weichem-schaftrand/AKLBB1673385207?nav-c=33814&sku=3936253314#nav-i=69&ref=mba&nav-p=P1&relevantProduct=false,https://bilder.baur.de/i/empiriecom/f3de2f64349dcb1df64a0a9594481737.jpg
clothing,men,shoes,x,y,clothing-men-shoes,20230708-965-schuhe,de/clothing-men-shoes.html,https://www.schuhe.de/herrenschuhe/produkt/rieker-cp1549589.html,https://i0.schuhe.de//imgdb/img/_rieker/21384-25/cache/21384-25-list-s-04.jpg
clothing,men,shoes,x,y,clothing-men-shoes,20230708-961-schuhe,de/clothing-men-shoes.html,https://www.schuhe.de/herrenschuhe/produkt/fly-flot-cp1541613.html,https://i3.schuhe.de//imgdb/img/_hofbauer/085034/cache/085034-list-s-04.jpg
clothing,men,shoes,x,y,clothing-men-shoes,20230708-943-schuhe,de/clothing-men-shoes.html,https://www.schuhe.de/herrenschuhe/produkt/rohde-cp1553113.html,https://i3.schuhe.de//imgdb/img/_kaufmann/75406/cache/75406-list-s-04.jpg
clothing,men,shoes,x,y,clothing-men-shoes,20230708-940-schuhe,de/clothing-men-shoes.html,https://www.schuhe.de/herrenschuhe/produkt/rieker-cp1550186.html,https://i3.schuhe.de//imgdb/img/_rieker/21385-14/cache/21385-14-list-s-04.jpg
clothing,men,shoes,x,y,clothing-men-shoes,20230708-928-schuhe,de/clothing-men-shoes.html,https://www.schuhe.de/herrenschuhe/produkt/birkenstock-cp1570399.html,https://i1.schuhe.de//imgdb/img/_kaufmann/75327/cache/75327-list-s-04.jpg
clothing,men,shoes,x,y,clothing-men-shoes,20230708-928-schuhe,de/clothing-men-shoes.html,https://www.schuhe.de/herrenschuhe/produkt/rieker-cp1549589.html,https://i2.schuhe.de//imgdb/img/_rieker/21384-25/cache/21384-25-list-s-04.jpg
clothing,men,shoes,x,y,clothing-men-shoes,20230708-927-schuhe,de/clothing-men-shoes.html,https://www.schuhe.de/herrenschuhe/produkt/keen-cp1551950.html,https://i1.schuhe.de//imgdb/img/_fsmedia10/185301008/cache/185301008-list-s-04.jpg
clothing,men,shoes,x,y,clothing-men-shoes,20230708-924-schuhe,de/clothing-men-shoes.html,https://www.schuhe.de/herrenschuhe/produkt/rohde-cp1601247.html,https://i2.schuhe.de//imgdb/img/_qbapp/120-180716001/cache/120-180716001-list-s-04.jpg
clothing,men,shoes,x,y,clothing-men-shoes,20230708-913-baur,de/clothing-men-shoes.html,https://baur.de/p/rieker-slip-on-sneaker-mit-gummizug/AKLBB1669582066?nav-c=33814&sku=4700626556#nav-i=55&ref=mba&nav-p=P1&relevantProduct=false,https://bilder.baur.de/i/empiriecom/cdcc49b5cc744d324f7539e6caeafca6.jpg
clothing,men,shoes,x,y,clothing-men-shoes,20230708-911-schuhe,de/clothing-men-shoes.html,https://www.schuhe.de/herrenschuhe/produkt/rohde-cp1585063.html,https://i2.schuhe.de//imgdb/img/_nmuecke/830915/cache/830915-list-s-04.jpg
clothing,men,shoes,x,y,clothing-men-shoes,20230708-911-baur,de/clothing-men-shoes.html,https://baur.de/p/adidas-sportswear-sneaker-hoops-3-0-low-classic-vintage/AKLBB1688772711?nav-c=33814&sku=4741163237#nav-i=34&ref=mba&nav-p=P1&relevantProduct=false,https://bilder.baur.de/i/empiriecom/271e4cd648df292967026c9b30d48f20.jpg
clothing,men,shoes,x,y,clothing-men-shoes,20230708-905-schuhe,de/clothing-men-shoes.html,https://www.schuhe.de/herrenschuhe/produkt/the-sandals-factory-cp1580305.html,https://i3.schuhe.de//imgdb/img/_fsmedia17/105301925/cache/105301925-list-s-04.jpg
clothing,men,shoes,x,y,clothing-men-shoes,20230708-904-schuhe,de/clothing-men-shoes.html,https://www.schuhe.de/herrenschuhe/produkt/pme-legend-cp1606586.html,https://i1.schuhe.de//imgdb/img/_qbapp/119-172700902/cache/119-172700902-list-s-04.jpg
clothing,men,shoes,x,y,clothing-men-shoes,20230708-902-schuhe,de/clothing-men-shoes.html,https://www.schuhe.de/herrenschuhe/produkt/plakton-cp1371382.html,https://i0.schuhe.de//imgdb/img/_leifer/174811550/cache/174811550-list-s-04.jpg
clothing,men,shoes,x,y,clothing-men-shoes,20230708-894-schuhe,de/clothing-men-shoes.html,https://www.schuhe.de/herrenschuhe/produkt/panama-jack-cp1568472.html,https://i3.schuhe.de//imgdb/img/_fsmedia17/105306799/cache/105306799-list-s-04.jpg
clothing,men,shoes,x,y,clothing-men-shoes,20230708-890-schuhe,de/clothing-men-shoes.html,https://www.schuhe.de/herrenschuhe/produkt/imac-cp1553086.html,https://i1.schuhe.de//imgdb/img/_hofbauer/085044/cache/085044-list-s-04.jpg
clothing,men,shoes,x,y,clothing-men-shoes,20230708-884-baur,de/clothing-men-shoes.html,https://baur.de/p/adidas-originals-sneaker-superstar/AKLBB1144489279?nav-c=33814&sku=7949613283#nav-i=1&ref=mba&nav-p=P1&relevantProduct=false,https://bilder.baur.de/i/empiriecom/b6305d6a5802e4ec02296e0207a0e2f0.jpg
clothing,men,shoes,x,y,clothing-men-shoes,20230708-883-schuhe,de/clothing-men-shoes.html,https://www.schuhe.de/herrenschuhe/produkt/westland-cp1580802.html,https://i0.schuhe.de//imgdb/img/_fsmedia20/A98510/cache/A98510-list-s-04.jpg
clothing,men,shoes,x,y,clothing-men-shoes,20230708-875-schuhe,de/clothing-men-shoes.html,https://www.schuhe.de/herrenschuhe/produkt/guess-cp1512926.html,https://i3.schuhe.de//imgdb/img/_nmuecke/820350/cache/820350-list-s-04.jpg
clothing,men,shoes,x,y,clothing-men-shoes,20230708-865-schuhe,de/clothing-men-shoes.html,https://www.schuhe.de/herrenschuhe/produkt/birkenstock-cp1615214.html,https://i0.schuhe.de//imgdb/img/_fsmedia2/37816/cache/37816-list-s-04.jpg
clothing,men,shoes,x,y,clothing-men-shoes,20230708-860-schuhe,de/clothing-men-shoes.html,https://www.schuhe.de/herrenschuhe/produkt/inblu-cp1580645.html,https://i0.schuhe.de//imgdb/img/_reichelt/097177/cache/097177-list-s-04.jpg
clothing,men,shoes,x,y,clothing-men-shoes,20230708-838-baur,de/clothing-men-shoes.html,https://baur.de/p/nike-sportswear-sneaker-court-vision-low-next-nature-design-auf-den-spuren-des-air-force-1/AKLBB1273283127?nav-c=33814&sku=1597073231#nav-i=4&ref=mba&nav-p=P1&relevantProduct=false,https://bilder.baur.de/i/empiriecom/2482f1621be1afa4560de5f29304b69c.jpg
clothing,men,shoes,x,y,clothing-men-shoes,20230708-836-baur,de/clothing-men-shoes.html,https://baur.de/p/adidas-sportswear-sneaker-x-plrboost/AKLBB1669333522?nav-c=33814&sku=9264325494#nav-i=67&ref=mba&nav-p=P1&relevantProduct=false,https://bilder.baur.de/i/empiriecom/5faa81aa1a9e366f220e467b36739635.jpg
clothing,men,shoes,x,y,clothing-men-shoes,20230708-835-baur,de/clothing-men-shoes.html,https://baur.de/p/vans-sneaker-ward/AKLBB1254670716?nav-c=33814&sku=9459125313#nav-i=28&ref=mba&nav-p=P1&relevantProduct=false,https://bilder.baur.de/i/empiriecom/4bfd0c419f6af15b8f59794ffe2ba090.jpg
clothing,men,shoes,x,y,clothing-men-shoes,20230708-817-baur,de/clothing-men-shoes.html,https://baur.de/p/nike-sportswear-sneaker-air-max-ltd-3/AKLBB761176388?nav-c=33814&sku=9669202258#nav-i=42&ref=mba&nav-p=P1&relevantProduct=false,https://bilder.baur.de/i/empiriecom/6ca53c5418ffc0cc2768b6ad0b928ca5.jpg
clothing,men,shoes,x,y,clothing-men-shoes,20230708-813-baur,de/clothing-men-shoes.html,https://baur.de/p/nike-sportswear-sneaker-court-vision-mid-next-nature-design-auf-den-spuren-des-air-force-1/AKLBB1423774673?nav-c=33814&sku=9963974350#nav-i=53&ref=mba&nav-p=P1&relevantProduct=false,https://bilder.baur.de/i/empiriecom/7369b002e17533291315b7924ebc98cd.jpg
clothing,men,shoes,x,y,clothing-men-shoes,20230708-811-schuhe,de/clothing-men-shoes.html,https://www.schuhe.de/herrenschuhe/produkt/rohde-cp1553113.html,https://i0.schuhe.de//imgdb/img/_kaufmann/75406/cache/75406-list-s-04.jpg
clothing,men,shoes,x,y,clothing-men-shoes,20230708-808-baur,de/clothing-men-shoes.html,https://baur.de/p/adidas-originals-sneaker-gazelle/AKLBB518748460?nav-c=33814&sku=30689777#nav-i=27&ref=mba&nav-p=P1&relevantProduct=false,https://bilder.baur.de/i/empiriecom/56423293895ae481733c0eb2084ca0c1.jpg
clothing,men,shoes,x,y,clothing-men-shoes,20230708-798-schuhe,de/clothing-men-shoes.html,https://www.schuhe.de/herrenschuhe/produkt/krisbut-cp1588699.html,https://i3.schuhe.de//imgdb/img/_leifer/172291002/cache/172291002-list-s-04.jpg
clothing,men,shoes,x,y,clothing-men-shoes,20230708-790-schuhe,de/clothing-men-shoes.html,https://www.schuhe.de/herrenschuhe/produkt/plakton-cp1350686.html,https://i1.schuhe.de//imgdb/img/_weith/092844/cache/092844-list-s-04.jpg
clothing,men,shoes,x,y,clothing-men-shoes,20230708-788-schuhe,de/clothing-men-shoes.html,https://www.schuhe.de/herrenschuhe/produkt/dr-brinkmann-cp1513022.html,https://i0.schuhe.de//imgdb/img/_paradies/142805/cache/142805-list-s-04.jpg
clothing,men,shoes,x,y,clothing-men-shoes,20230708-788-baur,de/clothing-men-shoes.html,https://baur.de/p/birkenstock-clog-arizona-esd/AKLBB1208667187?nav-c=33814&sku=5115754532#nav-i=70&ref=mba&nav-p=P1&relevantProduct=false,https://bilder.baur.de/i/empiriecom/00a2f288d1719a5ed4233b12ca842d01.jpg
clothing,men,shoes,x,y,clothing-men-shoes,20230708-786-baur,de/clothing-men-shoes.html,https://baur.de/p/asics-laufschuh-gt-2000-11/AKLBB1658203067?nav-c=33814&sku=9647561232#nav-i=60&ref=mba&nav-p=P1&relevantProduct=false,https://bilder.baur.de/i/empiriecom/9d043a2977ddeb89e9016937efb350ac.jpg
clothing,men,shoes,x,y,clothing-men-shoes,20230708-783-baur,de/clothing-men-shoes.html,https://baur.de/p/adidas-terrex-wanderschuh-terrex-ax4/AKLBB1637138282?nav-c=33814&sku=2447070479#nav-i=66&ref=mba&nav-p=P1&relevantProduct=false,https://bilder.baur.de/i/empiriecom/9a0fe89f377fd464988148dd230c1892.jpg
clothing,men,shoes,x,y,clothing-men-shoes,20230708-775-baur,de/clothing-men-shoes.html,https://baur.de/p/lacoste-sneaker-t-clip-0722-1-sma/AKLBB1458662720?nav-c=33814&sku=8109561920#nav-i=30&ref=mba&nav-p=P1&relevantProduct=false,https://bilder.baur.de/i/empiriecom/7b8b206740ec06557d4377fc049672fc.jpg
clothing,men,shoes,x,y,clothing-men-shoes,20230708-758-baur,de/clothing-men-shoes.html,https://baur.de/p/adidas-originals-sneaker-handball-spezial/AKLBB1700036802?nav-c=33814&sku=1659175439#nav-i=40&ref=mba&nav-p=P1&relevantProduct=false,https://bilder.baur.de/i/empiriecom/067821ed3fb9525442b42d2a37dd05d6.jpg
clothing,men,shoes,x,y,clothing-men-shoes,20230708-748-baur,de/clothing-men-shoes.html,https://baur.de/p/rieker-sneaker-mit-kontrastbesatz/AKLBB1560642303?nav-c=33814&sku=4949676949#nav-i=54&ref=mba&nav-p=P1&relevantProduct=false,https://bilder.baur.de/i/empiriecom/2f15231194710548f48f5b0d1636a084.jpg
clothing,men,shoes,x,y,clothing-men-shoes,20230708-741-schuhe,de/clothing-men-shoes.html,https://www.schuhe.de/herrenschuhe/produkt/gianluca-pisati-cp1598506.html,https://i2.schuhe.de//imgdb/img/_qbapp/123-171-39-9112/cache/123-171-39-9112-list-s-04.jpg
clothing,men,shoes,x,y,clothing-men-shoes,20230708-741-schuhe,de/clothing-men-shoes.html,https://www.schuhe.de/herrenschuhe/produkt/the-sandals-factory-cp1580319.html,https://i2.schuhe.de//imgdb/img/_fsmedia17/105301926/cache/105301926-list-s-04.jpg
clothing,men,shoes,x,y,clothing-men-shoes,20230708-728-schuhe,de/clothing-men-shoes.html,https://www.schuhe.de/herrenschuhe/produkt/birkenstock-cp1559190.html,https://i2.schuhe.de//imgdb/img/_fsmedia2/37420/cache/37420-list-s-04.jpg
clothing,men,shoes,x,y,clothing-men-shoes,20230708-725-schuhe,de/clothing-men-shoes.html,https://www.schuhe.de/herrenschuhe/produkt/birkenstock-cp1559640.html,https://i2.schuhe.de//imgdb/img/_fsmedia2/37488/cache/37488-list-s-04.jpg
clothing,men,shoes,x,y,clothing-men-shoes,20230708-717-schuhe,de/clothing-men-shoes.html,https://www.schuhe.de/herrenschuhe/produkt/mephisto-cp1576249.html,https://i3.schuhe.de//imgdb/img/_qbapp/740-112-10-0002/cache/740-112-10-0002-list-s-04.jpg
clothing,men,shoes,x,y,clothing-men-shoes,20230708-715-schuhe,de/clothing-men-shoes.html,https://www.schuhe.de/herrenschuhe/produkt/soliver-cp1535675.html,https://i0.schuhe.de//imgdb/img/_nwortmann/5-5-17203-30-305-2321/cache/5-5-17203-30-305-2321-list-s-04.jpg
clothing,men,shoes,x,y,clothing-men-shoes,20230708-714-schuhe,de/clothing-men-shoes.html,https://www.schuhe.de/herrenschuhe/produkt/plakton-cp1370949.html,https://i3.schuhe.de//imgdb/img/_leifer/174216550/cache/174216550-list-s-04.jpg
clothing,men,shoes,x,y,clothing-men-shoes,20230708-713-baur,de/clothing-men-shoes.html,https://baur.de/p/adidas-originals-badesandale-adilette-22/AKLBB1700038466?nav-c=33814&sku=3807944560#nav-i=8&ref=mba&nav-p=P1&relevantProduct=false,https://bilder.baur.de/i/empiriecom/87b0529b0a25c912f10424d7ca88b2c1.jpg
clothing,men,shoes,x,y,clothing-men-shoes,20230708-707-schuhe,de/clothing-men-shoes.html,https://www.schuhe.de/herrenschuhe/produkt/the-sandals-factory-cp1577681.html,https://i1.schuhe.de//imgdb/img/_nmuecke/829235/cache/829235-list-s-04.jpg
clothing,men,shoes,x,y,clothing-men-shoes,20230708-706-schuhe,de/clothing-men-shoes.html,https://www.schuhe.de/herrenschuhe/produkt/plakton-cp1350688.html,https://i2.schuhe.de//imgdb/img/_weith/092845/cache/092845-list-s-04.jpg
clothing,men,shoes,x,y,clothing-men-shoes,20230708-703-schuhe,de/clothing-men-shoes.html,https://www.schuhe.de/herrenschuhe/produkt/birkenstock-cp1615215.html,https://i0.schuhe.de//imgdb/img/_fsmedia2/37828/cache/37828-list-s-04.jpg
clothing,men,shoes,x,y,clothing-men-shoes,20230708-703-schuhe,de/clothing-men-shoes.html,https://www.schuhe.de/herrenschuhe/produkt/birkenstock-cp1576609.html,https://i2.schuhe.de//imgdb/img/_rissel/186804007/cache/186804007-list-s-04.jpg
clothing,men,shoes,x,y,clothing-men-shoes,20230708-702-baur,de/clothing-men-shoes.html,https://baur.de/p/adidas-originals-sneaker-stan-smith/AKLBB1183222557?nav-c=33814&sku=3980080911#nav-i=14&ref=mba&nav-p=P1&relevantProduct=false,https://bilder.baur.de/i/empiriecom/803eae2ab16fb6db93dd78aac11c0211.jpg
clothing,men,shoes,x,y,clothing-men-shoes,20230708-701-schuhe,de/clothing-men-shoes.html,https://www.schuhe.de/herrenschuhe/produkt/the-sandals-factory-cp1580305.html,https://i2.schuhe.de//imgdb/img/_fsmedia17/105301925/cache/105301925-list-s-04.jpg
clothing,men,shoes,x,y,clothing-men-shoes,20230708-700-schuhe,de/clothing-men-shoes.html,https://www.schuhe.de/herrenschuhe/produkt/rohde-cp1538234.html,https://i0.schuhe.de//imgdb/img/_rissel/186301022/cache/186301022-list-s-04.jpg
clothing,men,shoes,x,y,clothing-men-shoes,20230708-690-schuhe,de/clothing-men-shoes.html,https://www.schuhe.de/herrenschuhe/produkt/mustang-cp1557139.html,https://i3.schuhe.de//imgdb/img/_nmuecke/846981/cache/846981-list-s-04.jpg
clothing,men,shoes,x,y,clothing-men-shoes,20230708-690-schuhe,de/clothing-men-shoes.html,https://www.schuhe.de/herrenschuhe/produkt/the-sandals-factory-cp1577681.html,https://i0.schuhe.de//imgdb/img/_nmuecke/829235/cache/829235-list-s-04.jpg
clothing,men,shoes,x,y,clothing-men-shoes,20230708-690-baur,de/clothing-men-shoes.html,https://baur.de/p/salomon-wanderschuh-custer-gore-tex-wasserdicht/AKLBB1658743157?nav-c=33814&sku=8622335430#nav-i=31&ref=mba&nav-p=P1&relevantProduct=false,https://bilder.baur.de/i/empiriecom/ac7ddb4778ad32b6046a1e4199b7c638.jpg
clothing,men,shoes,x,y,clothing-men-shoes,20230708-687-schuhe,de/clothing-men-shoes.html,https://www.schuhe.de/herrenschuhe/produkt/bugatti-cp1574281.html,https://i3.schuhe.de//imgdb/img/_nmuecke/816759/cache/816759-list-s-04.jpg
clothing,men,shoes,x,y,clothing-men-shoes,20230708-684-schuhe,de/clothing-men-shoes.html,https://www.schuhe.de/herrenschuhe/produkt/birkenstock-cp1559640.html,https://i3.schuhe.de//imgdb/img/_fsmedia2/37488/cache/37488-list-s-04.jpg
clothing,men,shoes,x,y,clothing-men-shoes,20230708-682-schuhe,de/clothing-men-shoes.html,https://www.schuhe.de/herrenschuhe/produkt/super-soft-cp1577784.html,https://i1.schuhe.de//imgdb/img/_loette/A131304/cache/A131304-list-s-04.jpg
clothing,men,shoes,x,y,clothing-men-shoes,20230708-680-schuhe,de/clothing-men-shoes.html,https://www.schuhe.de/herrenschuhe/produkt/gianluca-pisati-cp1598506.html,https://i0.schuhe.de//imgdb/img/_qbapp/123-171-39-9112/cache/123-171-39-9112-list-s-04.jpg
clothing,men,shoes,x,y,clothing-men-shoes,20230708-676-schuhe,de/clothing-men-shoes.html,https://www.schuhe.de/herrenschuhe/produkt/fly-flot-cp1541613.html,https://i0.schuhe.de//imgdb/img/_hofbauer/085034/cache/085034-list-s-04.jpg
clothing,men,shoes,x,y,clothing-men-shoes,20230708-676-schuhe,de/clothing-men-shoes.html,https://www.schuhe.de/herrenschuhe/produkt/plakton-cp1371382.html,https://i1.schuhe.de//imgdb/img/_leifer/174811550/cache/174811550-list-s-04.jpg
clothing,men,shoes,x,y,clothing-men-shoes,20230708-674-schuhe,de/clothing-men-shoes.html,https://www.schuhe.de/herrenschuhe/produkt/rieker-cp1609949.html,https://i0.schuhe.de//imgdb/img/_rieker/26072-01/cache/26072-01-list-s-04.jpg
clothing,men,shoes,x,y,clothing-men-shoes,20230708-674-baur,de/clothing-men-shoes.html,https://baur.de/p/new-balance-sneaker-ml574-core/AKLBB1439179933?nav-c=33814&sku=7707950192#nav-i=7&ref=mba&nav-p=P1&relevantProduct=false,https://bilder.baur.de/i/empiriecom/aaee2746cc241f0e8f09afd15a1ed647.jpg
clothing,men,shoes,x,y,clothing-men-shoes,20230708-658-schuhe,de/clothing-men-shoes.html,https://www.schuhe.de/herrenschuhe/produkt/birkenstock-cp1559938.html,https://i3.schuhe.de//imgdb/img/_paradies/142632/cache/142632-list-s-04.jpg
clothing,men,shoes,x,y,clothing-men-shoes,20230708-656-schuhe,de/clothing-men-shoes.html,https://www.schuhe.de/herrenschuhe/produkt/birkenstock-cp1576302.html,https://i0.schuhe.de//imgdb/img/_qbapp/472-29099006/cache/472-29099006-list-s-04.jpg
clothing,men,shoes,x,y,clothing-men-shoes,20230708-656-baur,de/clothing-men-shoes.html,https://baur.de/p/the-north-face-wanderschuh-m-hedgehog-futurelight-eu/AKLBB1186167345?nav-c=33814&sku=5313065128#nav-i=15&ref=mba&nav-p=P1&relevantProduct=false,https://bilder.baur.de/i/empiriecom/e4c0216d040cc83cb41eb453715a5170.jpg
clothing,men,shoes,x,y,clothing-men-shoes,20230708-654-schuhe,de/clothing-men-shoes.html,https://www.schuhe.de/herrenschuhe/produkt/rieker-evolution-cp1558976.html,https://i0.schuhe.de//imgdb/img/_rieker/20804-00/cache/20804-00-list-s-04.jpg
clothing,men,shoes,x,y,clothing-men-shoes,20230708-652-schuhe,de/clothing-men-shoes.html,https://www.schuhe.de/herrenschuhe/produkt/birkenstock-cp1541005.html,https://i1.schuhe.de//imgdb/img/_schreiber/185200003/cache/185200003-list-s-04.jpg
clothing,men,shoes,x,y,clothing-men-shoes,20230708-651-schuhe,de/clothing-men-shoes.html,https://www.schuhe.de/herrenschuhe/produkt/clarks-cp1558683.html,https://i2.schuhe.de//imgdb/img/_fsmedia4/1120000001/cache/1120000001-list-s-04.jpg
clothing,men,shoes,x,y,clothing-men-shoes,20230708-650-schuhe,de/clothing-men-shoes.html,https://www.schuhe.de/herrenschuhe/produkt/verbenas-cp1587677.html,https://i1.schuhe.de//imgdb/img/_nmuecke/821879/cache/821879-list-s-04.jpg
clothing,men,shoes,x,y,clothing-men-shoes,20230708-648-schuhe,de/clothing-men-shoes.html,https://www.schuhe.de/herrenschuhe/produkt/rohde-cp1585063.html,https://i0.schuhe.de//imgdb/img/_nmuecke/830915/cache/830915-list-s-04.jpg
clothing,men,shoes,x,y,clothing-men-shoes,20230708-645-schuhe,de/clothing-men-shoes.html,https://www.schuhe.de/herrenschuhe/produkt/calvin-klein-cp1567903.html,https://i2.schuhe.de//imgdb/img/_nmuecke/822758/cache/822758-list-s-04.jpg
clothing,men,shoes,x,y,clothing-men-shoes,20230708-639-schuhe,de/clothing-men-shoes.html,https://www.schuhe.de/herrenschuhe/produkt/clarks-cp1558683.html,https://i1.schuhe.de//imgdb/img/_fsmedia4/1120000001/cache/1120000001-list-s-04.jpg
clothing,men,shoes,x,y,clothing-men-shoes,20230708-637-baur,de/clothing-men-shoes.html,https://baur.de/p/rieker-sandale-in-trekking-optik-g-weite/AKLBB1669583301?nav-c=33814&sku=4330481465#nav-i=19&ref=mba&nav-p=P1&relevantProduct=false,https://bilder.baur.de/i/empiriecom/dc15867e0a2c753c78380e48ce75b709.jpg
clothing,men,shoes,x,y,clothing-men-shoes,20230708-633-schuhe,de/clothing-men-shoes.html,https://www.schuhe.de/herrenschuhe/produkt/mephisto-cp1576249.html,https://i2.schuhe.de//imgdb/img/_qbapp/740-112-10-0002/cache/740-112-10-0002-list-s-04.jpg
clothing,men,shoes,x,y,clothing-men-shoes,20230708-627-schuhe,de/clothing-men-shoes.html,https://www.schuhe.de/herrenschuhe/produkt/rieker-cp1559962.html,https://i2.schuhe.de//imgdb/img/_rieker/25283-23/cache/25283-23-list-s-04.jpg
clothing,men,shoes,x,y,clothing-men-shoes,20230708-627-baur,de/clothing-men-shoes.html,https://baur.de/p/nike-sportswear-sneaker-venture-runner/AKLBB1048272608?nav-c=33814&sku=6768000518#nav-i=17&ref=mba&nav-p=P1&relevantProduct=false,https://bilder.baur.de/i/empiriecom/f93fddfed30b5a1468bad40d7e8ca72e.jpg
clothing,men,shoes,x,y,clothing-men-shoes,20230708-614-baur,de/clothing-men-shoes.html,https://baur.de/p/rieker-slipper-mit-stretch/AKLBB1669582081?nav-c=33814&sku=3657895975#nav-i=33&ref=mba&nav-p=P1&relevantProduct=false,https://bilder.baur.de/i/empiriecom/c50ea1c2f3e348150cbe7abd12443999.jpg
clothing,men,shoes,x,y,clothing-men-shoes,20230708-613-schuhe,de/clothing-men-shoes.html,https://www.schuhe.de/herrenschuhe/produkt/fischer-schuhe-cp1585115.html,https://i3.schuhe.de//imgdb/img/_paradies/142563/cache/142563-list-s-04.jpg
clothing,men,shoes,x,y,clothing-men-shoes,20230708-598-schuhe,de/clothing-men-shoes.html,https://www.schuhe.de/herrenschuhe/produkt/plakton-cp1350686.html,https://i2.schuhe.de//imgdb/img/_weith/092844/cache/092844-list-s-04.jpg
clothing,men,shoes,x,y,clothing-men-shoes,20230708-585-schuhe,de/clothing-men-shoes.html,https://www.schuhe.de/herrenschuhe/produkt/natural-sense-cp1404079.html,https://i1.schuhe.de//imgdb/img/_fsmedia1/289500086/cache/289500086-list-s-04.jpg
clothing,men,shoes,x,y,clothing-men-shoes,20230708-584-schuhe,de/clothing-men-shoes.html,https://www.schuhe.de/herrenschuhe/produkt/pme-legend-cp1606586.html,https://i3.schuhe.de//imgdb/img/_qbapp/119-172700902/cache/119-172700902-list-s-04.jpg
clothing,men,shoes,x,y,clothing-men-shoes,20230708-584-schuhe,de/clothing-men-shoes.html,https://www.schuhe.de/herrenschuhe/produkt/bugatti-cp1567989.html,https://i3.schuhe.de//imgdb/img/_nmuecke/816762/cache/816762-list-s-04.jpg
clothing,men,shoes,x,y,clothing-men-shoes,20230708-571-baur,de/clothing-men-shoes.html,https://baur.de/p/jack-wolfskin-wanderschuh-trail-hiker-low-m/AKLBB1642544304?nav-c=33814&sku=7398501315#nav-i=61&ref=mba&nav-p=P1&relevantProduct=false,https://bilder.baur.de/i/empiriecom/048bc905cae98983acec0d18217d84b4.jpg
clothing,men,shoes,x,y,clothing-men-shoes,20230708-569-schuhe,de/clothing-men-shoes.html,https://www.schuhe.de/herrenschuhe/produkt/inblu-cp1580645.html,https://i2.schuhe.de//imgdb/img/_reichelt/097177/cache/097177-list-s-04.jpg
clothing,men,shoes,x,y,clothing-men-shoes,20230708-569-schuhe,de/clothing-men-shoes.html,https://www.schuhe.de/herrenschuhe/produkt/birkenstock-cp1541005.html,https://i2.schuhe.de//imgdb/img/_schreiber/185200003/cache/185200003-list-s-04.jpg
clothing,men,shoes,x,y,clothing-men-shoes,20230708-569-baur,de/clothing-men-shoes.html,https://baur.de/p/adidas-originals-sneaker-superstar/AKLBB1256478734?nav-c=33814&sku=6840105188#nav-i=36&ref=mba&nav-p=P1&relevantProduct=false,https://bilder.baur.de/i/empiriecom/242178959d5945b34d7e54accf68d2e9.jpg
clothing,men,shoes,x,y,clothing-men-shoes,20230708-568-schuhe,de/clothing-men-shoes.html,https://www.schuhe.de/herrenschuhe/produkt/canadian-john-cp1541609.html,https://i3.schuhe.de//imgdb/img/_hofbauer/085246/cache/085246-list-s-04.jpg
clothing,men,shoes,x,y,clothing-men-shoes,20230708-566-schuhe,de/clothing-men-shoes.html,https://www.schuhe.de/herrenschuhe/produkt/dr-brinkmann-cp1513032.html,https://i2.schuhe.de//imgdb/img/_paradies/142804/cache/142804-list-s-04.jpg
clothing,men,shoes,x,y,clothing-men-shoes,20230708-561-schuhe,de/clothing-men-shoes.html,https://www.schuhe.de/herrenschuhe/produkt/brador-cp1616614.html,https://i1.schuhe.de//imgdb/img/_qbapp/123-174-39-6118/cache/123-174-39-6118-list-s-04.jpg
clothing,men,shoes,x,y,clothing-men-shoes,20230708-547-schuhe,de/clothing-men-shoes.html,https://www.schuhe.de/herrenschuhe/produkt/rieker-cp1537403.html,https://i2.schuhe.de//imgdb/img/_rieker/21253-64/cache/21253-64-list-s-04.jpg
clothing,men,shoes,x,y,clothing-men-shoes,20230708-543-baur,de/clothing-men-shoes.html,https://baur.de/p/nike-sportswear-sneaker-court-vision-mid-nn-design-auf-den-spuren-des-air-force-1/AKLBB1676021145?nav-c=33814&sku=9769562838#nav-i=57&ref=mba&nav-p=P1&relevantProduct=false,https://bilder.baur.de/i/empiriecom/d7dde88c3596f7c8c07430d888c2b1cb.jpg
clothing,men,shoes,x,y,clothing-men-shoes,20230708-536-baur,de/clothing-men-shoes.html,https://baur.de/p/nike-sportswear-sneaker-air-max-sc/AKLBB1228724103?nav-c=33814&sku=7635231458#nav-i=10&ref=mba&nav-p=P1&relevantProduct=false,https://bilder.baur.de/i/empiriecom/566c560791f385e8f45a8752f50f25f7.jpg
clothing,men,shoes,x,y,clothing-men-shoes,20230708-535-schuhe,de/clothing-men-shoes.html,https://www.schuhe.de/herrenschuhe/produkt/ehm-cp1553677.html,https://i1.schuhe.de//imgdb/img/_fsmedia15_2/183-34-44-01/cache/183-34-44-01-list-s-04.jpg
clothing,men,shoes,x,y,clothing-men-shoes,20230708-532-schuhe,de/clothing-men-shoes.html,https://www.schuhe.de/herrenschuhe/produkt/brador-cp1616615.html,https://i3.schuhe.de//imgdb/img/_qbapp/123-174-00-9140/cache/123-174-00-9140-list-s-04.jpg
clothing,men,shoes,x,y,clothing-men-shoes,20230708-532-baur,de/clothing-men-shoes.html,https://baur.de/p/skechers-sneaker-flex-advantage-4-0-mit-leichtem-profil/AKLBB1209544540?nav-c=33814&sku=3074603061#nav-i=63&ref=mba&nav-p=P1&relevantProduct=false,https://bilder.baur.de/i/empiriecom/0801d0da8e32ed7c264c70f0770138f6.jpg
clothing,men,shoes,x,y,clothing-men-shoes,20230708-530-schuhe,de/clothing-men-shoes.html,https://www.schuhe.de/herrenschuhe/produkt/fischer-schuhe-cp1585115.html,https://i2.schuhe.de//imgdb/img/_paradies/142563/cache/142563-list-s-04.jpg
clothing,men,shoes,x,y,clothing-men-shoes,20230708-528-schuhe,de/clothing-men-shoes.html,https://www.schuhe.de/herrenschuhe/produkt/birkenstock-cp1576609.html,https://i1.schuhe.de//imgdb/img/_rissel/186804007/cache/186804007-list-s-04.jpg
clothing,men,shoes,x,y,clothing-men-shoes,20230708-515-schuhe,de/clothing-men-shoes.html,https://www.schuhe.de/herrenschuhe/produkt/plakton-cp1371372.html,https://i1.schuhe.de//imgdb/img/_leifer/174401550/cache/174401550-list-s-04.jpg
clothing,men,shoes,x,y,clothing-men-shoes,20230708-511-schuhe,de/clothing-men-shoes.html,https://www.schuhe.de/herrenschuhe/produkt/the-sandals-factory-cp1580309.html,https://i3.schuhe.de//imgdb/img/_fsmedia17/105301927/cache/105301927-list-s-04.jpg
clothing,men,shoes,x,y,clothing-men-shoes,20230708-503-schuhe,de/clothing-men-shoes.html,https://www.schuhe.de/herrenschuhe/produkt/plakton-cp1370903.html,https://i3.schuhe.de//imgdb/img/_leifer/174001550/cache/174001550-list-s-04.jpg
clothing,men,shoes,x,y,clothing-men-shoes,20230708-499-schuhe,de/clothing-men-shoes.html,https://www.schuhe.de/herrenschuhe/produkt/verbenas-cp1587676.html,https://i1.schuhe.de//imgdb/img/_nmuecke/821878/cache/821878-list-s-04.jpg
clothing,men,shoes,x,y,clothing-men-shoes,20230708-497-schuhe,de/clothing-men-shoes.html,https://www.schuhe.de/herrenschuhe/produkt/pme-legend-cp1577683.html,https://i1.schuhe.de//imgdb/img/_qbapp/119-172800902/cache/119-172800902-list-s-04.jpg
clothing,men,shoes,x,y,clothing-men-shoes,20230708-495-schuhe,de/clothing-men-shoes.html,https://www.schuhe.de/herrenschuhe/produkt/canadian-john-cp1541609.html,https://i2.schuhe.de//imgdb/img/_hofbauer/085246/cache/085246-list-s-04.jpg
clothing,men,shoes,x,y,clothing-men-shoes,20230708-494-baur,de/clothing-men-shoes.html,https://baur.de/p/tommy-hilfiger-sneaker-th-hi-vulc-core-low-chambray-mit-logoaufnaeher-auf-der-zunge/AKLBB1673145443?nav-c=33814&sku=7328862012#nav-i=24&ref=mba&nav-p=P1&relevantProduct=false,https://bilder.baur.de/i/empiriecom/8e074bdc3b313cf15e7aacfe9d36d8ff.jpg
clothing,men,shoes,x,y,clothing-men-shoes,20230708-493-schuhe,de/clothing-men-shoes.html,https://www.schuhe.de/herrenschuhe/produkt/geox-cp1546514.html,https://i2.schuhe.de//imgdb/img/_kaufmann/75816/cache/75816-list-s-04.jpg
clothing,men,shoes,x,y,clothing-men-shoes,20230708-484-schuhe,de/clothing-men-shoes.html,https://www.schuhe.de/herrenschuhe/produkt/westland-cp1580802.html,https://i2.schuhe.de//imgdb/img/_fsmedia20/A98510/cache/A98510-list-s-04.jpg
clothing,men,shoes,x,y,clothing-men-shoes,20230708-482-baur,de/clothing-men-shoes.html,https://baur.de/p/adidas-originals-sneaker-continental-80/AKLBB887363768?nav-c=33814&sku=2312023123#nav-i=3&ref=mba&nav-p=P1&relevantProduct=false,https://bilder.baur.de/i/empiriecom/8eac0afea4101c143fe2cd4bd4f9c93a.jpg
clothing,men,shoes,x,y,clothing-men-shoes,20230708-476-baur,de/clothing-men-shoes.html,https://baur.de/p/nike-sportswear-sneaker-air-max-systm/AKLBB1549141507?nav-c=33814&sku=1884466748#nav-i=56&ref=mba&nav-p=P1&relevantProduct=false,https://bilder.baur.de/i/empiriecom/6bc2679e930238dda087dd2955a8e400.jpg
clothing,men,shoes,x,y,clothing-men-shoes,20230708-475-schuhe,de/clothing-men-shoes.html,https://www.schuhe.de/herrenschuhe/produkt/westland-cp1542128.html,https://i0.schuhe.de//imgdb/img/_fsmedia20/A98511/cache/A98511-list-s-04.jpg
clothing,men,shoes,x,y,clothing-men-shoes,20230708-467-schuhe,de/clothing-men-shoes.html,https://www.schuhe.de/herrenschuhe/produkt/rohde-cp1562681.html,https://i0.schuhe.de//imgdb/img/_qbapp/119-174320902/cache/119-174320902-list-s-04.jpg
clothing,men,shoes,x,y,clothing-men-shoes,20230708-455-schuhe,de/clothing-men-shoes.html,https://www.schuhe.de/herrenschuhe/produkt/ehm-cp1553678.html,https://i0.schuhe.de//imgdb/img/_fsmedia15_2/183-00-44-01/cache/183-00-44-01-list-s-04.jpg
clothing,men,shoes,x,y,clothing-men-shoes,20230708-450-schuhe,de/clothing-men-shoes.html,https://www.schuhe.de/herrenschuhe/produkt/bugatti-cp1576459.html,https://i3.schuhe.de//imgdb/img/_hofbauer/085604/cache/085604-list-s-04.jpg
clothing,men,shoes,x,y,clothing-men-shoes,20230708-444-baur,de/clothing-men-shoes.html,https://baur.de/p/lacoste-sneaker-lerond-pro-bl-123-1-cma/AKLBB1665254391?nav-c=33814&sku=4834430126#nav-i=25&ref=mba&nav-p=P1&relevantProduct=false,https://bilder.baur.de/i/empiriecom/26603ce03b53072911e524f1cbeeea3a.jpg
clothing,men,shoes,x,y,clothing-men-shoes,20230708-435-baur,de/clothing-men-shoes.html,https://baur.de/p/adidas-performance-laufschuh-runfalcon-3/AKLBB1637131830?nav-c=33814&sku=3721601445#nav-i=39&ref=mba&nav-p=P1&relevantProduct=false,https://bilder.baur.de/i/empiriecom/70b016062f1edcca4929a4f7a75e7dcf.jpg
clothing,men,shoes,x,y,clothing-men-shoes,20230708-432-schuhe,de/clothing-men-shoes.html,https://www.schuhe.de/herrenschuhe/produkt/birkenstock-cp1515962.html,https://i1.schuhe.de//imgdb/img/_paradies/137849/cache/137849-list-s-04.jpg
clothing,men,shoes,x,y,clothing-men-shoes,20230708-432-baur,de/clothing-men-shoes.html,https://baur.de/p/k-swiss-sneaker-arvee-1-5/AKLBB1288851226?nav-c=33814&sku=9037060871#nav-i=64&ref=mba&nav-p=P1&relevantProduct=false,https://bilder.baur.de/i/empiriecom/e1153cd8db3b4f42be86aa35da09a646.jpg
clothing,men,shoes,x,y,clothing-men-shoes,20230708-431-schuhe,de/clothing-men-shoes.html,https://www.schuhe.de/herrenschuhe/produkt/clarks-cp1558676.html,https://i2.schuhe.de//imgdb/img/_fsmedia4/1122200001/cache/1122200001-list-s-04.jpg
clothing,men,shoes,x,y,clothing-men-shoes,20230708-430-baur,de/clothing-men-shoes.html,https://baur.de/p/nike-laufschuh-free-run-5-0/AKLBB1273281874?nav-c=33814&sku=9063955175#nav-i=37&ref=mba&nav-p=P1&relevantProduct=false,https://bilder.baur.de/i/empiriecom/b55122cc615bfe1493a0d067ac8083fe.jpg
clothing,men,shoes,x,y,clothing-men-shoes,20230708-428-schuhe,de/clothing-men-shoes.html,https://www.schuhe.de/herrenschuhe/produkt/plakton-cp1371390.html,https://i3.schuhe.de//imgdb/img/_leifer/174206550/cache/174206550-list-s-04.jpg
clothing,men,shoes,x,y,clothing-men-shoes,20230708-425-schuhe,de/clothing-men-shoes.html,https://www.schuhe.de/herrenschuhe/produkt/rohde-cp1585066.html,https://i3.schuhe.de//imgdb/img/_nmuecke/830912/cache/830912-list-s-04.jpg
clothing,men,shoes,x,y,clothing-men-shoes,20230708-418-baur,de/clothing-men-shoes.html,https://baur.de/p/adidas-originals-sneaker-nmd-v3/AKLBB1682714163?nav-c=33814&sku=3458473656#nav-i=65&ref=mba&nav-p=P1&relevantProduct=false,https://bilder.baur.de/i/empiriecom/2ecfb60b27534928e14858972eab2035.jpg
clothing,men,shoes,x,y,clothing-men-shoes,20230708-415-schuhe,de/clothing-men-shoes.html,https://www.schuhe.de/herrenschuhe/produkt/birkenstock-cp1515962.html,https://i0.schuhe.de//imgdb/img/_paradies/137849/cache/137849-list-s-04.jpg
clothing,men,shoes,x,y,clothing-men-shoes,20230708-412-baur,de/clothing-men-shoes.html,https://baur.de/p/new-balance-sneaker-ct574/AKLBB1642975465?nav-c=33814&sku=9091634554#nav-i=47&ref=mba&nav-p=P1&relevantProduct=false,https://bilder.baur.de/i/empiriecom/fbd2cf033edcd5b8ce9ac3719bad8883.jpg
clothing,men,shoes,x,y,clothing-men-shoes,20230708-407-schuhe,de/clothing-men-shoes.html,https://www.schuhe.de/herrenschuhe/produkt/birkenstock-cp1559190.html,https://i3.schuhe.de//imgdb/img/_fsmedia2/37420/cache/37420-list-s-04.jpg
clothing,men,shoes,x,y,clothing-men-shoes,20230708-405-baur,de/clothing-men-shoes.html,https://baur.de/p/reebok-classic-sneaker-club-c-85/AKLBB887271881?nav-c=33814&sku=5634391285#nav-i=46&ref=mba&nav-p=P1&relevantProduct=false,https://bilder.baur.de/i/empiriecom/dcff3cb3d890940859e8f5f334f0dbaa.jpg
clothing,men,shoes,x,y,clothing-men-shoes,20230708-401-schuhe,de/clothing-men-shoes.html,https://www.schuhe.de/herrenschuhe/produkt/gant-cp1543391.html,https://i0.schuhe.de//imgdb/img/_fsmedia4/1122200002/cache/1122200002-list-s-04.jpg
clothing,men,shoes,x,y,clothing-men-shoes,20230708-389-schuhe,de/clothing-men-shoes.html,https://www.schuhe.de/herrenschuhe/produkt/plakton-cp1370903.html,https://i1.schuhe.de//imgdb/img/_leifer/174001550/cache/174001550-list-s-04.jpg
clothing,men,shoes,x,y,clothing-men-shoes,20230708-380-schuhe,de/clothing-men-shoes.html,https://www.schuhe.de/herrenschuhe/produkt/rohde-cp1601247.html,https://i3.schuhe.de//imgdb/img/_qbapp/120-180716001/cache/120-180716001-list-s-04.jpg
clothing,men,shoes,x,y,clothing-men-shoes,20230708-379-schuhe,de/clothing-men-shoes.html,https://www.schuhe.de/herrenschuhe/produkt/mustang-cp1549052.html,https://i1.schuhe.de//imgdb/img/_hofbauer/085124/cache/085124-list-s-04.jpg
clothing,men,shoes,x,y,clothing-men-shoes,20230708-377-schuhe,de/clothing-men-shoes.html,https://www.schuhe.de/herrenschuhe/produkt/westland-cp1542128.html,https://i2.schuhe.de//imgdb/img/_fsmedia20/A98511/cache/A98511-list-s-04.jpg
clothing,men,shoes,x,y,clothing-men-shoes,20230708-371-schuhe,de/clothing-men-shoes.html,https://www.schuhe.de/herrenschuhe/produkt/plakton-cp1371384.html,https://i0.schuhe.de//imgdb/img/_leifer/174311551/cache/174311551-list-s-04.jpg
clothing,men,shoes,x,y,clothing-men-shoes,20230708-370-schuhe,de/clothing-men-shoes.html,https://www.schuhe.de/herrenschuhe/produkt/plakton-cp1370908.html,https://i2.schuhe.de//imgdb/img/_leifer/174001551/cache/174001551-list-s-04.jpg
clothing,men,shoes,x,y,clothing-men-shoes,20230708-366-schuhe,de/clothing-men-shoes.html,https://www.schuhe.de/herrenschuhe/produkt/rohde-cp1585066.html,https://i0.schuhe.de//imgdb/img/_nmuecke/830912/cache/830912-list-s-04.jpg
clothing,men,shoes,x,y,clothing-men-shoes,20230708-366-schuhe,de/clothing-men-shoes.html,https://www.schuhe.de/herrenschuhe/produkt/bugatti-cp1567989.html,https://i0.schuhe.de//imgdb/img/_nmuecke/816762/cache/816762-list-s-04.jpg
clothing,men,shoes,x,y,clothing-men-shoes,20230708-363-schuhe,de/clothing-men-shoes.html,https://www.schuhe.de/herrenschuhe/produkt/the-sandals-factory-cp1577661.html,https://i0.schuhe.de//imgdb/img/_nmuecke/829238/cache/829238-list-s-04.jpg
clothing,men,shoes,x,y,clothing-men-shoes,20230708-361-schuhe,de/clothing-men-shoes.html,https://www.schuhe.de/herrenschuhe/produkt/plakton-cp1350688.html,https://i3.schuhe.de//imgdb/img/_weith/092845/cache/092845-list-s-04.jpg
clothing,men,shoes,x,y,clothing-men-shoes,20230708-346-baur,de/clothing-men-shoes.html,https://baur.de/p/nike-sportswear-sneaker-air-max-ap/AKLBB1273281008?nav-c=33814&sku=5437901664#nav-i=43&ref=mba&nav-p=P1&relevantProduct=false,https://bilder.baur.de/i/empiriecom/26f5fae7809310126c1a1b2588b7d1ab.jpg
clothing,men,shoes,x,y,clothing-men-shoes,20230708-344-baur,de/clothing-men-shoes.html,https://baur.de/p/nike-laufschuh-wildhorse-8-trail/AKLBB1650292941?nav-c=33814&sku=6906583594#nav-i=35&ref=mba&nav-p=P1&relevantProduct=false,https://bilder.baur.de/i/empiriecom/94142547558f4ec7edb1c0a86d0b1ef8.jpg
clothing,men,shoes,x,y,clothing-men-shoes,20230708-341-schuhe,de/clothing-men-shoes.html,https://www.schuhe.de/herrenschuhe/produkt/westland-cp1551983.html,https://i3.schuhe.de//imgdb/img/_fsmedia8/185-30-7047/cache/185-30-7047-list-s-04.jpg
clothing,men,shoes,x,y,clothing-men-shoes,20230708-335-schuhe,de/clothing-men-shoes.html,https://www.schuhe.de/herrenschuhe/produkt/bugatti-cp1578754.html,https://i2.schuhe.de//imgdb/img/_rissel/186704000/cache/186704000-list-s-04.jpg
clothing,men,shoes,x,y,clothing-men-shoes,20230708-331-schuhe,de/clothing-men-shoes.html,https://www.schuhe.de/herrenschuhe/produkt/rieker-cp1546337.html,https://i2.schuhe.de//imgdb/img/_rieker/22152-22/cache/22152-22-list-s-04.jpg
clothing,men,shoes,x,y,clothing-men-shoes,20230708-329-schuhe,de/clothing-men-shoes.html,https://www.schuhe.de/herrenschuhe/produkt/westland-cp1551983.html,https://i0.schuhe.de//imgdb/img/_fsmedia8/185-30-7047/cache/185-30-7047-list-s-04.jpg
clothing,men,shoes,x,y,clothing-men-shoes,20230708-329-schuhe,de/clothing-men-shoes.html,https://www.schuhe.de/herrenschuhe/produkt/panama-jack-cp1568472.html,https://i0.schuhe.de//imgdb/img/_fsmedia17/105306799/cache/105306799-list-s-04.jpg
clothing,men,shoes,x,y,clothing-men-shoes,20230708-328-schuhe,de/clothing-men-shoes.html,https://www.schuhe.de/herrenschuhe/produkt/mustang-cp1548486.html,https://i0.schuhe.de//imgdb/img/_hofbauer/085125/cache/085125-list-s-04.jpg
clothing,men,shoes,x,y,clothing-men-shoes,20230708-322-schuhe,de/clothing-men-shoes.html,https://www.schuhe.de/herrenschuhe/produkt/ehm-cp1553677.html,https://i0.schuhe.de//imgdb/img/_fsmedia15_2/183-34-44-01/cache/183-34-44-01-list-s-04.jpg
clothing,men,shoes,x,y,clothing-men-shoes,20230708-322-schuhe,de/clothing-men-shoes.html,https://www.schuhe.de/herrenschuhe/produkt/plakton-cp1370928.html,https://i3.schuhe.de//imgdb/img/_leifer/174311550/cache/174311550-list-s-04.jpg
clothing,men,shoes,x,y,clothing-men-shoes,20230708-322-baur,de/clothing-men-shoes.html,https://baur.de/p/nike-trainingsschuh-air-monarch-iv/AKLBB1650283790?nav-c=33814&sku=1195785540#nav-i=2&ref=mba&nav-p=P1&relevantProduct=false,https://bilder.baur.de/i/empiriecom/ca3576c24450098b48c1a989005c7604.jpg
clothing,men,shoes,x,y,clothing-men-shoes,20230708-321-schuhe,de/clothing-men-shoes.html,https://www.schuhe.de/herrenschuhe/produkt/rohde-cp1553195.html,https://i2.schuhe.de//imgdb/img/_fsmedia8/185-88-3004/cache/185-88-3004-list-s-04.jpg
clothing,men,shoes,x,y,clothing-men-shoes,20230708-318-baur,de/clothing-men-shoes.html,https://baur.de/p/adidas-originals-sneaker-handball-spezial/AKLBB887372277?nav-c=33814&sku=8957540081#nav-i=41&ref=mba&nav-p=P1&relevantProduct=false,https://bilder.baur.de/i/empiriecom/33b34fb5ef01d4e313039b6f98c5916d.jpg
clothing,men,shoes,x,y,clothing-men-shoes,20230708-312-schuhe,de/clothing-men-shoes.html,https://www.schuhe.de/herrenschuhe/produkt/plakton-cp1370928.html,https://i2.schuhe.de//imgdb/img/_leifer/174311550/cache/174311550-list-s-04.jpg
clothing,men,shoes,x,y,clothing-men-shoes,20230708-310-baur,de/clothing-men-shoes.html,https://baur.de/p/nike-laufschuh-pegasus-40/AKLBB1676021822?nav-c=33814&sku=5986214298#nav-i=48&ref=mba&nav-p=P1&relevantProduct=false,https://bilder.baur.de/i/empiriecom/c85c5b274a217a4a94f6f4f09170c62e.jpg
clothing,men,shoes,x,y,clothing-men-shoes,20230708-303-schuhe,de/clothing-men-shoes.html,https://www.schuhe.de/herrenschuhe/produkt/bugatti-cp1574281.html,https://i1.schuhe.de//imgdb/img/_nmuecke/816759/cache/816759-list-s-04.jpg
clothing,men,shoes,x,y,clothing-men-shoes,20230708-296-baur,de/clothing-men-shoes.html,https://baur.de/p/asics-laufschuh-gel-contend-8/AKLBB1562232820?nav-c=33814&sku=7489003270#nav-i=59&ref=mba&nav-p=P1&relevantProduct=false,https://bilder.baur.de/i/empiriecom/48cc6fcf3e10081da572c855e3f856a5.jpg
clothing,men,shoes,x,y,clothing-men-shoes,20230708-291-baur,de/clothing-men-shoes.html,https://baur.de/p/nike-laufschuh-revolution-6-next-nature/AKLBB1360986148?nav-c=33814&sku=9644816445#nav-i=13&ref=mba&nav-p=P1&relevantProduct=false,https://bilder.baur.de/i/empiriecom/1463734350feaae9d0a7f11d75df925a.jpg
clothing,men,shoes,x,y,clothing-men-shoes,20230708-288-baur,de/clothing-men-shoes.html,https://baur.de/p/asics-laufschuh-gel-venture-9/AKLBB1658630775?nav-c=33814&sku=8967935180#nav-i=11&ref=mba&nav-p=P1&relevantProduct=false,https://bilder.baur.de/i/empiriecom/faa8dcedc34fe3b62a0bcbef579edff2.jpg
clothing,men,shoes,x,y,clothing-men-shoes,20230708-287-schuhe,de/clothing-men-shoes.html,https://www.schuhe.de/herrenschuhe/produkt/the-sandals-factory-cp1577661.html,https://i1.schuhe.de//imgdb/img/_nmuecke/829238/cache/829238-list-s-04.jpg
clothing,men,shoes,x,y,clothing-men-shoes,20230708-282-schuhe,de/clothing-men-shoes.html,https://www.schuhe.de/herrenschuhe/produkt/natural-sense-cp1404079.html,https://i3.schuhe.de//imgdb/img/_fsmedia1/289500086/cache/289500086-list-s-04.jpg
clothing,men,shoes,x,y,clothing-men-shoes,20230708-282-baur,de/clothing-men-shoes.html,https://baur.de/p/nike-sportswear-sneaker-tanjun/AKLBB1360991124?nav-c=33814&sku=9682465225#nav-i=52&ref=mba&nav-p=P1&relevantProduct=false,https://bilder.baur.de/i/empiriecom/bb9ac782a58b69e0a6b6a680437a2354.jpg
clothing,men,shoes,x,y,clothing-men-shoes,20230708-279-baur,de/clothing-men-shoes.html,https://baur.de/p/salomon-wanderschuh-warra-gore-tex-wasserdicht/AKLBB1658743158?nav-c=33814&sku=2543136649#nav-i=71&ref=mba&nav-p=P1&relevantProduct=false,https://bilder.baur.de/i/empiriecom/16b6d555733cf4bff30b30f79b104c6b.jpg
clothing,men,shoes,x,y,clothing-men-shoes,20230708-278-schuhe,de/clothing-men-shoes.html,https://www.schuhe.de/herrenschuhe/produkt/pme-legend-cp1577683.html,https://i2.schuhe.de//imgdb/img/_qbapp/119-172800902/cache/119-172800902-list-s-04.jpg
clothing,men,shoes,x,y,clothing-men-shoes,20230708-277-schuhe,de/clothing-men-shoes.html,https://www.schuhe.de/herrenschuhe/produkt/super-soft-cp1577784.html,https://i0.schuhe.de//imgdb/img/_loette/A131304/cache/A131304-list-s-04.jpg
clothing,men,shoes,x,y,clothing-men-shoes,20230708-272-schuhe,de/clothing-men-shoes.html,https://www.schuhe.de/herrenschuhe/produkt/krisbut-cp1588699.html,https://i1.schuhe.de//imgdb/img/_leifer/172291002/cache/172291002-list-s-04.jpg
clothing,men,shoes,x,y,clothing-men-shoes,20230708-266-baur,de/clothing-men-shoes.html,https://baur.de/p/lacoste-sneaker-powercourt-tri-1sma/AKLBB1458662718?nav-c=33814&sku=2936554589#nav-i=29&ref=mba&nav-p=P1&relevantProduct=false,https://bilder.baur.de/i/empiriecom/cc1956e683b221410717767cb772d9f7.jpg
clothing,men,shoes,x,y,clothing-men-shoes,20230708-258-schuhe,de/clothing-men-shoes.html,https://www.schuhe.de/herrenschuhe/produkt/birkenstock-cp1615215.html,https://i1.schuhe.de//imgdb/img/_fsmedia2/37828/cache/37828-list-s-04.jpg
clothing,men,shoes,x,y,clothing-men-shoes,20230708-251-schuhe,de/clothing-men-shoes.html,https://www.schuhe.de/herrenschuhe/produkt/gant-cp1543391.html,https://i3.schuhe.de//imgdb/img/_fsmedia4/1122200002/cache/1122200002-list-s-04.jpg
clothing,men,shoes,x,y,clothing-men-shoes,20230708-244-baur,de/clothing-men-shoes.html,https://baur.de/p/adidas-performance-laufschuh-ultrabounce/AKLBB1637131203?nav-c=33814&sku=9105152224#nav-i=58&ref=mba&nav-p=P1&relevantProduct=false,https://bilder.baur.de/i/empiriecom/3029049cc4a3adbe986a793ff98366d8.jpg
clothing,men,shoes,x,y,clothing-men-shoes,20230708-236-schuhe,de/clothing-men-shoes.html,https://www.schuhe.de/herrenschuhe/produkt/plakton-cp1370949.html,https://i0.schuhe.de//imgdb/img/_leifer/174216550/cache/174216550-list-s-04.jpg
clothing,men,shoes,x,y,clothing-men-shoes,20230708-233-schuhe,de/clothing-men-shoes.html,https://www.schuhe.de/herrenschuhe/produkt/the-sandals-factory-cp1580309.html,https://i1.schuhe.de//imgdb/img/_fsmedia17/105301927/cache/105301927-list-s-04.jpg
clothing,men,shoes,x,y,clothing-men-shoes,20230708-229-schuhe,de/clothing-men-shoes.html,https://www.schuhe.de/herrenschuhe/produkt/mustang-cp1557139.html,https://i1.schuhe.de//imgdb/img/_nmuecke/846981/cache/846981-list-s-04.jpg
clothing,men,shoes,x,y,clothing-men-shoes,20230708-228-schuhe,de/clothing-men-shoes.html,https://www.schuhe.de/herrenschuhe/produkt/brador-cp1557032.html,https://i0.schuhe.de//imgdb/img/_fsmedia2/37400/cache/37400-list-s-04.jpg
clothing,men,shoes,x,y,clothing-men-shoes,20230708-224-schuhe,de/clothing-men-shoes.html,https://www.schuhe.de/herrenschuhe/produkt/birkenstock-cp1576302.html,https://i1.schuhe.de//imgdb/img/_qbapp/472-29099006/cache/472-29099006-list-s-04.jpg
clothing,men,shoes,x,y,clothing-men-shoes,20230708-223-schuhe,de/clothing-men-shoes.html,https://www.schuhe.de/herrenschuhe/produkt/fly-flot-cp1541622.html,https://i3.schuhe.de//imgdb/img/_hofbauer/085033/cache/085033-list-s-04.jpg
clothing,men,shoes,x,y,clothing-men-shoes,20230708-221-schuhe,de/clothing-men-shoes.html,https://www.schuhe.de/herrenschuhe/produkt/plakton-cp1370934.html,https://i1.schuhe.de//imgdb/img/_leifer/174711550/cache/174711550-list-s-04.jpg
clothing,men,shoes,x,y,clothing-men-shoes,20230708-218-schuhe,de/clothing-men-shoes.html,https://www.schuhe.de/herrenschuhe/produkt/rieker-cp1550186.html,https://i2.schuhe.de//imgdb/img/_rieker/21385-14/cache/21385-14-list-s-04.jpg
clothing,men,shoes,x,y,clothing-men-shoes,20230708-197-baur,de/clothing-men-shoes.html,https://baur.de/p/nike-laufschuh-pegasus-trail-4-gore-tex-waterproo-wasserdicht/AKLBB1603168495?nav-c=33814&sku=5813946022#nav-i=50&ref=mba&nav-p=P1&relevantProduct=false,https://bilder.baur.de/i/empiriecom/444c882a543b4cd64f75b0443fb02303.jpg
clothing,men,shoes,x,y,clothing-men-shoes,20230708-192-schuhe,de/clothing-men-shoes.html,https://www.schuhe.de/herrenschuhe/produkt/rohde-cp1566916.html,https://i1.schuhe.de//imgdb/img/_nmuecke/830917/cache/830917-list-s-04.jpg
clothing,men,shoes,x,y,clothing-men-shoes,20230708-191-schuhe,de/clothing-men-shoes.html,https://www.schuhe.de/herrenschuhe/produkt/the-sandals-factory-cp1580319.html,https://i1.schuhe.de//imgdb/img/_fsmedia17/105301926/cache/105301926-list-s-04.jpg
clothing,men,shoes,x,y,clothing-men-shoes,20230708-191-baur,de/clothing-men-shoes.html,https://baur.de/p/adidas-terrex-wanderschuh-eastrail-2-0/AKLBB1637136891?nav-c=33814&sku=8504674015#nav-i=22&ref=mba&nav-p=P1&relevantProduct=false,https://bilder.baur.de/i/empiriecom/d3f4d2135bc09f45a2ece204f0e659b3.jpg
clothing,men,shoes,x,y,clothing-men-shoes,20230708-187-schuhe,de/clothing-men-shoes.html,https://www.schuhe.de/herrenschuhe/produkt/soliver-cp1535675.html,https://i1.schuhe.de//imgdb/img/_nwortmann/5-5-17203-30-305-2321/cache/5-5-17203-30-305-2321-list-s-04.jpg
clothing,men,shoes,x,y,clothing-men-shoes,20230708-182-schuhe,de/clothing-men-shoes.html,https://www.schuhe.de/herrenschuhe/produkt/fly-flot-cp1541622.html,https://i1.schuhe.de//imgdb/img/_hofbauer/085033/cache/085033-list-s-04.jpg
clothing,men,shoes,x,y,clothing-men-shoes,20230708-179-baur,de/clothing-men-shoes.html,https://baur.de/p/nike-sportswear-sneaker-air-max-excee/AKLBB909669314?nav-c=33814&sku=6247883440#nav-i=18&ref=mba&nav-p=P1&relevantProduct=false,https://bilder.baur.de/i/empiriecom/3d4b790de048f65748c53fabb0b37956.jpg
clothing,men,shoes,x,y,clothing-men-shoes,20230708-177-baur,de/clothing-men-shoes.html,https://baur.de/p/adidas-terrex-wanderschuh-terrex-ax4-gore-tex-wasserdicht/AKLBB1637138459?nav-c=33814&sku=4667670160#nav-i=5&ref=mba&nav-p=P1&relevantProduct=false,https://bilder.baur.de/i/empiriecom/a26819b3d740fcd6f5b73e1e27e62d68.jpg
clothing,men,shoes,x,y,clothing-men-shoes,20230708-177-baur,de/clothing-men-shoes.html,https://baur.de/p/adidas-originals-basketballschuh-forum-low/AKLBB1587504630?nav-c=33814&sku=8673110286#nav-i=72&ref=mba&nav-p=P1&relevantProduct=false,https://bilder.baur.de/i/empiriecom/f04d6a21f6d9d50cf0e43740fa8bebf3.jpg
clothing,men,shoes,x,y,clothing-men-shoes,20230708-173-schuhe,de/clothing-men-shoes.html,https://www.schuhe.de/herrenschuhe/produkt/rieker-evolution-cp1558976.html,https://i3.schuhe.de//imgdb/img/_rieker/20804-00/cache/20804-00-list-s-04.jpg
clothing,men,shoes,x,y,clothing-men-shoes,20230708-173-baur,de/clothing-men-shoes.html,https://baur.de/p/adidas-sportswear-sneaker-ultraboost-1-0-laufschuh/AKLBB1637139691?nav-c=33814&sku=1887614331#nav-i=23&ref=mba&nav-p=P1&relevantProduct=false,https://bilder.baur.de/i/empiriecom/6b82300df684b2d57cd3af418bd659c4.jpg
clothing,men,shoes,x,y,clothing-men-shoes,20230708-170-schuhe,de/clothing-men-shoes.html,https://www.schuhe.de/herrenschuhe/produkt/mustang-cp1549052.html,https://i0.schuhe.de//imgdb/img/_hofbauer/085124/cache/085124-list-s-04.jpg
clothing,men,shoes,x,y,clothing-men-shoes,20230708-165-schuhe,de/clothing-men-shoes.html,https://www.schuhe.de/herrenschuhe/produkt/rohde-cp1606130.html,https://i3.schuhe.de//imgdb/img/_leifer/174001004/cache/174001004-list-s-04.jpg
clothing,men,shoes,x,y,clothing-men-shoes,20230708-161-schuhe,de/clothing-men-shoes.html,https://www.schuhe.de/herrenschuhe/produkt/rohde-cp1553195.html,https://i3.schuhe.de//imgdb/img/_fsmedia8/185-88-3004/cache/185-88-3004-list-s-04.jpg
clothing,men,shoes,x,y,clothing-men-shoes,20230708-154-schuhe,de/clothing-men-shoes.html,https://www.schuhe.de/herrenschuhe/produkt/plakton-cp1370934.html,https://i0.schuhe.de//imgdb/img/_leifer/174711550/cache/174711550-list-s-04.jpg
clothing,men,shoes,x,y,clothing-men-shoes,20230708-148-baur,de/clothing-men-shoes.html,https://baur.de/p/adidas-performance-laufschuh-pureboost-22/AKLBB1537648871?nav-c=33814&sku=6312825610#nav-i=62&ref=mba&nav-p=P1&relevantProduct=false,https://bilder.baur.de/i/empiriecom/fd189ba251e0bfc2080911f0f867d1a2.jpg
clothing,men,shoes,x,y,clothing-men-shoes,20230708-145-baur,de/clothing-men-shoes.html,https://baur.de/p/new-balance-sneaker-ml-515/AKLBB1551103041?nav-c=33814&sku=9963660661#nav-i=6&ref=mba&nav-p=P1&relevantProduct=false,https://bilder.baur.de/i/empiriecom/5d392930c999c7b12680d771c280e705.jpg
clothing,men,shoes,x,y,clothing-men-shoes,20230708-136-schuhe,de/clothing-men-shoes.html,https://www.schuhe.de/herrenschuhe/produkt/plakton-cp1371384.html,https://i2.schuhe.de//imgdb/img/_leifer/174311551/cache/174311551-list-s-04.jpg
clothing,men,shoes,x,y,clothing-men-shoes,20230708-135-schuhe,de/clothing-men-shoes.html,https://www.schuhe.de/herrenschuhe/produkt/rohde-cp1566916.html,https://i0.schuhe.de//imgdb/img/_nmuecke/830917/cache/830917-list-s-04.jpg
clothing,men,shoes,x,y,clothing-men-shoes,20230708-132-baur,de/clothing-men-shoes.html,https://baur.de/p/skechers-berufsschuh-mit-gepolsterter-innensohle/AKLBB1301774441?nav-c=33814&sku=5357382246#nav-i=68&ref=mba&nav-p=P1&relevantProduct=false,https://bilder.baur.de/i/empiriecom/131dface4cadb2910fb484bdddea584d.jpg
clothing,men,shoes,x,y,clothing-men-shoes,20230708-128-schuhe,de/clothing-men-shoes.html,https://www.schuhe.de/herrenschuhe/produkt/brador-cp1557032.html,https://i2.schuhe.de//imgdb/img/_fsmedia2/37400/cache/37400-list-s-04.jpg
clothing,men,shoes,x,y,clothing-men-shoes,20230708-126-baur,de/clothing-men-shoes.html,https://baur.de/p/rieker-evolution-slip-on-sneaker-mit-memosoft-innensohle/AKLBB1669582727?nav-c=33814&sku=1023851343#nav-i=51&ref=mba&nav-p=P1&relevantProduct=false,https://bilder.baur.de/i/empiriecom/7fc1b6993c3e7a5bcc9744304e4bcc97.jpg
clothing,men,shoes,x,y,clothing-men-shoes,20230708-123-schuhe,de/clothing-men-shoes.html,https://www.schuhe.de/herrenschuhe/produkt/rohde-cp1538234.html,https://i1.schuhe.de//imgdb/img/_rissel/186301022/cache/186301022-list-s-04.jpg
clothing,men,shoes,x,y,clothing-men-shoes,20230708-122-schuhe,de/clothing-men-shoes.html,https://www.schuhe.de/herrenschuhe/produkt/lico-cp485809.html,https://i2.schuhe.de//imgdb/img/_hofbauer/061989/cache/061989-list-s-04.jpg
clothing,men,shoes,x,y,clothing-men-shoes,20230708-121-schuhe,de/clothing-men-shoes.html,https://www.schuhe.de/herrenschuhe/produkt/bugatti-cp1576459.html,https://i0.schuhe.de//imgdb/img/_hofbauer/085604/cache/085604-list-s-04.jpg
clothing,men,shoes,x,y,clothing-men-shoes,20230708-114-schuhe,de/clothing-men-shoes.html,https://www.schuhe.de/herrenschuhe/produkt/keen-cp1551950.html,https://i0.schuhe.de//imgdb/img/_fsmedia10/185301008/cache/185301008-list-s-04.jpg
clothing,men,shoes,x,y,clothing-men-shoes,20230708-109-baur,de/clothing-men-shoes.html,https://baur.de/p/adidas-originals-sneaker-treziod-2/AKLBB1700038464?nav-c=33814&sku=1336845448#nav-i=44&ref=mba&nav-p=P1&relevantProduct=false,https://bilder.baur.de/i/empiriecom/4c19318475602bc3765e14bfc434f2c6.jpg
