clothing,women,tunics,x,x,clothing-women-tunics,20230711-472-baur,de/clothing-women-tunics.html,https://baur.de/p/sheego-tunika-grosse-groessen-mit-v-ausschnitt-passe-und-kellerfalte/AKLBB1670991732?nav-c=182&sku=9689946499#nav-i=60&ref=mba&nav-p=P1&relevantProduct=false,https://bilder.baur.de/i/empiriecom/763126c338dfc0e2981790525cdf198b.jpg
clothing,women,tunics,x,x,clothing-women-tunics,20230711-204-baur,de/clothing-women-tunics.html,https://baur.de/p/sheego-tunika-grosse-groessen-mit-biesen-und-kellerfalte/AKLBB1709578067?nav-c=182&sku=5613994993#nav-i=67&ref=mba&nav-p=P1&relevantProduct=false,https://bilder.baur.de/i/empiriecom/97f258f5f6427f8866df1140cc4c89d9.jpg
clothing,women,tunics,x,x,clothing-women-tunics,20230711-140-baur,de/clothing-women-tunics.html,https://baur.de/p/sheego-tunika-grosse-groessen-mit-gummizugbund-an-3-4-arm-und-saum/AKLBB1728345829?nav-c=182&sku=4598132193#nav-i=72&ref=mba&nav-p=P1&relevantProduct=false,https://bilder.baur.de/i/empiriecom/597cd674713ade9ae8d7c81c758b151e.jpg
clothing,women,tunics,x,x,clothing-women-tunics,20230710-953-baur,de/clothing-women-tunics.html,https://baur.de/p/sheego-by-joe-browns-tunika-grosse-groessen-mit-blumenprint-und-volantaermeln/AKLBB1768923520?nav-c=182&sku=5589240693#nav-i=24&ref=mba&nav-p=P1&relevantProduct=false,https://bilder.baur.de/i/empiriecom/2e2cc0e40e7f5f1c4e44b0ecd6381baa.jpg
clothing,women,tunics,x,x,clothing-women-tunics,20230710-738-baur,de/clothing-women-tunics.html,https://baur.de/p/sheego-tunika-grosse-groessen-mit-alloverprint-und-saum-gummibund/AKLBB1768921661?nav-c=182&sku=5604883593#nav-i=40&ref=mba&nav-p=P1&relevantProduct=false,https://bilder.baur.de/i/empiriecom/5660a31aa49a94a8a8fb683c80972925.jpg
clothing,women,tunics,x,x,clothing-women-tunics,20230710-417-baur,de/clothing-women-tunics.html,https://baur.de/p/sheego-tunika-grosse-groessen-mit-batikdruck-und-bindebaendern/AKLBB1641147104?nav-c=182&sku=9730596760#nav-i=70&ref=mba&nav-p=P1&relevantProduct=false,https://bilder.baur.de/i/empiriecom/a5962d652e3e0e5d3c86176a36d2d19a.jpg
clothing,women,tunics,x,x,clothing-women-tunics,20230710-307-baur,de/clothing-women-tunics.html,https://baur.de/p/sheego-tunika-grosse-groessen-aus-leichter-viskose-crepequalitaet/AKLBB1640966990?nav-c=182&sku=4349044093#nav-i=71&ref=mba&nav-p=P1&relevantProduct=false,https://bilder.baur.de/i/empiriecom/b3c271432ed5c78632bde8590a562ae8.jpg
clothing,women,tunics,x,x,clothing-women-tunics,20230709-825-baur,de/clothing-women-tunics.html,https://baur.de/p/sheego-tunika-grosse-groessen-mit-karree-ausschnitt-und-blumenstickerei/AKLBB1640922672?nav-c=182&sku=6493972946#nav-i=65&ref=mba&nav-p=P1&relevantProduct=false,https://bilder.baur.de/i/empiriecom/463f90703ad711988fbdba4f62ca0f26.jpg
clothing,women,tunics,x,x,clothing-women-tunics,20230709-572-baur,de/clothing-women-tunics.html,https://baur.de/p/sheego-tunika-grosse-groessen-mit-lochmuster-leicht-ausgestellt/AKLBB1641090381?nav-c=182&sku=3028685225#nav-i=64&ref=mba&nav-p=P1&relevantProduct=false,https://bilder.baur.de/i/empiriecom/b1414cfb481a4fe037147b57b232b219.jpg
clothing,women,tunics,x,x,clothing-women-tunics,20230709-448-baur,de/clothing-women-tunics.html,https://baur.de/p/sheego-tunika-grosse-groessen-mit-kapuze-und-verlaengerter-rueckenpartie/AKLBB1670690087?nav-c=182&sku=3853295699#nav-i=70&ref=mba&nav-p=P1&relevantProduct=false,https://bilder.baur.de/i/empiriecom/6bde81e127c3259eea9f74c39b96cb41.jpg
clothing,women,tunics,x,x,clothing-women-tunics,20230709-401-baur,de/clothing-women-tunics.html,https://baur.de/p/october-tunika-mit-bunten-strickdetails/AKLBB1748699310?nav-c=182&sku=1686884093#nav-i=67&ref=mba&nav-p=P1&relevantProduct=false,https://bilder.baur.de/i/empiriecom/113d1d4dafd39ae7bfddd9a929f8cafc.jpg
clothing,women,tunics,x,x,clothing-women-tunics,20230709-368-baur,de/clothing-women-tunics.html,https://baur.de/p/sheego-chiffontunika-grosse-groessen-im-poncho-stil-mit-untertop/AKLBB1728331859?nav-c=182&sku=4302732793#nav-i=72&ref=mba&nav-p=P1&relevantProduct=false,https://bilder.baur.de/i/empiriecom/b3913fa27cf2a9859b3d2610332a84b3.jpg
clothing,women,tunics,x,x,clothing-women-tunics,20230709-350-baur,de/clothing-women-tunics.html,https://baur.de/p/sheego-tunika-grosse-groessen-mit-hemdkragen-und-kurzer-knopfleiste/AKLBB1641058771?nav-c=182&sku=8456534294#nav-i=69&ref=mba&nav-p=P1&relevantProduct=false,https://bilder.baur.de/i/empiriecom/c2f0807288551ebccf19cfdc8edbcfc1.jpg
clothing,women,tunics,x,x,clothing-women-tunics,20230709-267-baur,de/clothing-women-tunics.html,https://baur.de/p/sheego-tunika-grosse-groessen-mit-raffiniert-gearbeitetem-rueckenteil/AKLBB1640883575?nav-c=182&sku=1972190588#nav-i=71&ref=mba&nav-p=P1&relevantProduct=false,https://bilder.baur.de/i/empiriecom/11dce294d9ee3471e29228a8489d9be9.jpg
clothing,women,tunics,x,x,clothing-women-tunics,20230709-160-baur,de/clothing-women-tunics.html,https://baur.de/p/sheego-tunika-grosse-groessen-in-leicht-ausgestellter-form/AKLBB1679334557?nav-c=182&sku=5176894993#nav-i=55&ref=mba&nav-p=P1&relevantProduct=false,https://bilder.baur.de/i/empiriecom/3f639d9669cd6433940764bb57f28192.jpg
clothing,women,tunics,x,x,clothing-women-tunics,20230709-133-baur,de/clothing-women-tunics.html,https://baur.de/p/october-tunika-in-schlichtem-design/AKLBB1749674096?nav-c=182&sku=5547995793#nav-i=68&ref=mba&nav-p=P1&relevantProduct=false,https://bilder.baur.de/i/empiriecom/7da9aebf0145f2cc24d8fb2f4ccb363e.jpg
clothing,women,tunics,x,x,clothing-women-tunics,20230708-990-baur,de/clothing-women-tunics.html,https://baur.de/p/sheego-tunika-grosse-groessen-in-strukturqualitaet/AKLBB1641034668?nav-c=182&sku=9050110119#nav-i=35&ref=mba&nav-p=P1&relevantProduct=false,https://bilder.baur.de/i/empiriecom/a4b90d4834fa48530e6c957b8869dc51.jpg
clothing,women,tunics,x,x,clothing-women-tunics,20230708-988-baur,de/clothing-women-tunics.html,https://baur.de/p/sheego-tunika-grosse-groessen-aus-leicht-strukturierter-viskose/AKLBB1641146373?nav-c=182&sku=7684026899#nav-i=33&ref=mba&nav-p=P1&relevantProduct=false,https://bilder.baur.de/i/empiriecom/fc421c91203dd11b9f0223ec03e7d75e.jpg
clothing,women,tunics,x,x,clothing-women-tunics,20230708-959-baur,de/clothing-women-tunics.html,https://baur.de/p/sheego-tunika-grosse-groessen-im-leo-print-mit-saum-gummizug/AKLBB1641085684?nav-c=182&sku=4969183380#nav-i=40&ref=mba&nav-p=P1&relevantProduct=false,https://bilder.baur.de/i/empiriecom/c3b2f69faed2d51303cc56cd3aa05c07.jpg
clothing,women,tunics,x,x,clothing-women-tunics,20230708-955-baur,de/clothing-women-tunics.html,https://baur.de/p/sheego-tunika-grosse-groessen-mit-kontrastfarbenem-ausschnitt/AKLBB1717324792?nav-c=182&sku=7309605093#nav-i=62&ref=mba&nav-p=P1&relevantProduct=false,https://bilder.baur.de/i/empiriecom/39c6b23dead1bf75574660c772517799.jpg
clothing,women,tunics,x,x,clothing-women-tunics,20230708-931-baur,de/clothing-women-tunics.html,https://baur.de/p/october-tunika-mit-trendigem-mustermix/AKLBB1753637746?nav-c=182&sku=4634255593#nav-i=66&ref=mba&nav-p=P1&relevantProduct=false,https://bilder.baur.de/i/empiriecom/58adf7d0915c186d117e15710bb4d466.jpg
clothing,women,tunics,x,x,clothing-women-tunics,20230708-930-baur,de/clothing-women-tunics.html,https://baur.de/p/sheego-tunika-grosse-groessen-aus-baumwolle-mit-karree-ausschnitt/AKLBB1728314272?nav-c=182&sku=5964110093#nav-i=67&ref=mba&nav-p=P1&relevantProduct=false,https://bilder.baur.de/i/empiriecom/86e73821bb62d6b2c1a1916d02fbcac1.jpg
clothing,women,tunics,x,x,clothing-women-tunics,20230708-912-baur,de/clothing-women-tunics.html,https://baur.de/p/sheego-longtunika-grosse-groessen-mit-tiefem-v-ausschnitt/AKLBB1724710284?nav-c=182&sku=1682180293#nav-i=64&ref=mba&nav-p=P1&relevantProduct=false,https://bilder.baur.de/i/empiriecom/615be2d119f069b92b80b35593fdde6b.jpg
clothing,women,tunics,x,x,clothing-women-tunics,20230708-888-baur,de/clothing-women-tunics.html,https://baur.de/p/buffalo-schlupfbluse/AKLBB854849956?nav-c=182&sku=8875013156#nav-i=5&ref=mba&nav-p=P1&relevantProduct=false,https://bilder.baur.de/i/empiriecom/0070dc6afb8f9b8ad598becbe212b3aa.jpg
clothing,women,tunics,x,x,clothing-women-tunics,20230708-873-baur,de/clothing-women-tunics.html,https://baur.de/p/sheego-tunika-grosse-groessen-mit-hemdkragen-und-saum-zum-binden/AKLBB1640947922?nav-c=182&sku=7384003499#nav-i=65&ref=mba&nav-p=P1&relevantProduct=false,https://bilder.baur.de/i/empiriecom/efe5ef8a314154a077c46e73121cb355.jpg
clothing,women,tunics,x,x,clothing-women-tunics,20230708-870-baur,de/clothing-women-tunics.html,https://baur.de/p/sheego-by-joe-browns-tunika-grosse-groessen-mit-lochstickerei-und-rueschendetails/AKLBB1735935780?nav-c=182&sku=6985811893#nav-i=29&ref=mba&nav-p=P1&relevantProduct=false,https://bilder.baur.de/i/empiriecom/c70f529a02458f562995caf9207e4c87.jpg
clothing,women,tunics,x,x,clothing-women-tunics,20230708-853-baur,de/clothing-women-tunics.html,https://baur.de/p/sheego-by-joe-browns-tunika-grosse-groessen-mit-ornamentdruck-und-3-4-fluegelaermeln/AKLBB1717324042?nav-c=182&sku=5319303193#nav-i=59&ref=mba&nav-p=P1&relevantProduct=false,https://bilder.baur.de/i/empiriecom/ab9048b738a3c75871ce92e065fd20f5.jpg
clothing,women,tunics,x,x,clothing-women-tunics,20230708-833-baur,de/clothing-women-tunics.html,https://baur.de/p/buffalo-spitzenbluse/AKLBB482915751?nav-c=182&sku=61030574#nav-i=2&ref=mba&nav-p=P1&relevantProduct=false,https://bilder.baur.de/i/empiriecom/2ba46d05d012a92349b96398355e5fd9.jpg
clothing,women,tunics,x,x,clothing-women-tunics,20230708-824-baur,de/clothing-women-tunics.html,https://baur.de/p/sheego-tunika-grosse-groessen-in-leichter-a-linie/AKLBB1640962234?nav-c=182&sku=9368495539#nav-i=10&ref=mba&nav-p=P1&relevantProduct=false,https://bilder.baur.de/i/empiriecom/5a83fa81f270e02dee4bea19914dc27a.jpg
clothing,women,tunics,x,x,clothing-women-tunics,20230708-817-baur,de/clothing-women-tunics.html,https://baur.de/p/sheego-tunika-grosse-groessen-aus-zarter-viskose-qualitaet/AKLBB1724167778?nav-c=182&sku=6794155993#nav-i=68&ref=mba&nav-p=P1&relevantProduct=false,https://bilder.baur.de/i/empiriecom/5f4e2d53fd2dd194108017365a373379.jpg
clothing,women,tunics,x,x,clothing-women-tunics,20230708-813-baur,de/clothing-women-tunics.html,https://baur.de/p/sheego-by-joe-browns-tunika-grosse-groessen-im-boho-look-mit-floraler-stickerei/AKLBB1717327549?nav-c=182&sku=2688200693#nav-i=61&ref=mba&nav-p=P1&relevantProduct=false,https://bilder.baur.de/i/empiriecom/9c519703fc43b86de690009706051ba5.jpg
clothing,women,tunics,x,x,clothing-women-tunics,20230708-792-baur,de/clothing-women-tunics.html,https://baur.de/p/sheego-by-joe-browns-tunika-grosse-groessen-aus-zarter-strukturierter-dobby-qualitaet/AKLBB1641093567?nav-c=182&sku=8324823099#nav-i=47&ref=mba&nav-p=P1&relevantProduct=false,https://bilder.baur.de/i/empiriecom/c1798c3785bcabee342b2a712c24a7cb.jpg
clothing,women,tunics,x,x,clothing-women-tunics,20230708-785-baur,de/clothing-women-tunics.html,https://baur.de/p/sheego-by-joe-browns-tunika-grosse-groessen-mit-lochstickerei-und-rueschen/AKLBB1640900459?nav-c=182&sku=3074545282#nav-i=20&ref=mba&nav-p=P1&relevantProduct=false,https://bilder.baur.de/i/empiriecom/702a7e1da18df41f3fa00c30d2aeedbc.jpg
clothing,women,tunics,x,x,clothing-women-tunics,20230708-785-baur,de/clothing-women-tunics.html,https://baur.de/p/sheego-tunika-grosse-groessen-mit-smok-ausschnitt-und-3-4-aermeln/AKLBB1735936468?nav-c=182&sku=5984831193#nav-i=71&ref=mba&nav-p=P1&relevantProduct=false,https://bilder.baur.de/i/empiriecom/e4321b7310d5f9a4bf3408f50aa7aba9.jpg
clothing,women,tunics,x,x,clothing-women-tunics,20230708-771-baur,de/clothing-women-tunics.html,https://baur.de/p/sheego-by-joe-browns-tunika-grosse-groessen-im-mustermix-in-crepe-qualitaet/AKLBB1640992848?nav-c=182&sku=3248254635#nav-i=38&ref=mba&nav-p=P1&relevantProduct=false,https://bilder.baur.de/i/empiriecom/85a11141aebc8dde60bf0567deba8151.jpg
clothing,women,tunics,x,x,clothing-women-tunics,20230708-744-baur,de/clothing-women-tunics.html,https://baur.de/p/sheego-tunika-grosse-groessen-aus-weich-fliessender-viskose/AKLBB1640909949?nav-c=182&sku=4894253299#nav-i=43&ref=mba&nav-p=P1&relevantProduct=false,https://bilder.baur.de/i/empiriecom/68e9ac31403d0ab352693c5bef9c77c4.jpg
clothing,women,tunics,x,x,clothing-women-tunics,20230708-741-baur,de/clothing-women-tunics.html,https://baur.de/p/sheego-longtunika-grosse-groessen-mit-verlaengerter-rueckenpartie/AKLBB1640954292?nav-c=182&sku=3943680299#nav-i=24&ref=mba&nav-p=P1&relevantProduct=false,https://bilder.baur.de/i/empiriecom/8bb498b576cdfe3e2aa95510779de0db.jpg
clothing,women,tunics,x,x,clothing-women-tunics,20230708-720-baur,de/clothing-women-tunics.html,https://baur.de/p/sheego-tunika-grosse-groessen-mit-volant-aermeln-und-karree-ausschnitt/AKLBB1649614591?nav-c=182&sku=6295772199#nav-i=60&ref=mba&nav-p=P1&relevantProduct=false,https://bilder.baur.de/i/empiriecom/9bc4754155aea887fb190d40c1c89f59.jpg
clothing,women,tunics,x,x,clothing-women-tunics,20230708-709-baur,de/clothing-women-tunics.html,https://baur.de/p/sheego-longtunika-grosse-groessen-im-poncho-schnitt-leicht-transparent/AKLBB1641008231?nav-c=182&sku=4406194899#nav-i=16&ref=mba&nav-p=P1&relevantProduct=false,https://bilder.baur.de/i/empiriecom/96c614ecc5bd63ab95944a7cfc97241f.jpg
clothing,women,tunics,x,x,clothing-women-tunics,20230708-684-baur,de/clothing-women-tunics.html,https://baur.de/p/neun-monate-umstandstunika-powered-by-flashlights/AKLBB410134174?nav-c=182&sku=1427713835#nav-i=41&ref=mba&nav-p=P1&relevantProduct=false,https://bilder.baur.de/i/empiriecom/504fb6c016ea0f6adb50c84ba29dba49.jpg
clothing,women,tunics,x,x,clothing-women-tunics,20230708-664-baur,de/clothing-women-tunics.html,https://baur.de/p/sheego-by-joe-browns-longtunika-grosse-groessen-mit-batikprint-und-fledermausaermeln/AKLBB1641201136?nav-c=182&sku=2753316399#nav-i=57&ref=mba&nav-p=P1&relevantProduct=false,https://bilder.baur.de/i/empiriecom/3443fcf9f1d916d0b8dca758c16b6f0d.jpg
clothing,women,tunics,x,x,clothing-women-tunics,20230708-653-baur,de/clothing-women-tunics.html,https://baur.de/p/buffalo-tunika/AKLBB1463768630?nav-c=182&sku=9636256192#nav-i=4&ref=mba&nav-p=P1&relevantProduct=false,https://bilder.baur.de/i/empiriecom/389e040198fa24d89681f3e11d8a336c.jpg
clothing,women,tunics,x,x,clothing-women-tunics,20230708-617-baur,de/clothing-women-tunics.html,https://baur.de/p/sheego-tunika-grosse-groessen-aus-fliessender-viskose-qualitaet/AKLBB1641231428?nav-c=182&sku=9405642499#nav-i=27&ref=mba&nav-p=P1&relevantProduct=false,https://bilder.baur.de/i/empiriecom/8331be670124e79acecf5958e0c882cf.jpg
clothing,women,tunics,x,x,clothing-women-tunics,20230708-604-baur,de/clothing-women-tunics.html,https://baur.de/p/sheego-chiffontunika-grosse-groessen-im-lagenlook/AKLBB1724167615?nav-c=182&sku=1641920793#nav-i=37&ref=mba&nav-p=P1&relevantProduct=false,https://bilder.baur.de/i/empiriecom/30fbdd40e970bc6223a3e3537cbef967.jpg
clothing,women,tunics,x,x,clothing-women-tunics,20230708-598-baur,de/clothing-women-tunics.html,https://baur.de/p/sheego-tunika-grosse-groessen-mit-hemdkragen-und-v-ausschnitt/AKLBB1724168673?nav-c=182&sku=2989002293#nav-i=44&ref=mba&nav-p=P1&relevantProduct=false,https://bilder.baur.de/i/empiriecom/0b05614aa57d8abf30d666122a951c9b.jpg
clothing,women,tunics,x,x,clothing-women-tunics,20230708-594-baur,de/clothing-women-tunics.html,https://baur.de/p/sheego-tunika-grosse-groessen-in-leinenoptik/AKLBB1641154072?nav-c=182&sku=1466034819#nav-i=63&ref=mba&nav-p=P1&relevantProduct=false,https://bilder.baur.de/i/empiriecom/246c2e362ff360f81f73a90fbd087e2e.jpg
clothing,women,tunics,x,x,clothing-women-tunics,20230708-593-baur,de/clothing-women-tunics.html,https://baur.de/p/inspirationen-shirt-im-floralen-dessin/AKLBB1011310702?nav-c=182&sku=1919061124#nav-i=22&ref=mba&nav-p=P1&relevantProduct=false,https://bilder.baur.de/i/empiriecom/ff3d9d167277e8504dd3900ded2844cf.jpg
clothing,women,tunics,x,x,clothing-women-tunics,20230708-571-baur,de/clothing-women-tunics.html,https://baur.de/p/sheego-by-joe-browns-tunika-grosse-groessen-aus-elastischem-baumwollsatin/AKLBB1641166399?nav-c=182&sku=9040473399#nav-i=19&ref=mba&nav-p=P1&relevantProduct=false,https://bilder.baur.de/i/empiriecom/98609f5bc000ab94517d80596dbe00c5.jpg
clothing,women,tunics,x,x,clothing-women-tunics,20230708-564-baur,de/clothing-women-tunics.html,https://baur.de/p/sheego-longtunika-grosse-groessen-mit-alloverprint-und-lochstickereien/AKLBB1728949937?nav-c=182&sku=1282474493#nav-i=39&ref=mba&nav-p=P1&relevantProduct=false,https://bilder.baur.de/i/empiriecom/b0ad581b72e5b5d96a99186240668d7d.jpg
clothing,women,tunics,x,x,clothing-women-tunics,20230708-543-baur,de/clothing-women-tunics.html,https://baur.de/p/sheego-tunika-grosse-groessen-mit-3-4-aermeln-aus-fliessender-viskose/AKLBB1670691184?nav-c=182&sku=9852514799#nav-i=25&ref=mba&nav-p=P1&relevantProduct=false,https://bilder.baur.de/i/empiriecom/898b63d1f9f2411d6d9cc1f53462e312.jpg
clothing,women,tunics,x,x,clothing-women-tunics,20230708-542-baur,de/clothing-women-tunics.html,https://baur.de/p/sheego-tunika-grosse-groessen-in-figurschmeichelnder-2-in-1-optik/AKLBB1640957690?nav-c=182&sku=2416774692#nav-i=69&ref=mba&nav-p=P1&relevantProduct=false,https://bilder.baur.de/i/empiriecom/00acc35c0461a144c290a4b53b96d177.jpg
clothing,women,tunics,x,x,clothing-women-tunics,20230708-527-baur,de/clothing-women-tunics.html,https://baur.de/p/sheego-by-joe-browns-tunika-grosse-groessen-im-boho-look-mit-crochet-spitze/AKLBB1725048502?nav-c=182&sku=2128750993#nav-i=34&ref=mba&nav-p=P1&relevantProduct=false,https://bilder.baur.de/i/empiriecom/e2876f8a381d43b4f4c4938377ac2e21.jpg
clothing,women,tunics,x,x,clothing-women-tunics,20230708-497-baur,de/clothing-women-tunics.html,https://baur.de/p/sheego-tunika-grosse-groessen-trachten/AKLBB1640969583?nav-c=182&sku=3167924551#nav-i=23&ref=mba&nav-p=P1&relevantProduct=false,https://bilder.baur.de/i/empiriecom/02c3df9c8dd2c3642863addc447a7256.jpg
clothing,women,tunics,x,x,clothing-women-tunics,20230708-494-baur,de/clothing-women-tunics.html,https://baur.de/p/sheego-tunika-grosse-groessen-mit-blende-vorn-und-lochstickerei-im-ruecken/AKLBB1640970320?nav-c=182&sku=7250320299#nav-i=31&ref=mba&nav-p=P1&relevantProduct=false,https://bilder.baur.de/i/empiriecom/217f02c66342749c0ee8da104e0f4cd3.jpg
clothing,women,tunics,x,x,clothing-women-tunics,20230708-489-baur,de/clothing-women-tunics.html,https://baur.de/p/aniston-selected-tunika-mit-volant-und-blumendruck-neue-kollektion/AKLBB1687520475?nav-c=182&sku=3934891320#nav-i=18&ref=mba&nav-p=P1&relevantProduct=false,https://bilder.baur.de/i/empiriecom/a877c9e688f9c2dbd0d2001504399ad6.jpg
clothing,women,tunics,x,x,clothing-women-tunics,20230708-484-baur,de/clothing-women-tunics.html,https://baur.de/p/sheego-longtunika-grosse-groessen-mit-aufwendigen-kontraststickereien/AKLBB1735939846?nav-c=182&sku=3940661193#nav-i=58&ref=mba&nav-p=P1&relevantProduct=false,https://bilder.baur.de/i/empiriecom/c1ef255afdca9833c6d973612eb547fc.jpg
clothing,women,tunics,x,x,clothing-women-tunics,20230708-480-baur,de/clothing-women-tunics.html,https://baur.de/p/sheego-by-joe-browns-longtunika-grosse-groessen-doppellagig-verarbeitet-mit-zipfelsaum/AKLBB1641178136?nav-c=182&sku=9220470299#nav-i=52&ref=mba&nav-p=P1&relevantProduct=false,https://bilder.baur.de/i/empiriecom/3b8ed91bb5108c1fe4c6820ae12f29c9.jpg
clothing,women,tunics,x,x,clothing-women-tunics,20230708-467-baur,de/clothing-women-tunics.html,https://baur.de/p/aniston-selected-longtunika-mit-stoffbezogenen-knoepfen-und-biesen-neue-kollektion/AKLBB1691364435?nav-c=182&sku=3705113171#nav-i=8&ref=mba&nav-p=P1&relevantProduct=false,https://bilder.baur.de/i/empiriecom/9032cd9c559629f0e1b8167c1224fbd2.jpg
clothing,women,tunics,x,x,clothing-women-tunics,20230708-458-baur,de/clothing-women-tunics.html,https://baur.de/p/october-tunika-mit-dekorativen-knoepfen/AKLBB1745770510?nav-c=182&sku=2770642793#nav-i=48&ref=mba&nav-p=P1&relevantProduct=false,https://bilder.baur.de/i/empiriecom/b85ff37560f05ee95d511bfbb8b6b422.jpg
clothing,women,tunics,x,x,clothing-women-tunics,20230708-437-baur,de/clothing-women-tunics.html,https://baur.de/p/sheego-tunika-grosse-groessen-im-lagenlook-mit-chiffon/AKLBB1641006727?nav-c=182&sku=1976974489#nav-i=12&ref=mba&nav-p=P1&relevantProduct=false,https://bilder.baur.de/i/empiriecom/280374fe437ec9ff2e316b5fe4aed174.jpg
clothing,women,tunics,x,x,clothing-women-tunics,20230708-423-baur,de/clothing-women-tunics.html,https://baur.de/p/sheego-longtunika-grosse-groessen-mit-reissverschluss-am-v-ausschnitt/AKLBB1728370268?nav-c=182&sku=2533895493#nav-i=51&ref=mba&nav-p=P1&relevantProduct=false,https://bilder.baur.de/i/empiriecom/f7fb77d1a1514368fb8eee7096821f89.jpg
clothing,women,tunics,x,x,clothing-women-tunics,20230708-404-baur,de/clothing-women-tunics.html,https://baur.de/p/sheego-longtunika-grosse-groessen-mit-lochmusterdetails-und-volantspitze/AKLBB1641214541?nav-c=182&sku=2623083574#nav-i=26&ref=mba&nav-p=P1&relevantProduct=false,https://bilder.baur.de/i/empiriecom/0ce46caac850aa46cafa862fc8861f77.jpg
clothing,women,tunics,x,x,clothing-women-tunics,20230708-404-baur,de/clothing-women-tunics.html,https://baur.de/p/sheego-longtunika-grosse-groessen-mit-hemdkragen-und-reissverschluss/AKLBB1724167562?nav-c=182&sku=3831215893#nav-i=42&ref=mba&nav-p=P1&relevantProduct=false,https://bilder.baur.de/i/empiriecom/da7909bb8b42be7fd194c4c2f8a63c8a.jpg
clothing,women,tunics,x,x,clothing-women-tunics,20230708-404-baur,de/clothing-women-tunics.html,https://baur.de/p/sheego-by-joe-browns-tunika-grosse-groessen-mit-cut-outs-smokbund-und-blumenprint/AKLBB1717323355?nav-c=182&sku=3531825093#nav-i=50&ref=mba&nav-p=P1&relevantProduct=false,https://bilder.baur.de/i/empiriecom/f149dc2469a7c9ba33fad378c0d29a1d.jpg
clothing,women,tunics,x,x,clothing-women-tunics,20230708-403-baur,de/clothing-women-tunics.html,https://baur.de/p/sheego-longtunika-grosse-groessen-mit-tropischem-print-leicht-transparent/AKLBB1641041593?nav-c=182&sku=4122345414#nav-i=30&ref=mba&nav-p=P1&relevantProduct=false,https://bilder.baur.de/i/empiriecom/58dc0f68b32e396a12f313bd2de8d930.jpg
clothing,women,tunics,x,x,clothing-women-tunics,20230708-391-baur,de/clothing-women-tunics.html,https://baur.de/p/sheego-tunika-grosse-groessen-mit-3-4-aermeln-tunnelzug-am-saum/AKLBB1641061064?nav-c=182&sku=6801765699#nav-i=72&ref=mba&nav-p=P1&relevantProduct=false,https://bilder.baur.de/i/empiriecom/343a9be3a3e816041d2e1abb08f26754.jpg
clothing,women,tunics,x,x,clothing-women-tunics,20230708-361-baur,de/clothing-women-tunics.html,https://baur.de/p/sheego-chiffontunika-grosse-groessen-mit-fluegelaermeln-und-innentop/AKLBB1641207061?nav-c=182&sku=3711091051#nav-i=32&ref=mba&nav-p=P1&relevantProduct=false,https://bilder.baur.de/i/empiriecom/bdc2d935f3498b135a714cb3e0adaf86.jpg
clothing,women,tunics,x,x,clothing-women-tunics,20230708-354-baur,de/clothing-women-tunics.html,https://baur.de/p/sheego-longtunika-grosse-groessen-mit-3-4-arm-leicht-transparent/AKLBB1640949060?nav-c=182&sku=9950024199#nav-i=46&ref=mba&nav-p=P1&relevantProduct=false,https://bilder.baur.de/i/empiriecom/5ae32b604baaf359c1cbc6d4bfb91dd1.jpg
clothing,women,tunics,x,x,clothing-women-tunics,20230708-332-baur,de/clothing-women-tunics.html,https://baur.de/p/sheego-chiffontunika-grosse-groessen-mit-tiefem-rueckenausschnitt-und-untertop/AKLBB1728948696?nav-c=182&sku=5326595893#nav-i=11&ref=mba&nav-p=P1&relevantProduct=false,https://bilder.baur.de/i/empiriecom/51ac3f4f6ba605fe099047252482aaab.jpg
clothing,women,tunics,x,x,clothing-women-tunics,20230708-330-baur,de/clothing-women-tunics.html,https://baur.de/p/sheego-tunika-grosse-groessen-im-layerlook-mit-chiffon/AKLBB1641140080?nav-c=182&sku=5954254660#nav-i=13&ref=mba&nav-p=P1&relevantProduct=false,https://bilder.baur.de/i/empiriecom/4ef94852a68d765656f80d6e4617cd5d.jpg
clothing,women,tunics,x,x,clothing-women-tunics,20230708-328-baur,de/clothing-women-tunics.html,https://baur.de/p/sheego-longtunika-grosse-groessen-im-offenen-kaftan-schnitt/AKLBB1724722086?nav-c=182&sku=8465575393#nav-i=17&ref=mba&nav-p=P1&relevantProduct=false,https://bilder.baur.de/i/empiriecom/1c163b8fad6e250c2bd49f29aeec9e90.jpg
clothing,women,tunics,x,x,clothing-women-tunics,20230708-315-baur,de/clothing-women-tunics.html,https://baur.de/p/sheego-chiffontunika-grosse-groessen-in-layering-optik-mit-3-4-aermeln/AKLBB1728358141?nav-c=182&sku=7267025693#nav-i=53&ref=mba&nav-p=P1&relevantProduct=false,https://bilder.baur.de/i/empiriecom/a9e3ab3ac469a40efc21cfc4cdedf49f.jpg
clothing,women,tunics,x,x,clothing-women-tunics,20230708-294-baur,de/clothing-women-tunics.html,https://baur.de/p/sheego-longtunika-grosse-groessen-in-a-linie-mit-lochmusterdetails/AKLBB1670686448?nav-c=182&sku=3020791299#nav-i=36&ref=mba&nav-p=P1&relevantProduct=false,https://bilder.baur.de/i/empiriecom/fe4e38bfbba6f0f3eb5f020feced0547.jpg
clothing,women,tunics,x,x,clothing-women-tunics,20230708-287-baur,de/clothing-women-tunics.html,https://baur.de/p/sheego-tunika-grosse-groessen-mit-alloverprint-und-v-ausschnitt/AKLBB1692332044?nav-c=182&sku=4594180919#nav-i=70&ref=mba&nav-p=P1&relevantProduct=false,https://bilder.baur.de/i/empiriecom/527d157b870f39f9c9803b79a46726e9.jpg
clothing,women,tunics,x,x,clothing-women-tunics,20230708-278-baur,de/clothing-women-tunics.html,https://baur.de/p/sheego-tunika-grosse-groessen-mit-blumenprint-und-3-4-arm/AKLBB1728329255?nav-c=182&sku=2382176293#nav-i=55&ref=mba&nav-p=P1&relevantProduct=false,https://bilder.baur.de/i/empiriecom/c497e5fd928340d1ef2ba47a176edb61.jpg
clothing,women,tunics,x,x,clothing-women-tunics,20230708-248-baur,de/clothing-women-tunics.html,https://baur.de/p/sheego-longtunika-grosse-groessen-mit-kontrast-blumendruck/AKLBB1724888485?nav-c=182&sku=1603122593#nav-i=14&ref=mba&nav-p=P1&relevantProduct=false,https://bilder.baur.de/i/empiriecom/a2ef2f8b826335c33e823bb9459eeff9.jpg
clothing,women,tunics,x,x,clothing-women-tunics,20230708-208-baur,de/clothing-women-tunics.html,https://baur.de/p/october-tunika-mit-trendigem-allover-print/AKLBB1750019523?nav-c=182&sku=8786995393#nav-i=28&ref=mba&nav-p=P1&relevantProduct=false,https://bilder.baur.de/i/empiriecom/8f94d03a7514b3ef29d0d6c32f185ae1.jpg
clothing,women,tunics,x,x,clothing-women-tunics,20230708-193-baur,de/clothing-women-tunics.html,https://baur.de/p/sheego-tunika-grosse-groessen-mit-smokeinsatz-auf-taillenhoehe/AKLBB1692332363?nav-c=182&sku=4261764793#nav-i=54&ref=mba&nav-p=P1&relevantProduct=false,https://bilder.baur.de/i/empiriecom/228ecfe300d58b3443d9e4e64cddc871.jpg
clothing,women,tunics,x,x,clothing-women-tunics,20230708-169-baur,de/clothing-women-tunics.html,https://baur.de/p/sheego-tunika-grosse-groessen-mit-grafischem-alloverprint/AKLBB1768921465?nav-c=182&sku=2564342393#nav-i=15&ref=mba&nav-p=P1&relevantProduct=false,https://bilder.baur.de/i/empiriecom/ce3ef83be7e8c07a171fa529df1eaeab.jpg
clothing,women,tunics,x,x,clothing-women-tunics,20230708-164-baur,de/clothing-women-tunics.html,https://baur.de/p/lascana-longshirt/AKLBB856203714?nav-c=182&sku=9135623456#nav-i=3&ref=mba&nav-p=P1&relevantProduct=false,https://bilder.baur.de/i/empiriecom/1f0619c0b34dcb4fa36ceb57623646ad.jpg
clothing,women,tunics,x,x,clothing-women-tunics,20230708-129-baur,de/clothing-women-tunics.html,https://baur.de/p/sheego-tunika-grosse-groessen-in-a-linie-lagenlook-mit-fluegelaermeln/AKLBB1641174951?nav-c=182&sku=5851054827#nav-i=9&ref=mba&nav-p=P1&relevantProduct=false,https://bilder.baur.de/i/empiriecom/eb147938d5fc4736456035ab58a49d40.jpg
clothing,women,tunics,x,x,clothing-women-tunics,20230708-116-baur,de/clothing-women-tunics.html,https://baur.de/p/sheego-tunika-grosse-groessen-mit-rundhalsausschnitt-und-rueckenpasse/AKLBB1671743315?nav-c=182&sku=1406770799#nav-i=56&ref=mba&nav-p=P1&relevantProduct=false,https://bilder.baur.de/i/empiriecom/189ab32af2cd0c1eef7735c1ffc5e706.jpg
