clothing,boys,sweatshirts,x,x,clothing-boys-sweatshirts,20230708-977-baur,de/clothing-boys-sweatshirts.html,https://baur.de/p/chiemsee-kapuzensweatshirt-mit-kontrast-futter/AKLBB1505700679?nav-c=3151&sku=4209533425#nav-i=60&ref=mba&nav-p=P1&relevantProduct=false,https://bilder.baur.de/i/empiriecom/6a68222d1ec7cba9c61552e39061e37b.jpg
clothing,boys,sweatshirts,x,x,clothing-boys-sweatshirts,20230708-974-baur,de/clothing-boys-sweatshirts.html,https://baur.de/p/tom-tailor-sweatshirt/AKLBB1666731376?nav-c=3151&sku=3533523415#nav-i=46&ref=mba&nav-p=P1&relevantProduct=false,https://bilder.baur.de/i/empiriecom/8f8728396a503e2d594d6e85b86569ea.jpg
clothing,boys,sweatshirts,x,x,clothing-boys-sweatshirts,20230708-970-baur,de/clothing-boys-sweatshirts.html,https://baur.de/p/killtec-fleecejacke-kos-217-bys-kntflc-jckt/AKLBB1733165409?nav-c=3151&sku=1291152699#nav-i=62&ref=mba&nav-p=P1&relevantProduct=false,https://bilder.baur.de/i/empiriecom/a3d701ac2a48a150daaffd985499534a.jpg
clothing,boys,sweatshirts,x,x,clothing-boys-sweatshirts,20230708-969-baur,de/clothing-boys-sweatshirts.html,https://baur.de/p/name-it-kapuzensweatshirt-nkmjalte-pokemon-sweat-wh-bru-noos-bfu/AKLBB1731263957?nav-c=3151&sku=2110095042#nav-i=40&ref=mba&nav-p=P1&relevantProduct=false,https://bilder.baur.de/i/empiriecom/dde90909b73dde1ef46bd824a8cae262.jpg
clothing,boys,sweatshirts,x,x,clothing-boys-sweatshirts,20230708-959-baur,de/clothing-boys-sweatshirts.html,https://baur.de/p/tommy-hilfiger-kapuzensweatshirt-hilfiger-arched-hoodie-mit-hilfiger-logo-schriftzug/AKLBB1687520593?nav-c=3151&sku=6241222361#nav-i=64&ref=mba&nav-p=P1&relevantProduct=false,https://bilder.baur.de/i/empiriecom/23ea0a03a9e156a3165b9b4357e0d8a2.jpg
clothing,boys,sweatshirts,x,x,clothing-boys-sweatshirts,20230708-950-baur,de/clothing-boys-sweatshirts.html,https://baur.de/p/lego-wear-sweatjacke/AKLBB1642031493?nav-c=3151&sku=1286050495#nav-i=8&ref=mba&nav-p=P1&relevantProduct=false,https://bilder.baur.de/i/empiriecom/a1231e1a3a99a382e6cb155bc37089df.jpg
clothing,boys,sweatshirts,x,x,clothing-boys-sweatshirts,20230708-947-baur,de/clothing-boys-sweatshirts.html,https://baur.de/p/jack-jones-junior-kapuzensweatjacke-jjebasic-sweat-zip-hood/AKLBB1143738322?nav-c=3151&sku=2550186088#nav-i=11&ref=mba&nav-p=P1&relevantProduct=false,https://bilder.baur.de/i/empiriecom/5acd2b7659dbacc7e84cb1c321d5af6b.jpg
clothing,boys,sweatshirts,x,x,clothing-boys-sweatshirts,20230708-944-baur,de/clothing-boys-sweatshirts.html,https://baur.de/p/puma-sweatshirt-essentials-hoodie-mit-grossem-logo-jungen/AKLBB1648707987?nav-c=3151&sku=1322606293#nav-i=44&ref=mba&nav-p=P1&relevantProduct=false,https://bilder.baur.de/i/empiriecom/85fea8da424103de172fd9af75e6ce58.jpg
clothing,boys,sweatshirts,x,x,clothing-boys-sweatshirts,20230708-926-baur,de/clothing-boys-sweatshirts.html,https://baur.de/p/bench-kapuzensweatjacke/AKLBB594036530?nav-c=3151&sku=75149074#nav-i=13&ref=mba&nav-p=P1&relevantProduct=false,https://bilder.baur.de/i/empiriecom/267a69cb1ea2cdb22e29de9dc59707c9.jpg
clothing,boys,sweatshirts,x,x,clothing-boys-sweatshirts,20230708-923-baur,de/clothing-boys-sweatshirts.html,https://baur.de/p/name-it-kapuzensweatshirt-nkmleco-ls-sweat-wh-bru-noos/AKLBB1731264181?nav-c=3151&sku=8513161278#nav-i=33&ref=mba&nav-p=P1&relevantProduct=false,https://bilder.baur.de/i/empiriecom/0ee9e278f0f5c2173441c6193219cb86.jpg
clothing,boys,sweatshirts,x,x,clothing-boys-sweatshirts,20230708-889-baur,de/clothing-boys-sweatshirts.html,https://baur.de/p/tommy-hilfiger-kapuzensweatshirt/AKLBB1367482979?nav-c=3151&sku=4434391298#nav-i=69&ref=mba&nav-p=P1&relevantProduct=false,https://bilder.baur.de/i/empiriecom/305c63584be686b5911f0a9290cbbd4b.jpg
clothing,boys,sweatshirts,x,x,clothing-boys-sweatshirts,20230708-859-baur,de/clothing-boys-sweatshirts.html,https://baur.de/p/puma-sweatjacke-iconic-t7-trainingsjacke-jungen/AKLBB1648790050?nav-c=3151&sku=7786590993#nav-i=36&ref=mba&nav-p=P1&relevantProduct=false,https://bilder.baur.de/i/empiriecom/7523f2f9464abd795ea10a0ee8039498.jpg
clothing,boys,sweatshirts,x,x,clothing-boys-sweatshirts,20230708-852-baur,de/clothing-boys-sweatshirts.html,https://baur.de/p/champion-kapuzensweatshirt-hooded-sweatshirt/AKLBB1638946345?nav-c=3151&sku=1455520711#nav-i=48&ref=mba&nav-p=P1&relevantProduct=false,https://bilder.baur.de/i/empiriecom/6bb685a273ab1ee66de4706d450ae16c.jpg
clothing,boys,sweatshirts,x,x,clothing-boys-sweatshirts,20230708-840-baur,de/clothing-boys-sweatshirts.html,https://baur.de/p/kidsworld-kapuzensweatshirt-best-job-ever/AKLBB1214857541?nav-c=3151&sku=8842634969#nav-i=38&ref=mba&nav-p=P1&relevantProduct=false,https://bilder.baur.de/i/empiriecom/ab989d0500bb2a0acd1bd86034eebe61.jpg
clothing,boys,sweatshirts,x,x,clothing-boys-sweatshirts,20230708-820-baur,de/clothing-boys-sweatshirts.html,https://baur.de/p/bench-sweatshirt-mit-campus-druck/AKLBB1505750820?nav-c=3151&sku=6708440713#nav-i=14&ref=mba&nav-p=P1&relevantProduct=false,https://bilder.baur.de/i/empiriecom/3666aa6e90708eaf6bb9ef2b4edf5f4e.jpg
clothing,boys,sweatshirts,x,x,clothing-boys-sweatshirts,20230708-808-baur,de/clothing-boys-sweatshirts.html,https://baur.de/p/tommy-hilfiger-kapuzensweatshirt-u-hilfiger-arched-hoody-mit-markenlabel/AKLBB1666985581?nav-c=3151&sku=1970132195#nav-i=31&ref=mba&nav-p=P1&relevantProduct=false,https://bilder.baur.de/i/empiriecom/d7322d65f761cb843ab3df664ffee20d.jpg
clothing,boys,sweatshirts,x,x,clothing-boys-sweatshirts,20230708-764-baur,de/clothing-boys-sweatshirts.html,https://baur.de/p/puma-sweatshirt-classics-logo-hoodie-jungen/AKLBB1648713746?nav-c=3151&sku=4944614576#nav-i=45&ref=mba&nav-p=P1&relevantProduct=false,https://bilder.baur.de/i/empiriecom/7b39c8d01f2eb8a7110c2da6942087da.jpg
clothing,boys,sweatshirts,x,x,clothing-boys-sweatshirts,20230708-757-baur,de/clothing-boys-sweatshirts.html,https://baur.de/p/jack-jones-junior-kapuzensweatshirt/AKLBB1262067575?nav-c=3151&sku=5388814931#nav-i=23&ref=mba&nav-p=P1&relevantProduct=false,https://bilder.baur.de/i/empiriecom/816bad681fdc7bf3cc478e98b56a4583.jpg
clothing,boys,sweatshirts,x,x,clothing-boys-sweatshirts,20230708-754-baur,de/clothing-boys-sweatshirts.html,https://baur.de/p/chiemsee-kapuzensweatshirt-zipper-mit-farbigen-details/AKLBB1505686190?nav-c=3151&sku=7450176397#nav-i=63&ref=mba&nav-p=P1&relevantProduct=false,https://bilder.baur.de/i/empiriecom/164a6c5c5ee37fba72bb7a61f12f0054.jpg
clothing,boys,sweatshirts,x,x,clothing-boys-sweatshirts,20230708-714-baur,de/clothing-boys-sweatshirts.html,https://baur.de/p/gulliver-kapuzensweatshirt-mit-grossem-schriftdruck/AKLBB1719584994?nav-c=3151&sku=6476964393#nav-i=54&ref=mba&nav-p=P1&relevantProduct=false,https://bilder.baur.de/i/empiriecom/33c3026a14c58543c7676669db5082b4.jpg
clothing,boys,sweatshirts,x,x,clothing-boys-sweatshirts,20230708-714-baur,de/clothing-boys-sweatshirts.html,https://baur.de/p/jack-jones-junior-kapuzensweatjacke/AKLBB1143746708?nav-c=3151&sku=2101433497#nav-i=55&ref=mba&nav-p=P1&relevantProduct=false,https://bilder.baur.de/i/empiriecom/b848f13d37fac2122b94ed2aa27623bf.jpg
clothing,boys,sweatshirts,x,x,clothing-boys-sweatshirts,20230708-707-baur,de/clothing-boys-sweatshirts.html,https://baur.de/p/jack-jones-junior-kapuzensweatshirt/AKLBB1529656657?nav-c=3151&sku=8854262142#nav-i=32&ref=mba&nav-p=P1&relevantProduct=false,https://bilder.baur.de/i/empiriecom/31f1e2ba26145dd498f986ec81afdb58.jpg
clothing,boys,sweatshirts,x,x,clothing-boys-sweatshirts,20230708-706-baur,de/clothing-boys-sweatshirts.html,https://baur.de/p/vans-kapuzensweatshirt-vans-classic-po-ii-boys/AKLBB1048932316?nav-c=3151&sku=5310564124#nav-i=19&ref=mba&nav-p=P1&relevantProduct=false,https://bilder.baur.de/i/empiriecom/964bb94f1903a9a7c95fdd2c9039a1e7.jpg
clothing,boys,sweatshirts,x,x,clothing-boys-sweatshirts,20230708-687-baur,de/clothing-boys-sweatshirts.html,https://baur.de/p/garcia-sweatjacke-mit-grossem-rueckenprint/AKLBB1667358944?nav-c=3151&sku=3203261040#nav-i=30&ref=mba&nav-p=P1&relevantProduct=false,https://bilder.baur.de/i/empiriecom/a34e6326a7c7b2668a6a88bedeb2929f.jpg
clothing,boys,sweatshirts,x,x,clothing-boys-sweatshirts,20230708-683-baur,de/clothing-boys-sweatshirts.html,https://baur.de/p/name-it-sweatshirt-nmmlei-swe-bru-pb/AKLBB1698424819?nav-c=3151&sku=2754050160#nav-i=34&ref=mba&nav-p=P1&relevantProduct=false,https://bilder.baur.de/i/empiriecom/1595c40d6fc086cee2a7adb7d95a4efd.jpg
clothing,boys,sweatshirts,x,x,clothing-boys-sweatshirts,20230708-676-baur,de/clothing-boys-sweatshirts.html,https://baur.de/p/rip-curl-kapuzensweatshirt-wetsuit-icon-hood-kid/AKLBB1661853865?nav-c=3151&sku=7363534744#nav-i=71&ref=mba&nav-p=P1&relevantProduct=false,https://bilder.baur.de/i/empiriecom/8a1731064ef94616b4b0f9dd48d51e3a.jpg
clothing,boys,sweatshirts,x,x,clothing-boys-sweatshirts,20230708-656-baur,de/clothing-boys-sweatshirts.html,https://baur.de/p/champion-kapuzensweatshirt-hooded-sweatshirt/AKLBB1636912788?nav-c=3151&sku=2590304834#nav-i=65&ref=mba&nav-p=P1&relevantProduct=false,https://bilder.baur.de/i/empiriecom/3dca7dda8ab326d684f3722425ddf9b3.jpg
clothing,boys,sweatshirts,x,x,clothing-boys-sweatshirts,20230708-643-baur,de/clothing-boys-sweatshirts.html,https://baur.de/p/tommy-hilfiger-kapuzensweatshirt/AKLBB1367467224?nav-c=3151&sku=7392561878#nav-i=9&ref=mba&nav-p=P1&relevantProduct=false,https://bilder.baur.de/i/empiriecom/0e3a7fe358963fdf14853909d1c62c96.jpg
clothing,boys,sweatshirts,x,x,clothing-boys-sweatshirts,20230708-643-baur,de/clothing-boys-sweatshirts.html,https://baur.de/p/puma-kapuzensweatshirt-ess-2-col-big-logo-hoodie-fl-fuer-kinder/AKLBB1687575744?nav-c=3151&sku=3023944627#nav-i=39&ref=mba&nav-p=P1&relevantProduct=false,https://bilder.baur.de/i/empiriecom/2cdfa3d01ece9a55a1f4064afb65e657.jpg
clothing,boys,sweatshirts,x,x,clothing-boys-sweatshirts,20230708-620-baur,de/clothing-boys-sweatshirts.html,https://baur.de/p/jack-jones-junior-kapuzensweatshirt/AKLBB1529656683?nav-c=3151&sku=6025533914#nav-i=41&ref=mba&nav-p=P1&relevantProduct=false,https://bilder.baur.de/i/empiriecom/fd76e5110515430c852e88776a1e5251.jpg
clothing,boys,sweatshirts,x,x,clothing-boys-sweatshirts,20230708-615-baur,de/clothing-boys-sweatshirts.html,https://baur.de/p/tommy-hilfiger-sweatshirt/AKLBB1367457941?nav-c=3151&sku=2884515498#nav-i=29&ref=mba&nav-p=P1&relevantProduct=false,https://bilder.baur.de/i/empiriecom/36dabe6b428d8d940565fdac9f4ece56.jpg
clothing,boys,sweatshirts,x,x,clothing-boys-sweatshirts,20230708-614-baur,de/clothing-boys-sweatshirts.html,https://baur.de/p/jack-jones-junior-kapuzensweatshirt/AKLBB1529656803?nav-c=3151&sku=8826714946#nav-i=53&ref=mba&nav-p=P1&relevantProduct=false,https://bilder.baur.de/i/empiriecom/2ab4652bdad68d81094fa06e742e2af1.jpg
clothing,boys,sweatshirts,x,x,clothing-boys-sweatshirts,20230708-612-baur,de/clothing-boys-sweatshirts.html,https://baur.de/p/tommy-hilfiger-sweatshirt-th-logo-sweatshirt-mit-grosser-hilfiger-flag-logo-schriftzug/AKLBB1687571848?nav-c=3151&sku=5273400989#nav-i=66&ref=mba&nav-p=P1&relevantProduct=false,https://bilder.baur.de/i/empiriecom/3737395373680b818e2cab6203dfb228.jpg
clothing,boys,sweatshirts,x,x,clothing-boys-sweatshirts,20230708-593-baur,de/clothing-boys-sweatshirts.html,https://baur.de/p/nike-sportswear-kapuzensweatjacke-nkb-club-fleece-fz-hoodie-fuer-kinder/AKLBB1288778752?nav-c=3151&sku=7482030962#nav-i=24&ref=mba&nav-p=P1&relevantProduct=false,https://bilder.baur.de/i/empiriecom/54fd1df251984d675da91259e5f98cc0.jpg
clothing,boys,sweatshirts,x,x,clothing-boys-sweatshirts,20230708-587-baur,de/clothing-boys-sweatshirts.html,https://baur.de/p/chiemsee-kapuzensweatshirt-in-cooler-batikoptik-mit-logo-druck/AKLBB1505686211?nav-c=3151&sku=1016750779#nav-i=20&ref=mba&nav-p=P1&relevantProduct=false,https://bilder.baur.de/i/empiriecom/c579763018418326bd818fcc412c6a79.jpg
clothing,boys,sweatshirts,x,x,clothing-boys-sweatshirts,20230708-579-baur,de/clothing-boys-sweatshirts.html,https://baur.de/p/paw-patrol-kapuzenshirt-friends-marshall-and-chase/AKLBB1302248732?nav-c=3151&sku=8823865866#nav-i=37&ref=mba&nav-p=P1&relevantProduct=false,https://bilder.baur.de/i/empiriecom/04c521cae992abaf9bd85405de88f540.jpg
clothing,boys,sweatshirts,x,x,clothing-boys-sweatshirts,20230708-574-baur,de/clothing-boys-sweatshirts.html,https://baur.de/p/nike-sportswear-kapuzensweatshirt-nkb-club-fleece-po-hoodie-fuer-kinder/AKLBB1288783642?nav-c=3151&sku=6865765811#nav-i=6&ref=mba&nav-p=P1&relevantProduct=false,https://bilder.baur.de/i/empiriecom/5b2c48f78308a83eadc2ca00b99a73b8.jpg
clothing,boys,sweatshirts,x,x,clothing-boys-sweatshirts,20230708-548-baur,de/clothing-boys-sweatshirts.html,https://baur.de/p/jack-jones-junior-kapuzensweatshirt/AKLBB1262067572?nav-c=3151&sku=1070771378#nav-i=26&ref=mba&nav-p=P1&relevantProduct=false,https://bilder.baur.de/i/empiriecom/072bf1d55ec6f48f45baf952d9f17378.jpg
clothing,boys,sweatshirts,x,x,clothing-boys-sweatshirts,20230708-442-baur,de/clothing-boys-sweatshirts.html,https://baur.de/p/tommy-hilfiger-sweatshirt-tartan-check-sweatshirt-mit-modischem-tartan-karo-tommy-hilfger-markenlabel/AKLBB1629884412?nav-c=3151&sku=1814825468#nav-i=59&ref=mba&nav-p=P1&relevantProduct=false,https://bilder.baur.de/i/empiriecom/0ef469c78b8ea9bed74f4b77dd054980.jpg
clothing,boys,sweatshirts,x,x,clothing-boys-sweatshirts,20230708-417-baur,de/clothing-boys-sweatshirts.html,https://baur.de/p/puma-kapuzensweatshirt-ess-big-logo-hoodie-fl-fuer-kinder/AKLBB1543517704?nav-c=3151&sku=2364441070#nav-i=56&ref=mba&nav-p=P1&relevantProduct=false,https://bilder.baur.de/i/empiriecom/fff7ee28651b0a480ce7ac1b1f1deb6d.jpg
clothing,boys,sweatshirts,x,x,clothing-boys-sweatshirts,20230708-406-baur,de/clothing-boys-sweatshirts.html,https://baur.de/p/bench-kapuzensweatshirt-im-colorblock-design-mit-logo-drucken/AKLBB1513822782?nav-c=3151&sku=7244753163#nav-i=57&ref=mba&nav-p=P1&relevantProduct=false,https://bilder.baur.de/i/empiriecom/e87a4c254d4aab924e10b5f729543ec3.jpg
clothing,boys,sweatshirts,x,x,clothing-boys-sweatshirts,20230708-397-baur,de/clothing-boys-sweatshirts.html,https://baur.de/p/nike-sportswear-kapuzensweatjacke-b-nsw-repeat-sw-pk-fz-hoodie/AKLBB1648616384?nav-c=3151&sku=2526520935#nav-i=43&ref=mba&nav-p=P1&relevantProduct=false,https://bilder.baur.de/i/empiriecom/ba2136225b0fbd7533ebc7172c7a7d62.jpg
clothing,boys,sweatshirts,x,x,clothing-boys-sweatshirts,20230708-365-baur,de/clothing-boys-sweatshirts.html,https://baur.de/p/nike-sportswear-kapuzensweatshirt-club-big-kids-pullover-hoodie/AKLBB1420881313?nav-c=3151&sku=6427451073#nav-i=1&ref=mba&nav-p=P1&relevantProduct=false,https://bilder.baur.de/i/empiriecom/0a538b610fe04606046b3e4d2ea7f267.jpg
clothing,boys,sweatshirts,x,x,clothing-boys-sweatshirts,20230708-361-baur,de/clothing-boys-sweatshirts.html,https://baur.de/p/jack-jones-junior-kapuzensweatjacke/AKLBB1529657481?nav-c=3151&sku=7255842915#nav-i=10&ref=mba&nav-p=P1&relevantProduct=false,https://bilder.baur.de/i/empiriecom/d195498ca14e97518ad48e95556fbf2b.jpg
clothing,boys,sweatshirts,x,x,clothing-boys-sweatshirts,20230708-360-baur,de/clothing-boys-sweatshirts.html,https://baur.de/p/nike-sportswear-kapuzensweatshirt-b-nsw-repeat-sw-flc-po-hood-bb/AKLBB1648616492?nav-c=3151&sku=7857553382#nav-i=21&ref=mba&nav-p=P1&relevantProduct=false,https://bilder.baur.de/i/empiriecom/c6b44e507f4822d33297e086eaabc391.jpg
clothing,boys,sweatshirts,x,x,clothing-boys-sweatshirts,20230708-355-baur,de/clothing-boys-sweatshirts.html,https://baur.de/p/jack-jones-junior-kapuzensweatshirt-jjneon-pop-sweat-ho/AKLBB1636328514?nav-c=3151&sku=3220183747#nav-i=58&ref=mba&nav-p=P1&relevantProduct=false,https://bilder.baur.de/i/empiriecom/26f9c9098984262c727b2e41efbfb35d.jpg
clothing,boys,sweatshirts,x,x,clothing-boys-sweatshirts,20230708-338-baur,de/clothing-boys-sweatshirts.html,https://baur.de/p/killtec-fleecejacke-kow-200-bys-kntflc-jckt/AKLBB1676103421?nav-c=3151&sku=2800575299#nav-i=15&ref=mba&nav-p=P1&relevantProduct=false,https://bilder.baur.de/i/empiriecom/017c6c58ed55999843274825bb71ae66.jpg
clothing,boys,sweatshirts,x,x,clothing-boys-sweatshirts,20230708-334-baur,de/clothing-boys-sweatshirts.html,https://baur.de/p/jack-jones-junior-kapuzensweatjacke/AKLBB1143746707?nav-c=3151&sku=7463894692#nav-i=4&ref=mba&nav-p=P1&relevantProduct=false,https://bilder.baur.de/i/empiriecom/db2c4b5f5c59b0b163a5ff26609823d0.jpg
clothing,boys,sweatshirts,x,x,clothing-boys-sweatshirts,20230708-288-baur,de/clothing-boys-sweatshirts.html,https://baur.de/p/jack-jones-junior-kapuzensweatshirt-jjandy-sweat-hood-jnr/AKLBB1636328140?nav-c=3151&sku=3089483630#nav-i=25&ref=mba&nav-p=P1&relevantProduct=false,https://bilder.baur.de/i/empiriecom/8037b375c1c1559bc0b9505f41e9f74e.jpg
clothing,boys,sweatshirts,x,x,clothing-boys-sweatshirts,20230708-281-baur,de/clothing-boys-sweatshirts.html,https://baur.de/p/puma-kapuzensweatshirt-ess-logo-hoodie-tr-g/AKLBB1543827426?nav-c=3151&sku=3475586561#nav-i=27&ref=mba&nav-p=P1&relevantProduct=false,https://bilder.baur.de/i/empiriecom/06738264b38a3bc2e5c855c7a2b3f425.jpg
clothing,boys,sweatshirts,x,x,clothing-boys-sweatshirts,20230708-271-baur,de/clothing-boys-sweatshirts.html,https://baur.de/p/s-oliver-junior-kapuzensweatjacke-mit-eingrifftaschen/AKLBB1686697743?nav-c=3151&sku=9274672371#nav-i=51&ref=mba&nav-p=P1&relevantProduct=false,https://bilder.baur.de/i/empiriecom/05aaa8fa1534963afea1ac31d17954da.jpg
clothing,boys,sweatshirts,x,x,clothing-boys-sweatshirts,20230708-260-baur,de/clothing-boys-sweatshirts.html,https://baur.de/p/bench-kapuzensweatshirt/AKLBB1095192250?nav-c=3151&sku=8428182696#nav-i=7&ref=mba&nav-p=P1&relevantProduct=false,https://bilder.baur.de/i/empiriecom/d7d52857b37c225148dfd4d02c8b2b6f.jpg
clothing,boys,sweatshirts,x,x,clothing-boys-sweatshirts,20230708-257-baur,de/clothing-boys-sweatshirts.html,https://baur.de/p/tom-tailor-sweatshirt-dino-stachel-an-der-kapuze/AKLBB1683672793?nav-c=3151&sku=6938366526#nav-i=70&ref=mba&nav-p=P1&relevantProduct=false,https://bilder.baur.de/i/empiriecom/8b250c7715d3740cd84b63128d4f5842.jpg
clothing,boys,sweatshirts,x,x,clothing-boys-sweatshirts,20230708-254-baur,de/clothing-boys-sweatshirts.html,https://baur.de/p/jack-jones-junior-kapuzensweatshirt-jjelogo-sweat-hood-2-col-22-23-noos-jnr/AKLBB1672787583?nav-c=3151&sku=4508784743#nav-i=42&ref=mba&nav-p=P1&relevantProduct=false,https://bilder.baur.de/i/empiriecom/77ba017cdd982f0a70113009f5f06c05.jpg
clothing,boys,sweatshirts,x,x,clothing-boys-sweatshirts,20230708-247-baur,de/clothing-boys-sweatshirts.html,https://baur.de/p/tommy-hilfiger-kapuzensweatshirt/AKLBB1367467227?nav-c=3151&sku=7520771632#nav-i=35&ref=mba&nav-p=P1&relevantProduct=false,https://bilder.baur.de/i/empiriecom/124127b46d49f80fc4295bf5210b1302.jpg
clothing,boys,sweatshirts,x,x,clothing-boys-sweatshirts,20230708-231-baur,de/clothing-boys-sweatshirts.html,https://baur.de/p/gulliver-sweatjacke-im-laessigen-oversize-look/AKLBB1719585248?nav-c=3151&sku=2738153893#nav-i=17&ref=mba&nav-p=P1&relevantProduct=false,https://bilder.baur.de/i/empiriecom/2ecea837362fc4186a62ba4cd9f5849b.jpg
clothing,boys,sweatshirts,x,x,clothing-boys-sweatshirts,20230708-223-baur,de/clothing-boys-sweatshirts.html,https://baur.de/p/nike-sportswear-sweatshirt-club-futura-crew/AKLBB1399671220?nav-c=3151&sku=7159260676#nav-i=22&ref=mba&nav-p=P1&relevantProduct=false,https://bilder.baur.de/i/empiriecom/12ddc54096010951ab3f173e8dfd0bc6.jpg
clothing,boys,sweatshirts,x,x,clothing-boys-sweatshirts,20230708-210-baur,de/clothing-boys-sweatshirts.html,https://baur.de/p/tom-tailor-sweatjacke-mit-kapuze/AKLBB1666731101?nav-c=3151&sku=4792543997#nav-i=5&ref=mba&nav-p=P1&relevantProduct=false,https://bilder.baur.de/i/empiriecom/2a4502ee301df5a43afb83b84b053064.jpg
clothing,boys,sweatshirts,x,x,clothing-boys-sweatshirts,20230708-196-baur,de/clothing-boys-sweatshirts.html,https://baur.de/p/tommy-hilfiger-sweatshirt-u-essential-sweatshirt-mit-rundhalsausschnitt/AKLBB1666985808?nav-c=3151&sku=7123612669#nav-i=61&ref=mba&nav-p=P1&relevantProduct=false,https://bilder.baur.de/i/empiriecom/253c1c02a77f55eb3fc704cef33fc86f.jpg
clothing,boys,sweatshirts,x,x,clothing-boys-sweatshirts,20230708-183-baur,de/clothing-boys-sweatshirts.html,https://baur.de/p/jack-jones-junior-kapuzensweatshirt-jjmiles-sweat-zip-hood-jnr/AKLBB1689906092?nav-c=3151&sku=6476526690#nav-i=47&ref=mba&nav-p=P1&relevantProduct=false,https://bilder.baur.de/i/empiriecom/6643ee97b539d5101508f7dd41251651.jpg
clothing,boys,sweatshirts,x,x,clothing-boys-sweatshirts,20230708-177-baur,de/clothing-boys-sweatshirts.html,https://baur.de/p/tom-tailor-sweatshirt/AKLBB1666682650?nav-c=3151&sku=9622555758#nav-i=52&ref=mba&nav-p=P1&relevantProduct=false,https://bilder.baur.de/i/empiriecom/77f7c7986e99dcb697091aa3a2877c3e.jpg
clothing,boys,sweatshirts,x,x,clothing-boys-sweatshirts,20230708-174-baur,de/clothing-boys-sweatshirts.html,https://baur.de/p/gulliver-sweatjacke-mit-coolem-bomberkragen/AKLBB1726821311?nav-c=3151&sku=1702872993#nav-i=50&ref=mba&nav-p=P1&relevantProduct=false,https://bilder.baur.de/i/empiriecom/f4ff752cf319dc9d5ab4da5e892a8d5e.jpg
clothing,boys,sweatshirts,x,x,clothing-boys-sweatshirts,20230708-170-baur,de/clothing-boys-sweatshirts.html,https://baur.de/p/adidas-sportswear-sweatshirt-colorblock-3streifen-hoodie/AKLBB1632795376?nav-c=3151&sku=8424950838#nav-i=49&ref=mba&nav-p=P1&relevantProduct=false,https://bilder.baur.de/i/empiriecom/8934db27a0e074b618d123962d75155c.jpg
clothing,boys,sweatshirts,x,x,clothing-boys-sweatshirts,20230708-143-baur,de/clothing-boys-sweatshirts.html,https://baur.de/p/tommy-hilfiger-sweatshirt-fun-logo-sweatshirt-mit-print-auf-den-aermeln/AKLBB1666988595?nav-c=3151&sku=8655384550#nav-i=28&ref=mba&nav-p=P1&relevantProduct=false,https://bilder.baur.de/i/empiriecom/88d6837b41a3f222b82eb34318abd06e.jpg
clothing,boys,sweatshirts,x,x,clothing-boys-sweatshirts,20230708-125-baur,de/clothing-boys-sweatshirts.html,https://baur.de/p/champion-kapuzensweatjacke-hooded-full-zip-sweatshirt/AKLBB1636910275?nav-c=3151&sku=4369264411#nav-i=2&ref=mba&nav-p=P1&relevantProduct=false,https://bilder.baur.de/i/empiriecom/364d3858c14d37abfc380992721688ff.jpg
clothing,boys,sweatshirts,x,x,clothing-boys-sweatshirts,20230708-115-baur,de/clothing-boys-sweatshirts.html,https://baur.de/p/converse-kapuzensweatshirt-fuer-kinder/AKLBB1663095382?nav-c=3151&sku=1775875245#nav-i=12&ref=mba&nav-p=P1&relevantProduct=false,https://bilder.baur.de/i/empiriecom/e84e67990b3296d6bb528968ec0a48de.jpg
