clothing,women,blouses,jackets,x,clothing-women-blouses-jackets,20230709-987-baur,de/clothing-women-blouses-jackets.html,https://baur.de/p/inspirationen-blusenblazer-blusenjacke/AKLBB1682115120?nav-c=173&rl=1&sku=6567225294#nav-i=26&ref=mba&nav-p=P1&relevantProduct=false,https://bilder.baur.de/i/empiriecom/7edd5280d2e83fbd15409e89bdf33983.jpg
clothing,women,blouses,jackets,x,clothing-women-blouses-jackets,20230709-970-baur,de/clothing-women-blouses-jackets.html,https://baur.de/p/creation-l-premium-blusenblazer-lyocell-blusenblazer/AKLBB1572061588?nav-c=173&rl=1&sku=5945856224#nav-i=42&ref=mba&nav-p=P1&relevantProduct=false,https://bilder.baur.de/i/empiriecom/546c83ae7b78f52de3d2d8ed8cd626d0.jpg
clothing,women,blouses,jackets,x,clothing-women-blouses-jackets,20230709-961-baur,de/clothing-women-blouses-jackets.html,https://baur.de/p/feel-good-blusenkimono/AKLBB1438045149?nav-c=173&rl=1&sku=9293432065#nav-i=15&ref=mba&nav-p=P1&relevantProduct=false,https://bilder.baur.de/i/empiriecom/5228c84d69eb90c4caa1209c6e94fc6e.jpg
clothing,women,blouses,jackets,x,clothing-women-blouses-jackets,20230709-949-baur,de/clothing-women-blouses-jackets.html,https://baur.de/p/sunflair-tunika/AKLBB1558709323?nav-c=173&rl=1&sku=9541176459#nav-i=3&ref=mba&nav-p=P1&relevantProduct=false,https://bilder.baur.de/i/empiriecom/79f32be5b81068efb147f10785bcf3a4.jpg
clothing,women,blouses,jackets,x,clothing-women-blouses-jackets,20230709-943-baur,de/clothing-women-blouses-jackets.html,https://baur.de/p/pieces-blusenblazer-pcbosella-3-4-printed-blazer-noos-mit-3-4-aermel/AKLBB1667283689?nav-c=173&rl=1&sku=1094963557#nav-i=17&ref=mba&nav-p=P1&relevantProduct=false,https://bilder.baur.de/i/empiriecom/16c174d07190117f70d5292ccf17e306.jpg
clothing,women,blouses,jackets,x,clothing-women-blouses-jackets,20230709-921-baur,de/clothing-women-blouses-jackets.html,https://baur.de/p/classic-blusenblazer-blusenjacke/AKLBB1691869596?nav-c=173&rl=1&sku=3016756595#nav-i=12&ref=mba&nav-p=P1&relevantProduct=false,https://bilder.baur.de/i/empiriecom/db122492a6decb8e7c2b245905adae21.jpg
clothing,women,blouses,jackets,x,clothing-women-blouses-jackets,20230709-921-baur,de/clothing-women-blouses-jackets.html,https://baur.de/p/comma-blusenblazer/AKLBB1683021725?nav-c=173&rl=1&sku=4568885078#nav-i=40&ref=mba&nav-p=P1&relevantProduct=false,https://bilder.baur.de/i/empiriecom/8fe217164c52b32459667aa2077f8e8e.jpg
clothing,women,blouses,jackets,x,clothing-women-blouses-jackets,20230709-920-baur,de/clothing-women-blouses-jackets.html,https://baur.de/p/lascana-blusenjacke-mit-tunnelzug/AKLBB1508098107?nav-c=173&rl=1&sku=9145781110#nav-i=22&ref=mba&nav-p=P1&relevantProduct=false,https://bilder.baur.de/i/empiriecom/fb3f2ed251782fe519c39f6e3c5b2129.jpg
clothing,women,blouses,jackets,x,clothing-women-blouses-jackets,20230709-889-baur,de/clothing-women-blouses-jackets.html,https://baur.de/p/sheego-blusenblazer-grosse-groessen-in-leicht-taillierter-form/AKLBB1717684006?nav-c=173&rl=1&sku=4774241093#nav-i=9&ref=mba&nav-p=P1&relevantProduct=false,https://bilder.baur.de/i/empiriecom/b8f6b1bdb437e5a7cd90c83746a679f9.jpg
clothing,women,blouses,jackets,x,clothing-women-blouses-jackets,20230709-867-baur,de/clothing-women-blouses-jackets.html,https://baur.de/p/heine-blusenjacke/AKLBB1589584865?nav-c=173&rl=1&sku=3146795475#nav-i=51&ref=mba&nav-p=P1&relevantProduct=false,https://bilder.baur.de/i/empiriecom/a45bbefb3d7be7f3cef3818ca8d81df8.jpg
clothing,women,blouses,jackets,x,clothing-women-blouses-jackets,20230709-765-baur,de/clothing-women-blouses-jackets.html,https://baur.de/p/classic-basics-blusenblazer-blusenblazer/AKLBB1691930553?nav-c=173&rl=1&sku=5677793617#nav-i=25&ref=mba&nav-p=P1&relevantProduct=false,https://bilder.baur.de/i/empiriecom/2b6e8967033ec80364454c5c74e6d334.jpg
clothing,women,blouses,jackets,x,clothing-women-blouses-jackets,20230709-743-baur,de/clothing-women-blouses-jackets.html,https://baur.de/p/heine-blusenjacke/AKLBB1687194022?nav-c=173&rl=1&sku=7825756762#nav-i=16&ref=mba&nav-p=P1&relevantProduct=false,https://bilder.baur.de/i/empiriecom/558b2560471b6f8d9d0e24d9ef70cfb7.jpg
clothing,women,blouses,jackets,x,clothing-women-blouses-jackets,20230709-720-baur,de/clothing-women-blouses-jackets.html,https://baur.de/p/zhrill-blusenblazer-zhrill-blazer/AKLBB1690170506?nav-c=173&rl=1&sku=4124246780#nav-i=21&ref=mba&nav-p=P1&relevantProduct=false,https://bilder.baur.de/i/empiriecom/524946bb8db845a1761964d5e146d5f1.jpg
clothing,women,blouses,jackets,x,clothing-women-blouses-jackets,20230709-672-baur,de/clothing-women-blouses-jackets.html,https://baur.de/p/blusenjacke/AKLBB1664891818?nav-c=173&rl=1&sku=1172734810#nav-i=56&ref=mba&nav-p=P1&relevantProduct=false,https://bilder.baur.de/i/empiriecom/3ec7736a75fa375bd8fb6487368844cc.jpg
clothing,women,blouses,jackets,x,clothing-women-blouses-jackets,20230709-653-baur,de/clothing-women-blouses-jackets.html,https://baur.de/p/hermann-lange-collection-blusenblazer-hermann-lange-select/AKLBB1669568941?nav-c=173&rl=1&sku=9738800513#nav-i=35&ref=mba&nav-p=P1&relevantProduct=false,https://bilder.baur.de/i/empiriecom/bb43df6de915dbf8e33a5aba74065cf0.jpg
clothing,women,blouses,jackets,x,clothing-women-blouses-jackets,20230709-608-baur,de/clothing-women-blouses-jackets.html,https://baur.de/p/casual-looks-blusenblazer-blusenblazer/AKLBB1691907073?nav-c=173&rl=1&sku=4658340228#nav-i=20&ref=mba&nav-p=P1&relevantProduct=false,https://bilder.baur.de/i/empiriecom/3a58e601cf5fd75bb4c27d09645d85d4.jpg
clothing,women,blouses,jackets,x,clothing-women-blouses-jackets,20230709-603-baur,de/clothing-women-blouses-jackets.html,https://baur.de/p/select-by-hermann-lange-blusenblazer-hermann-lange-select/AKLBB1669566535?nav-c=173&rl=1&sku=5562400842#nav-i=4&ref=mba&nav-p=P1&relevantProduct=false,https://bilder.baur.de/i/empiriecom/1cbf85257ca5eec392a1361a10e83da5.jpg
clothing,women,blouses,jackets,x,clothing-women-blouses-jackets,20230709-597-baur,de/clothing-women-blouses-jackets.html,https://baur.de/p/zhrill-blusenblazer-zhrill-blazer/AKLBB1671527134?nav-c=173&rl=1&sku=9845825071#nav-i=53&ref=mba&nav-p=P1&relevantProduct=false,https://bilder.baur.de/i/empiriecom/b61dd97e4ce1560fe607ca6fb0885859.jpg
clothing,women,blouses,jackets,x,clothing-women-blouses-jackets,20230709-576-baur,de/clothing-women-blouses-jackets.html,https://baur.de/p/heine-blusenjacke/AKLBB1687188801?nav-c=173&rl=1&sku=3352140373#nav-i=28&ref=mba&nav-p=P1&relevantProduct=false,https://bilder.baur.de/i/empiriecom/f73fdd931a2720668db35c08c857648d.jpg
clothing,women,blouses,jackets,x,clothing-women-blouses-jackets,20230709-571-baur,de/clothing-women-blouses-jackets.html,https://baur.de/p/hermann-lange-collection-blusenblazer-hermann-lange-select/AKLBB1669569025?nav-c=173&rl=1&sku=6684036298#nav-i=45&ref=mba&nav-p=P1&relevantProduct=false,https://bilder.baur.de/i/empiriecom/68b4bd261db6045b9db3bcb447df3e2d.jpg
clothing,women,blouses,jackets,x,clothing-women-blouses-jackets,20230709-567-baur,de/clothing-women-blouses-jackets.html,https://baur.de/p/classic-basics-blusenblazer-blusenblazer/AKLBB1691889522?nav-c=173&rl=1&sku=3721586289#nav-i=30&ref=mba&nav-p=P1&relevantProduct=false,https://bilder.baur.de/i/empiriecom/2c5e46743ca6bd1362a629f678b5af03.jpg
clothing,women,blouses,jackets,x,clothing-women-blouses-jackets,20230709-564-baur,de/clothing-women-blouses-jackets.html,https://baur.de/p/zhrill-blusenblazer-zhrill-blazer/AKLBB1690170595?nav-c=173&rl=1&sku=7910763055#nav-i=18&ref=mba&nav-p=P1&relevantProduct=false,https://bilder.baur.de/i/empiriecom/bd3e1839f1e5d63d758759621e6c61a3.jpg
clothing,women,blouses,jackets,x,clothing-women-blouses-jackets,20230709-556-baur,de/clothing-women-blouses-jackets.html,https://baur.de/p/classic-basics-blusenblazer-blusenblazer/AKLBB1691899357?nav-c=173&rl=1&sku=7077174131#nav-i=36&ref=mba&nav-p=P1&relevantProduct=false,https://bilder.baur.de/i/empiriecom/1d98e1424ef720cc3f6909d5620c3ec5.jpg
clothing,women,blouses,jackets,x,clothing-women-blouses-jackets,20230709-551-baur,de/clothing-women-blouses-jackets.html,https://baur.de/p/hermann-lange-collection-blusenblazer-hermann-lange-select/AKLBB1669568983?nav-c=173&rl=1&sku=6499386537#nav-i=34&ref=mba&nav-p=P1&relevantProduct=false,https://bilder.baur.de/i/empiriecom/8ef3c948a8617e68812fac2c1c8d87b6.jpg
clothing,women,blouses,jackets,x,clothing-women-blouses-jackets,20230709-491-baur,de/clothing-women-blouses-jackets.html,https://baur.de/p/heine-blusenblazer-blazer/AKLBB1589580338?nav-c=173&rl=1&sku=4962874893#nav-i=32&ref=mba&nav-p=P1&relevantProduct=false,https://bilder.baur.de/i/empiriecom/2dd8593523c8a46b1da99e8bef5b1008.jpg
clothing,women,blouses,jackets,x,clothing-women-blouses-jackets,20230709-471-baur,de/clothing-women-blouses-jackets.html,https://baur.de/p/casual-looks-blusenjacke/AKLBB1764170306?nav-c=173&rl=1&sku=3374054385#nav-i=33&ref=mba&nav-p=P1&relevantProduct=false,https://bilder.baur.de/i/empiriecom/f8d92a2c96fa8fc2e46b7a1b9cfc9ca3.jpg
clothing,women,blouses,jackets,x,clothing-women-blouses-jackets,20230709-459-baur,de/clothing-women-blouses-jackets.html,https://baur.de/p/sheego-blusenblazer-grosse-groessen-in-shaket-form-mit-eingrifftaschen/AKLBB1641071836?nav-c=173&rl=1&sku=9567581999#nav-i=19&ref=mba&nav-p=P1&relevantProduct=false,https://bilder.baur.de/i/empiriecom/a1eb647e736994afa987aa2842a1d113.jpg
clothing,women,blouses,jackets,x,clothing-women-blouses-jackets,20230709-455-baur,de/clothing-women-blouses-jackets.html,https://baur.de/p/pastunette-blusenkimono/AKLBB1671332367?nav-c=173&rl=1&sku=2794854517#nav-i=11&ref=mba&nav-p=P1&relevantProduct=false,https://bilder.baur.de/i/empiriecom/ac8293baf30eadb2ed327070699d97e5.jpg
clothing,women,blouses,jackets,x,clothing-women-blouses-jackets,20230709-451-baur,de/clothing-women-blouses-jackets.html,https://baur.de/p/hermann-lange-collection-blusenblazer-mit-volant-vorne/AKLBB1600414701?nav-c=173&rl=1&sku=2610905492#nav-i=43&ref=mba&nav-p=P1&relevantProduct=false,https://bilder.baur.de/i/empiriecom/24c9ee5f92d54fd3cb7c2dab48b9e0e1.jpg
clothing,women,blouses,jackets,x,clothing-women-blouses-jackets,20230709-410-baur,de/clothing-women-blouses-jackets.html,https://baur.de/p/select-by-hermann-lange-blusenblazer-hermann-lange-select-im-lagen-look-verschlusslos-ausser-am-ausschnitt/AKLBB1489769824?nav-c=173&rl=1&sku=9043741583#nav-i=5&ref=mba&nav-p=P1&relevantProduct=false,https://bilder.baur.de/i/empiriecom/40fd046c1a86f9e83518eeb81aa12e80.jpg
clothing,women,blouses,jackets,x,clothing-women-blouses-jackets,20230709-405-baur,de/clothing-women-blouses-jackets.html,https://baur.de/p/classic-blusenjacke/AKLBB1691838507?nav-c=173&rl=1&sku=2239705563#nav-i=47&ref=mba&nav-p=P1&relevantProduct=false,https://bilder.baur.de/i/empiriecom/07d02d9a10cf333ccb677759c8bb63db.jpg
clothing,women,blouses,jackets,x,clothing-women-blouses-jackets,20230709-397-baur,de/clothing-women-blouses-jackets.html,https://baur.de/p/zhrill-blusenblazer-zhrill-blazer/AKLBB1671527057?nav-c=173&rl=1&sku=7927601947#nav-i=13&ref=mba&nav-p=P1&relevantProduct=false,https://bilder.baur.de/i/empiriecom/96fc1455d7faa15cf75e785edd71816c.jpg
clothing,women,blouses,jackets,x,clothing-women-blouses-jackets,20230709-372-baur,de/clothing-women-blouses-jackets.html,https://baur.de/p/alife-kickin-blusenjacke-alife-and-kickin-black-mambaak-jacket-damen/AKLBB1643074191?nav-c=173&rl=1&sku=4656672299#nav-i=54&ref=mba&nav-p=P1&relevantProduct=false,https://bilder.baur.de/i/empiriecom/e8986c7c08ab750b2e8ef88e0ea750d1.jpg
clothing,women,blouses,jackets,x,clothing-women-blouses-jackets,20230709-370-baur,de/clothing-women-blouses-jackets.html,https://baur.de/p/imperial-blusenblazer-boyfriend-blazer/AKLBB1745439438?nav-c=173&rl=1&sku=2068220629#nav-i=27&ref=mba&nav-p=P1&relevantProduct=false,https://bilder.baur.de/i/empiriecom/e6c307f7bd7af6681b568d3ea0f95ff8.jpg
clothing,women,blouses,jackets,x,clothing-women-blouses-jackets,20230709-364-baur,de/clothing-women-blouses-jackets.html,https://baur.de/p/heine-blusenjacke/AKLBB1589587957?nav-c=173&rl=1&sku=2325351498#nav-i=10&ref=mba&nav-p=P1&relevantProduct=false,https://bilder.baur.de/i/empiriecom/865d413e1ed0f17584b5271e787855a5.jpg
clothing,women,blouses,jackets,x,clothing-women-blouses-jackets,20230709-356-baur,de/clothing-women-blouses-jackets.html,https://baur.de/p/betty-co-blusenjacke-im-karo-look/AKLBB1614838388?nav-c=173&rl=1&sku=4187662767#nav-i=52&ref=mba&nav-p=P1&relevantProduct=false,https://bilder.baur.de/i/empiriecom/4e4a6e225c5ae37254c26a46e58503eb.jpg
clothing,women,blouses,jackets,x,clothing-women-blouses-jackets,20230709-325-baur,de/clothing-women-blouses-jackets.html,https://baur.de/p/heine-blusenjacke/AKLBB1634331434?nav-c=173&rl=1&sku=4521905142#nav-i=29&ref=mba&nav-p=P1&relevantProduct=false,https://bilder.baur.de/i/empiriecom/f811ce1a9e80a14ca14967331f7385b2.jpg
clothing,women,blouses,jackets,x,clothing-women-blouses-jackets,20230709-299-baur,de/clothing-women-blouses-jackets.html,https://baur.de/p/heine-blusenjacke/AKLBB1687196394?nav-c=173&rl=1&sku=6894722382#nav-i=38&ref=mba&nav-p=P1&relevantProduct=false,https://bilder.baur.de/i/empiriecom/d4f16e411fd518ec84a0bc272982cc38.jpg
clothing,women,blouses,jackets,x,clothing-women-blouses-jackets,20230709-298-baur,de/clothing-women-blouses-jackets.html,https://baur.de/p/october-tunika-mit-kleinen-zierquasten/AKLBB1749750366?nav-c=173&rl=1&sku=9458864193#nav-i=37&ref=mba&nav-p=P1&relevantProduct=false,https://bilder.baur.de/i/empiriecom/ddcaceac9879da004b2a01c137db87d3.jpg
clothing,women,blouses,jackets,x,clothing-women-blouses-jackets,20230709-268-baur,de/clothing-women-blouses-jackets.html,https://baur.de/p/casual-looks-blusenjacke-in-leinen-optik/AKLBB515074262?nav-c=173&rl=1&sku=57020693#nav-i=8&ref=mba&nav-p=P1&relevantProduct=false,https://bilder.baur.de/i/empiriecom/8edc6d4ad01407b5cbfd7fa42c3f2eff.jpg
clothing,women,blouses,jackets,x,clothing-women-blouses-jackets,20230709-263-baur,de/clothing-women-blouses-jackets.html,https://baur.de/p/casual-looks-blusenjacke/AKLBB1741007504?nav-c=173&rl=1&sku=4474203828#nav-i=24&ref=mba&nav-p=P1&relevantProduct=false,https://bilder.baur.de/i/empiriecom/c14ff7bbbbbddc3d982e97216108b640.jpg
clothing,women,blouses,jackets,x,clothing-women-blouses-jackets,20230709-256-baur,de/clothing-women-blouses-jackets.html,https://baur.de/p/casual-looks-blusenjacke/AKLBB1691878508?nav-c=173&rl=1&sku=2431325294#nav-i=44&ref=mba&nav-p=P1&relevantProduct=false,https://bilder.baur.de/i/empiriecom/a17dedc38a5bbf0be00663a72251581a.jpg
clothing,women,blouses,jackets,x,clothing-women-blouses-jackets,20230709-232-baur,de/clothing-women-blouses-jackets.html,https://baur.de/p/tom-tailor-polo-team-blusenjacke-im-shacket-look-mit-aufgesetzten-taschen/AKLBB1513445989?nav-c=173&rl=1&sku=9352785071#nav-i=49&ref=mba&nav-p=P1&relevantProduct=false,https://bilder.baur.de/i/empiriecom/a012e2829ebde117f255b030d8e0eaa7.jpg
clothing,women,blouses,jackets,x,clothing-women-blouses-jackets,20230709-226-baur,de/clothing-women-blouses-jackets.html,https://baur.de/p/rick-cardona-by-heine-blusenblazer-blazer/AKLBB1538563763?nav-c=173&rl=1&sku=9358536965#nav-i=23&ref=mba&nav-p=P1&relevantProduct=false,https://bilder.baur.de/i/empiriecom/8d172435f06a950d3b80bcffbf4945dc.jpg
clothing,women,blouses,jackets,x,clothing-women-blouses-jackets,20230709-223-baur,de/clothing-women-blouses-jackets.html,https://baur.de/p/heine-blusenjacke/AKLBB1687166103?nav-c=173&rl=1&sku=2551214883#nav-i=31&ref=mba&nav-p=P1&relevantProduct=false,https://bilder.baur.de/i/empiriecom/b85e4a615771d87385134c9a70d1f55d.jpg
clothing,women,blouses,jackets,x,clothing-women-blouses-jackets,20230709-196-baur,de/clothing-women-blouses-jackets.html,https://baur.de/p/pieces-blusenblazer-pcbosella-3-4-blazer-noos-mit-faltendetail-am-aermel/AKLBB1667281576?nav-c=173&rl=1&sku=9299463938#nav-i=2&ref=mba&nav-p=P1&relevantProduct=false,https://bilder.baur.de/i/empiriecom/cb8b6c4e9de58c333ca2fa8e60ae4f8d.jpg
clothing,women,blouses,jackets,x,clothing-women-blouses-jackets,20230709-183-baur,de/clothing-women-blouses-jackets.html,https://baur.de/p/fynch-hatton-blusenkimono-fynch-hatton-longbluse-1-tlg/AKLBB1669856969?nav-c=173&rl=1&sku=9740452688#nav-i=41&ref=mba&nav-p=P1&relevantProduct=false,https://bilder.baur.de/i/empiriecom/99016eaf3dbb8de3c80cc3f6e7b536b4.jpg
clothing,women,blouses,jackets,x,clothing-women-blouses-jackets,20230709-173-baur,de/clothing-women-blouses-jackets.html,https://baur.de/p/bugatti-blusenkimono-mit-verdeckter-knopfleiste/AKLBB1667181807?nav-c=173&rl=1&sku=9761554193#nav-i=55&ref=mba&nav-p=P1&relevantProduct=false,https://bilder.baur.de/i/empiriecom/a0c76fb9f9ae72a889b831afd272c65c.jpg
clothing,women,blouses,jackets,x,clothing-women-blouses-jackets,20230709-164-baur,de/clothing-women-blouses-jackets.html,https://baur.de/p/zhrill-blusenblazer-zhrill-blazer/AKLBB1671526980?nav-c=173&rl=1&sku=3504330093#nav-i=46&ref=mba&nav-p=P1&relevantProduct=false,https://bilder.baur.de/i/empiriecom/14c80a74e573967022d59e79681587e6.jpg
clothing,women,blouses,jackets,x,clothing-women-blouses-jackets,20230709-147-baur,de/clothing-women-blouses-jackets.html,https://baur.de/p/classic-basics-blusenkimono/AKLBB1692833401?nav-c=173&rl=1&sku=3528684586#nav-i=48&ref=mba&nav-p=P1&relevantProduct=false,https://bilder.baur.de/i/empiriecom/1e429ceabe0d534eb425a1f72ebb4207.jpg
clothing,women,blouses,jackets,x,clothing-women-blouses-jackets,20230709-128-baur,de/clothing-women-blouses-jackets.html,https://baur.de/p/heine-blusenblazer-blusenblazer/AKLBB1687201205?nav-c=173&rl=1&sku=6789193752#nav-i=39&ref=mba&nav-p=P1&relevantProduct=false,https://bilder.baur.de/i/empiriecom/a2abbb8a532075f4354fdc51a7aa471b.jpg
