clothing,women,dresses,summer,x,clothing-women-dresses-summer,20230711-978-baur,de/clothing-women-dresses-summer.html,https://baur.de/p/buffalo-jerseykleid/AKLBB979198087?nav-c=286&rl=1&sku=8347021557#nav-i=6&ref=mba&nav-p=P1&relevantProduct=false,https://bilder.baur.de/i/empiriecom/1b3867a5f8f7e4f5375caac2b115cd13.jpg
clothing,women,dresses,summer,x,clothing-women-dresses-summer,20230711-969-baur,de/clothing-women-dresses-summer.html,https://baur.de/p/vivance-jerseykleid-mit-bindeguertel-mit-punktedruck/AKLBB1224185715?nav-c=286&rl=1&sku=3985692961#nav-i=23&ref=mba&nav-p=P1&relevantProduct=false,https://bilder.baur.de/i/empiriecom/860675197a1512181f0f352a14154017.jpg
clothing,women,dresses,summer,x,clothing-women-dresses-summer,20230711-968-baur,de/clothing-women-dresses-summer.html,https://baur.de/p/vivance-midikleid-mit-bluemchenprint/AKLBB1409747697?nav-c=286&rl=1&sku=6576882455#nav-i=55&ref=mba&nav-p=P1&relevantProduct=false,https://bilder.baur.de/i/empiriecom/2c59eda9fd91cdbf7d7eb7fd718e3f95.jpg
clothing,women,dresses,summer,x,clothing-women-dresses-summer,20230711-950-baur,de/clothing-women-dresses-summer.html,https://baur.de/p/lascana-maxikleid/AKLBB448511418?nav-c=286&rl=1&sku=81122371#nav-i=25&ref=mba&nav-p=P1&relevantProduct=false,https://bilder.baur.de/i/empiriecom/65ac7fc5d551cf749e7c9291a59d50e8.jpg
clothing,women,dresses,summer,x,clothing-women-dresses-summer,20230711-941-baur,de/clothing-women-dresses-summer.html,https://baur.de/p/lascana-maxikleid/AKLBB448511420?nav-c=286&rl=1&sku=79077188#nav-i=27&ref=mba&nav-p=P1&relevantProduct=false,https://bilder.baur.de/i/empiriecom/fd17ae98cbfab0e83e7b962495d70788.jpg
clothing,women,dresses,summer,x,clothing-women-dresses-summer,20230711-906-baur,de/clothing-women-dresses-summer.html,https://baur.de/p/vivance-jerseykleid-mit-alloverdruck/AKLBB1222211374?nav-c=286&rl=1&sku=1511502413#nav-i=34&ref=mba&nav-p=P1&relevantProduct=false,https://bilder.baur.de/i/empiriecom/4abfb40a54e38e1ab25202218a9f8d3e.jpg
clothing,women,dresses,summer,x,clothing-women-dresses-summer,20230711-871-baur,de/clothing-women-dresses-summer.html,https://baur.de/p/lascana-maxikleid/AKLBB565405917?nav-c=286&rl=1&sku=49622684#nav-i=56&ref=mba&nav-p=P1&relevantProduct=false,https://bilder.baur.de/i/empiriecom/52f454e0bd636ff3d9f6d904de4a9dea.jpg
clothing,women,dresses,summer,x,clothing-women-dresses-summer,20230711-868-baur,de/clothing-women-dresses-summer.html,https://baur.de/p/lascana-maxikleid-mit-grafischem-druck/AKLBB1713280043?nav-c=286&rl=1&sku=7014900534#nav-i=22&ref=mba&nav-p=P1&relevantProduct=false,https://bilder.baur.de/i/empiriecom/4f8fd7b4704115f5ccc4ed2fb3511630.jpg
clothing,women,dresses,summer,x,clothing-women-dresses-summer,20230711-836-baur,de/clothing-women-dresses-summer.html,https://baur.de/p/s-oliver-beachwear-strandkleid/AKLBB615735604?nav-c=286&rl=1&sku=86075972#nav-i=69&ref=mba&nav-p=P1&relevantProduct=false,https://bilder.baur.de/i/empiriecom/e6ad207273f0371db1c990a022b722a3.jpg
clothing,women,dresses,summer,x,clothing-women-dresses-summer,20230711-830-baur,de/clothing-women-dresses-summer.html,https://baur.de/p/lascana-maxikleid/AKLBB759788969?nav-c=286&rl=1&sku=26195891#nav-i=59&ref=mba&nav-p=P1&relevantProduct=false,https://bilder.baur.de/i/empiriecom/0f7fa9f4fb2a51786c9766bb98de8e1c.jpg
clothing,women,dresses,summer,x,clothing-women-dresses-summer,20230711-821-baur,de/clothing-women-dresses-summer.html,https://baur.de/p/s-oliver-maxikleid-mit-alloverdruck/AKLBB1501537093?nav-c=286&rl=1&sku=8127105968#nav-i=45&ref=mba&nav-p=P1&relevantProduct=false,https://bilder.baur.de/i/empiriecom/a41e5fb5a19320057428f62323c997d2.jpg
clothing,women,dresses,summer,x,clothing-women-dresses-summer,20230711-813-baur,de/clothing-women-dresses-summer.html,https://baur.de/p/s-oliver-beachwear-sommerkleid/AKLBB687106288?nav-c=286&rl=1&sku=7399800938#nav-i=62&ref=mba&nav-p=P1&relevantProduct=false,https://bilder.baur.de/i/empiriecom/70918b25df0f6ab3caee9a4cd1f3848b.jpg
clothing,women,dresses,summer,x,clothing-women-dresses-summer,20230711-761-baur,de/clothing-women-dresses-summer.html,https://baur.de/p/lascana-jerseykleid-mit-animalprint/AKLBB1676871959?nav-c=286&rl=1&sku=1372162871#nav-i=48&ref=mba&nav-p=P1&relevantProduct=false,https://bilder.baur.de/i/empiriecom/e1f505ce513b0f98221dbcbdd3a88a81.jpg
clothing,women,dresses,summer,x,clothing-women-dresses-summer,20230711-756-baur,de/clothing-women-dresses-summer.html,https://baur.de/p/buffalo-maxikleid-mit-traegern-zum-knoten/AKLBB1508119459?nav-c=286&rl=1&sku=3177602178#nav-i=58&ref=mba&nav-p=P1&relevantProduct=false,https://bilder.baur.de/i/empiriecom/a0b5484675880b763bd40e84928788b2.jpg
clothing,women,dresses,summer,x,clothing-women-dresses-summer,20230711-715-baur,de/clothing-women-dresses-summer.html,https://baur.de/p/lascana-jerseykleid-mit-alloverdruck/AKLBB1501529710?nav-c=286&rl=1&sku=2457875713#nav-i=41&ref=mba&nav-p=P1&relevantProduct=false,https://bilder.baur.de/i/empiriecom/c51f07d18e1091e4890a9bff30e296d7.jpg
clothing,women,dresses,summer,x,clothing-women-dresses-summer,20230711-711-baur,de/clothing-women-dresses-summer.html,https://baur.de/p/lascana-maxikleid/AKLBB1219166278?nav-c=286&rl=1&sku=9692212437#nav-i=68&ref=mba&nav-p=P1&relevantProduct=false,https://bilder.baur.de/i/empiriecom/9479368828e3e08819fce5676ab44884.jpg
clothing,women,dresses,summer,x,clothing-women-dresses-summer,20230711-679-baur,de/clothing-women-dresses-summer.html,https://baur.de/p/buffalo-jerseykleid-mit-bluemchenprint/AKLBB1224189312?nav-c=286&rl=1&sku=1392326776#nav-i=10&ref=mba&nav-p=P1&relevantProduct=false,https://bilder.baur.de/i/empiriecom/391edce842eb91f89e014cbc8cfb9d04.jpg
clothing,women,dresses,summer,x,clothing-women-dresses-summer,20230711-671-baur,de/clothing-women-dresses-summer.html,https://baur.de/p/lascana-midikleid-mit-reissverschluss-am-ausschnitt/AKLBB1109535054?nav-c=286&rl=1&sku=2402645341#nav-i=28&ref=mba&nav-p=P1&relevantProduct=false,https://bilder.baur.de/i/empiriecom/ee7656c31acd9af0048c112ea22adc69.jpg
clothing,women,dresses,summer,x,clothing-women-dresses-summer,20230711-649-baur,de/clothing-women-dresses-summer.html,https://baur.de/p/lascana-midikleid-mit-bindeguertel-aus-rippware/AKLBB1501481507?nav-c=286&rl=1&sku=8546706668#nav-i=47&ref=mba&nav-p=P1&relevantProduct=false,https://bilder.baur.de/i/empiriecom/a2bd27771a915fff982a8c7088e0eaa5.jpg
clothing,women,dresses,summer,x,clothing-women-dresses-summer,20230711-615-baur,de/clothing-women-dresses-summer.html,https://baur.de/p/lascana-maxikleid-mit-bluemchenprint/AKLBB1554968702?nav-c=286&rl=1&sku=8590242324#nav-i=46&ref=mba&nav-p=P1&relevantProduct=false,https://bilder.baur.de/i/empiriecom/50de4260ab65d28a727846cd0eb0d94a.jpg
clothing,women,dresses,summer,x,clothing-women-dresses-summer,20230711-604-baur,de/clothing-women-dresses-summer.html,https://baur.de/p/lascana-sommerkleid-mit-animalprint/AKLBB1528389771?nav-c=286&rl=1&sku=4078706732#nav-i=67&ref=mba&nav-p=P1&relevantProduct=false,https://bilder.baur.de/i/empiriecom/3f1c943728fe50081a64bcc0f3dca8db.jpg
clothing,women,dresses,summer,x,clothing-women-dresses-summer,20230711-603-baur,de/clothing-women-dresses-summer.html,https://baur.de/p/lascana-maxikleid-mit-alloverdruck/AKLBB1508117044?nav-c=286&rl=1&sku=9612882926#nav-i=24&ref=mba&nav-p=P1&relevantProduct=false,https://bilder.baur.de/i/empiriecom/cda7cee57c96f74c8e3099b50bab1150.jpg
clothing,women,dresses,summer,x,clothing-women-dresses-summer,20230711-602-baur,de/clothing-women-dresses-summer.html,https://baur.de/p/beachtime-sommerkleid/AKLBB855325414?nav-c=286&rl=1&sku=4193543712#nav-i=72&ref=mba&nav-p=P1&relevantProduct=false,https://bilder.baur.de/i/empiriecom/bba1771916e38791a872db4fae0e4687.jpg
clothing,women,dresses,summer,x,clothing-women-dresses-summer,20230711-596-baur,de/clothing-women-dresses-summer.html,https://baur.de/p/buffalo-maxikleid/AKLBB1230019347?nav-c=286&rl=1&sku=8563962593#nav-i=1&ref=mba&nav-p=P1&relevantProduct=false,https://bilder.baur.de/i/empiriecom/f970a3ac8ed0b76e061e84378616f17b.jpg
clothing,women,dresses,summer,x,clothing-women-dresses-summer,20230711-587-baur,de/clothing-women-dresses-summer.html,https://baur.de/p/lascana-maxikleid-aus-gewebter-viskose/AKLBB1676830468?nav-c=286&rl=1&sku=4664731341#nav-i=30&ref=mba&nav-p=P1&relevantProduct=false,https://bilder.baur.de/i/empiriecom/3f500f497bdfdb7829a47d12fd49814a.jpg
clothing,women,dresses,summer,x,clothing-women-dresses-summer,20230711-582-baur,de/clothing-women-dresses-summer.html,https://baur.de/p/lascana-jerseykleid-mit-paperbag-bund/AKLBB1419027476?nav-c=286&rl=1&sku=8516633675#nav-i=29&ref=mba&nav-p=P1&relevantProduct=false,https://bilder.baur.de/i/empiriecom/6a2276f6e7259dd07039afa03776ec34.jpg
clothing,women,dresses,summer,x,clothing-women-dresses-summer,20230711-571-baur,de/clothing-women-dresses-summer.html,https://baur.de/p/lascana-maxikleid-aus-gewebter-viskose/AKLBB1483449214?nav-c=286&rl=1&sku=4771965276#nav-i=16&ref=mba&nav-p=P1&relevantProduct=false,https://bilder.baur.de/i/empiriecom/e9b1ddfe3f6bc0fc7b1a6a51d55a720c.jpg
clothing,women,dresses,summer,x,clothing-women-dresses-summer,20230711-553-baur,de/clothing-women-dresses-summer.html,https://baur.de/p/vivance-jerseykleid-mit-blumendruck/AKLBB1222225174?nav-c=286&rl=1&sku=9758684123#nav-i=9&ref=mba&nav-p=P1&relevantProduct=false,https://bilder.baur.de/i/empiriecom/6e1f6b1ede87ec57bdbca5bb1b3c76a5.jpg
clothing,women,dresses,summer,x,clothing-women-dresses-summer,20230711-543-baur,de/clothing-women-dresses-summer.html,https://baur.de/p/lascana-maxikleid/AKLBB1109595622?nav-c=286&rl=1&sku=3947445927#nav-i=21&ref=mba&nav-p=P1&relevantProduct=false,https://bilder.baur.de/i/empiriecom/eb718cb3113f9b98fdce391239b0cb93.jpg
clothing,women,dresses,summer,x,clothing-women-dresses-summer,20230711-522-baur,de/clothing-women-dresses-summer.html,https://baur.de/p/lascana-strandkleid/AKLBB626161305?nav-c=286&rl=1&sku=6459736074#nav-i=71&ref=mba&nav-p=P1&relevantProduct=false,https://bilder.baur.de/i/empiriecom/bac9fb147912470c6dcf3fa7c9d619f8.jpg
clothing,women,dresses,summer,x,clothing-women-dresses-summer,20230711-509-baur,de/clothing-women-dresses-summer.html,https://baur.de/p/s-oliver-beachwear-jerseykleid/AKLBB759109070?nav-c=286&rl=1&sku=8189946177#nav-i=18&ref=mba&nav-p=P1&relevantProduct=false,https://bilder.baur.de/i/empiriecom/4d5a6ce051eed4e994a58b4606c55d4a.jpg
clothing,women,dresses,summer,x,clothing-women-dresses-summer,20230711-509-baur,de/clothing-women-dresses-summer.html,https://baur.de/p/s-oliver-sommerkleid-mit-breitem-tailleneinsatz/AKLBB1676661470?nav-c=286&rl=1&sku=9104466521#nav-i=57&ref=mba&nav-p=P1&relevantProduct=false,https://bilder.baur.de/i/empiriecom/10a37331ad7b7588ad995ef607ea10df.jpg
clothing,women,dresses,summer,x,clothing-women-dresses-summer,20230711-490-baur,de/clothing-women-dresses-summer.html,https://baur.de/p/lascana-maxikleid/AKLBB759788966?nav-c=286&rl=1&sku=4451720717#nav-i=36&ref=mba&nav-p=P1&relevantProduct=false,https://bilder.baur.de/i/empiriecom/6296b927bb5c84d198d8d64c46e45e51.jpg
clothing,women,dresses,summer,x,clothing-women-dresses-summer,20230711-489-baur,de/clothing-women-dresses-summer.html,https://baur.de/p/vivance-jerseykleid/AKLBB1244883928?nav-c=286&rl=1&sku=3214872564#nav-i=44&ref=mba&nav-p=P1&relevantProduct=false,https://bilder.baur.de/i/empiriecom/2aeb24ee23abaf70255ed4506a3944c7.jpg
clothing,women,dresses,summer,x,clothing-women-dresses-summer,20230711-454-baur,de/clothing-women-dresses-summer.html,https://baur.de/p/lascana-midikleid-mit-sommerlichem-print/AKLBB1222243570?nav-c=286&rl=1&sku=6767146555#nav-i=26&ref=mba&nav-p=P1&relevantProduct=false,https://bilder.baur.de/i/empiriecom/64bf70323b61ba3256f465583b4d604b.jpg
clothing,women,dresses,summer,x,clothing-women-dresses-summer,20230711-453-baur,de/clothing-women-dresses-summer.html,https://baur.de/p/lascana-maxikleid-mit-alloverdruck/AKLBB1178210005?nav-c=286&rl=1&sku=8529284026#nav-i=51&ref=mba&nav-p=P1&relevantProduct=false,https://bilder.baur.de/i/empiriecom/ed0ba70df10f50e84b9b5654411b7971.jpg
clothing,women,dresses,summer,x,clothing-women-dresses-summer,20230711-424-baur,de/clothing-women-dresses-summer.html,https://baur.de/p/heine-sommerkleid-leinenkleid/AKLBB1359666739?nav-c=286&rl=1&sku=7166691025#nav-i=35&ref=mba&nav-p=P1&relevantProduct=false,https://bilder.baur.de/i/empiriecom/9ee0a7ca702ff4ab8620f0849afc4020.jpg
clothing,women,dresses,summer,x,clothing-women-dresses-summer,20230711-399-baur,de/clothing-women-dresses-summer.html,https://baur.de/p/casual-looks-kleid-mit-figurfreundlichen-abnaehern-im-vorderteil/AKLBB1034675243?nav-c=286&rl=1&sku=1948255328#nav-i=39&ref=mba&nav-p=P1&relevantProduct=false,https://bilder.baur.de/i/empiriecom/7ec8d09d6fddb7c0aa507b4b1631e189.jpg
clothing,women,dresses,summer,x,clothing-women-dresses-summer,20230711-384-baur,de/clothing-women-dresses-summer.html,https://baur.de/p/lascana-maxikleid-mit-modischem-ausschnitt/AKLBB1500147199?nav-c=286&rl=1&sku=3513621041#nav-i=60&ref=mba&nav-p=P1&relevantProduct=false,https://bilder.baur.de/i/empiriecom/d567e8b006a1cd11a87783ce8bf33473.jpg
clothing,women,dresses,summer,x,clothing-women-dresses-summer,20230711-374-baur,de/clothing-women-dresses-summer.html,https://baur.de/p/buffalo-maxikleid/AKLBB1109610375?nav-c=286&rl=1&sku=4628376754#nav-i=61&ref=mba&nav-p=P1&relevantProduct=false,https://bilder.baur.de/i/empiriecom/f8a7bdd5d5a7f0f3d07c28ce1e596656.jpg
clothing,women,dresses,summer,x,clothing-women-dresses-summer,20230711-321-baur,de/clothing-women-dresses-summer.html,https://baur.de/p/buffalo-maxikleid-mit-paisleyprint/AKLBB1688507798?nav-c=286&rl=1&sku=3743843672#nav-i=42&ref=mba&nav-p=P1&relevantProduct=false,https://bilder.baur.de/i/empiriecom/3eb981801d6ec52a40d620b12ee759cd.jpg
clothing,women,dresses,summer,x,clothing-women-dresses-summer,20230711-315-baur,de/clothing-women-dresses-summer.html,https://baur.de/p/lascana-maxikleid/AKLBB785931088?nav-c=286&rl=1&sku=4493852456#nav-i=65&ref=mba&nav-p=P1&relevantProduct=false,https://bilder.baur.de/i/empiriecom/0051be7a16142ad24e238785486c8406.jpg
clothing,women,dresses,summer,x,clothing-women-dresses-summer,20230711-309-baur,de/clothing-women-dresses-summer.html,https://baur.de/p/lascana-strandkleid/AKLBB784288115?nav-c=286&rl=1&sku=6085891418#nav-i=32&ref=mba&nav-p=P1&relevantProduct=false,https://bilder.baur.de/i/empiriecom/b38d14226ae602b3967b373d9136b9a1.jpg
clothing,women,dresses,summer,x,clothing-women-dresses-summer,20230711-292-baur,de/clothing-women-dresses-summer.html,https://baur.de/p/lascana-blusenkleid/AKLBB1008578503?nav-c=286&rl=1&sku=4693145978#nav-i=33&ref=mba&nav-p=P1&relevantProduct=false,https://bilder.baur.de/i/empiriecom/aeeb197d653957ab8116d4a44f3f3a8f.jpg
clothing,women,dresses,summer,x,clothing-women-dresses-summer,20230711-282-baur,de/clothing-women-dresses-summer.html,https://baur.de/p/beachtime-druckkleid-mit-modischen-volants-strandmode-strandbekleidung/AKLBB1508099183?nav-c=286&rl=1&sku=1486584934#nav-i=53&ref=mba&nav-p=P1&relevantProduct=false,https://bilder.baur.de/i/empiriecom/595059d5e64187b246fb76020d53b134.jpg
clothing,women,dresses,summer,x,clothing-women-dresses-summer,20230711-236-baur,de/clothing-women-dresses-summer.html,https://baur.de/p/vivance-jerseykleid/AKLBB1244883930?nav-c=286&rl=1&sku=8898102221#nav-i=19&ref=mba&nav-p=P1&relevantProduct=false,https://bilder.baur.de/i/empiriecom/7ab0daf1c0ab74659a5e4884d9535a0a.jpg
clothing,women,dresses,summer,x,clothing-women-dresses-summer,20230711-226-baur,de/clothing-women-dresses-summer.html,https://baur.de/p/lascana-longbluse/AKLBB759299373?nav-c=286&rl=1&sku=2949955065#nav-i=13&ref=mba&nav-p=P1&relevantProduct=false,https://bilder.baur.de/i/empiriecom/b4510f99a7ec351e63b3d4ea150d17c2.jpg
clothing,women,dresses,summer,x,clothing-women-dresses-summer,20230711-223-baur,de/clothing-women-dresses-summer.html,https://baur.de/p/lascana-druckkleid-aus-gewebter-viskose/AKLBB1688741218?nav-c=286&rl=1&sku=6733145520#nav-i=66&ref=mba&nav-p=P1&relevantProduct=false,https://bilder.baur.de/i/empiriecom/8946413592cb60b25dc910a542e5908c.jpg
clothing,women,dresses,summer,x,clothing-women-dresses-summer,20230711-180-baur,de/clothing-women-dresses-summer.html,https://baur.de/p/beachtime-strandkleid/AKLBB646936867?nav-c=286&rl=1&sku=4063973272#nav-i=37&ref=mba&nav-p=P1&relevantProduct=false,https://bilder.baur.de/i/empiriecom/28bffe292aa7adccc78b9f4219be91bb.jpg
clothing,women,dresses,summer,x,clothing-women-dresses-summer,20230711-161-baur,de/clothing-women-dresses-summer.html,https://baur.de/p/vivance-jerseykleid/AKLBB1178146922?nav-c=286&rl=1&sku=3315742135#nav-i=54&ref=mba&nav-p=P1&relevantProduct=false,https://bilder.baur.de/i/empiriecom/37877b08b50364d414333bda8f7cf79e.jpg
clothing,women,dresses,summer,x,clothing-women-dresses-summer,20230711-149-baur,de/clothing-women-dresses-summer.html,https://baur.de/p/vivance-jerseykleid-mit-bluemchenprint/AKLBB1224240261?nav-c=286&rl=1&sku=1812872949#nav-i=17&ref=mba&nav-p=P1&relevantProduct=false,https://bilder.baur.de/i/empiriecom/e204ee1034a41f09280b07373124e7b9.jpg
clothing,women,dresses,summer,x,clothing-women-dresses-summer,20230711-138-baur,de/clothing-women-dresses-summer.html,https://baur.de/p/s-oliver-beachwear-maxikleid/AKLBB1018268673?nav-c=286&rl=1&sku=2247820679#nav-i=52&ref=mba&nav-p=P1&relevantProduct=false,https://bilder.baur.de/i/empiriecom/b9b72ede683ef158e63aa1565b833f14.jpg
clothing,women,dresses,summer,x,clothing-women-dresses-summer,20230711-121-baur,de/clothing-women-dresses-summer.html,https://baur.de/p/lascana-maxikleid-mit-alloverdruck/AKLBB1141878700?nav-c=286&rl=1&sku=4377465492#nav-i=43&ref=mba&nav-p=P1&relevantProduct=false,https://bilder.baur.de/i/empiriecom/a5ab3a8af20af1c655922d8ac58587df.jpg
clothing,women,dresses,summer,x,clothing-women-dresses-summer,20230711-105-baur,de/clothing-women-dresses-summer.html,https://baur.de/p/lascana-midikleid/AKLBB1109605351?nav-c=286&rl=1&sku=4490333735#nav-i=63&ref=mba&nav-p=P1&relevantProduct=false,https://bilder.baur.de/i/empiriecom/3a9094feedbd87d279a54cc4a85c3ab5.jpg
clothing,women,dresses,summer,x,clothing-women-dresses-summer,20230710-886-baur,de/clothing-women-dresses-summer.html,https://baur.de/p/buffalo-maxikleid/AKLBB1676869255?nav-c=286&rl=1&sku=4417424852#nav-i=7&ref=mba&nav-p=P1&relevantProduct=false,https://bilder.baur.de/i/empiriecom/10897955138d0a5b911dfe28b249ceb9.jpg
clothing,women,dresses,summer,x,clothing-women-dresses-summer,20230710-873-baur,de/clothing-women-dresses-summer.html,https://baur.de/p/beachtime-sommerkleid/AKLBB979441632?nav-c=286&rl=1&sku=9303776044#nav-i=9&ref=mba&nav-p=P1&relevantProduct=false,https://bilder.baur.de/i/empiriecom/2f39661800b225e7b1027377f843a76d.jpg
clothing,women,dresses,summer,x,clothing-women-dresses-summer,20230710-846-baur,de/clothing-women-dresses-summer.html,https://baur.de/p/s-oliver-beachwear-maxikleid/AKLBB759970587?nav-c=286&rl=1&sku=5015432968#nav-i=2&ref=mba&nav-p=P1&relevantProduct=false,https://bilder.baur.de/i/empiriecom/4e3971bd6e0135e75b98c3fa8b1eb6f1.jpg
clothing,women,dresses,summer,x,clothing-women-dresses-summer,20230710-785-baur,de/clothing-women-dresses-summer.html,https://baur.de/p/beachtime-sommerkleid/AKLBB776277573?nav-c=286&rl=1&sku=2684275698#nav-i=6&ref=mba&nav-p=P1&relevantProduct=false,https://bilder.baur.de/i/empiriecom/bb837fc1473ab29c7bbeeb821fba7e73.jpg
clothing,women,dresses,summer,x,clothing-women-dresses-summer,20230710-615-baur,de/clothing-women-dresses-summer.html,https://baur.de/p/buffalo-jerseykleid-mit-alloverdruck/AKLBB1508119460?nav-c=286&rl=1&sku=3286084531#nav-i=3&ref=mba&nav-p=P1&relevantProduct=false,https://bilder.baur.de/i/empiriecom/d4bb03e8c9f62c7445b962c2899f9a3e.jpg
clothing,women,dresses,summer,x,clothing-women-dresses-summer,20230710-468-baur,de/clothing-women-dresses-summer.html,https://baur.de/p/s-oliver-blusenkleid-mit-volant-am-rock/AKLBB1530940561?nav-c=286&rl=1&sku=8885805650#nav-i=11&ref=mba&nav-p=P1&relevantProduct=false,https://bilder.baur.de/i/empiriecom/51f9d7b06d0844646718f11de61d997a.jpg
clothing,women,dresses,summer,x,clothing-women-dresses-summer,20230710-217-baur,de/clothing-women-dresses-summer.html,https://baur.de/p/lascana-maxikleid-mit-paisleydruck/AKLBB1224792824?nav-c=286&rl=1&sku=4873230765#nav-i=8&ref=mba&nav-p=P1&relevantProduct=false,https://bilder.baur.de/i/empiriecom/e4c7b543322d2286001ea7195e8f8271.jpg
clothing,women,dresses,summer,x,clothing-women-dresses-summer,20230710-178-baur,de/clothing-women-dresses-summer.html,https://baur.de/p/lascana-maxikleid-mit-animalprint/AKLBB1500861140?nav-c=286&rl=1&sku=4098201932#nav-i=10&ref=mba&nav-p=P1&relevantProduct=false,https://bilder.baur.de/i/empiriecom/5a0511062e8741df0ed8d4e2919e55f9.jpg
