clothing,men,accessories,cosmetics,x,clothing-men-accessories-cosmetics,20230709-875-baur,de/clothing-men-accessories-cosmetics.html,https://baur.de/p/just-play-massageoel-beach-day/AKLBB1689312842?Page=L1&nav-c=2440&sku=9564745693#nav-i=63&ref=mba&nav-p=L1&relevantProduct=false,https://bilder.baur.de/i/empiriecom/99ce0061a5a1cd8bcccf2f0690f80674.jpg
clothing,men,accessories,cosmetics,x,clothing-men-accessories-cosmetics,20230709-792-baur,de/clothing-men-accessories-cosmetics.html,https://baur.de/p/sante-haarshampoo-kraft-shampoo/AKLBB1681288170?Page=L1&nav-c=2440&sku=5895732588#nav-i=59&ref=mba&nav-p=L1&relevantProduct=false,https://bilder.baur.de/i/empiriecom/14a976a84724ce0ff0942d6e99f8eec8.jpg
clothing,men,accessories,cosmetics,x,clothing-men-accessories-cosmetics,20230709-754-baur,de/clothing-men-accessories-cosmetics.html,https://baur.de/p/beauty-glam-augenserum-beauty-glam-eye-serum/AKLBB1245604926?Page=L1&nav-c=2440&sku=4520303082#nav-i=62&ref=mba&nav-p=L1&relevantProduct=false,https://bilder.baur.de/i/empiriecom/5d7ea5255792d094e2058571364a0c24.jpg
clothing,men,accessories,cosmetics,x,clothing-men-accessories-cosmetics,20230709-469-baur,de/clothing-men-accessories-cosmetics.html,https://baur.de/p/sante-haarshampoo-family-repair-bio-olivenoel/AKLBB1392625967?Page=L1&nav-c=2440&sku=5359584715#nav-i=50&ref=mba&nav-p=L1&relevantProduct=false,https://bilder.baur.de/i/empiriecom/ded7773909e3b41612bc81bff8f240b0.jpg
clothing,men,accessories,cosmetics,x,clothing-men-accessories-cosmetics,20230709-461-baur,de/clothing-men-accessories-cosmetics.html,https://baur.de/p/charlemagne-bartstyling-set-growth-essentials-2-tlg/AKLBB1546495536?Page=L1&nav-c=2440&sku=7456850173#nav-i=72&ref=mba&nav-p=L1&relevantProduct=false,https://bilder.baur.de/i/empiriecom/06743e0e16fc47ad56375fc1c9b7255f.jpg
clothing,men,accessories,cosmetics,x,clothing-men-accessories-cosmetics,20230709-386-baur,de/clothing-men-accessories-cosmetics.html,https://baur.de/p/daytox-anti-aging-creme-cell-repair/AKLBB1245212907?Page=L1&nav-c=2440&sku=8668906929#nav-i=64&ref=mba&nav-p=L1&relevantProduct=false,https://bilder.baur.de/i/empiriecom/8a16025e05e2ff8956e580e584d81fb3.jpg
clothing,men,accessories,cosmetics,x,clothing-men-accessories-cosmetics,20230709-114-baur,de/clothing-men-accessories-cosmetics.html,https://baur.de/p/loreal-paris-men-expert-deo-spray-deo-spray-fresh-extreme-packung-6-tlg/AKLBB1485993061?Page=L1&nav-c=2440&sku=3998662555#nav-i=70&ref=mba&nav-p=L1&relevantProduct=false,https://bilder.baur.de/i/empiriecom/75eeed7970051b9a7213c27205233949.jpg
clothing,men,accessories,cosmetics,x,clothing-men-accessories-cosmetics,20230708-945-baur,de/clothing-men-accessories-cosmetics.html,https://baur.de/p/eta-elektrischer-hornhautentferner-hornhautfeile-fenite-eta334890000-3x-rollenaufsaetze/AKLBB1532765995?Page=L1&nav-c=2440&sku=7762551671#nav-i=26&ref=mba&nav-p=L1&relevantProduct=false,https://bilder.baur.de/i/empiriecom/27a37d853580ca7cc624d4950c078618.jpg
clothing,men,accessories,cosmetics,x,clothing-men-accessories-cosmetics,20230708-918-baur,de/clothing-men-accessories-cosmetics.html,https://baur.de/p/daytox-feuchtigkeitscreme-daily-hydration/AKLBB1245212916?Page=L1&nav-c=2440&sku=4796870982#nav-i=39&ref=mba&nav-p=L1&relevantProduct=false,https://bilder.baur.de/i/empiriecom/3b13fc20f8bb2e4fba3c6366af4c6714.jpg
clothing,men,accessories,cosmetics,x,clothing-men-accessories-cosmetics,20230708-894-baur,de/clothing-men-accessories-cosmetics.html,https://baur.de/p/scholl-elektrischer-hornhautentferner-velvet-smooth/AKLBB1725263920?Page=L1&nav-c=2440&sku=9430636384#nav-i=46&ref=mba&nav-p=L1&relevantProduct=false,https://bilder.baur.de/i/empiriecom/09096fe393e1aea404ac6fa5fff5beed.jpg
clothing,men,accessories,cosmetics,x,clothing-men-accessories-cosmetics,20230708-878-baur,de/clothing-men-accessories-cosmetics.html,https://baur.de/p/garnier-sonnenschutzcreme-ambre-solaire-sensitiv-expert-lfs-50/AKLBB671675021?Page=L1&nav-c=2440&sku=7926176034#nav-i=7&ref=mba&nav-p=L1&relevantProduct=false,https://bilder.baur.de/i/empiriecom/a67d239c705694a612ff6b32a9efcd6b.jpg
clothing,men,accessories,cosmetics,x,clothing-men-accessories-cosmetics,20230708-870-baur,de/clothing-men-accessories-cosmetics.html,https://baur.de/p/daytox-gesichtspflege-enzyme-peeling/AKLBB1245212952?Page=L1&nav-c=2440&sku=9193055578#nav-i=13&ref=mba&nav-p=L1&relevantProduct=false,https://bilder.baur.de/i/empiriecom/c0c357abb46be865c1d31d0fc11fccb6.jpg
clothing,men,accessories,cosmetics,x,clothing-men-accessories-cosmetics,20230708-855-baur,de/clothing-men-accessories-cosmetics.html,https://baur.de/p/issey-miyake-duft-set-leau-dissey-homme-2-tlg/AKLBB1631202260?Page=L1&nav-c=2440&sku=8739180328#nav-i=15&ref=mba&nav-p=L1&relevantProduct=false,https://bilder.baur.de/i/empiriecom/814ad474deda884a8a2f2c39f2ffafb6.jpg
clothing,men,accessories,cosmetics,x,clothing-men-accessories-cosmetics,20230708-834-baur,de/clothing-men-accessories-cosmetics.html,https://baur.de/p/boss-after-shave-boss-bottled/AKLBB173722653?Page=L1&nav-c=2440&sku=41627481#nav-i=4&ref=mba&nav-p=L1&relevantProduct=false,https://bilder.baur.de/i/empiriecom/3a664c1d9a65748359ccc537fd0bfa23.jpg
clothing,men,accessories,cosmetics,x,clothing-men-accessories-cosmetics,20230708-818-baur,de/clothing-men-accessories-cosmetics.html,https://baur.de/p/charlemagne-duft-set-eau-de-parfum-set-oud-leather-2-tlg/AKLBB1546495734?Page=L1&nav-c=2440&sku=9026331336#nav-i=9&ref=mba&nav-p=L1&relevantProduct=false,https://bilder.baur.de/i/empiriecom/883e16b676cbe8da5cf20a1480385111.jpg
clothing,men,accessories,cosmetics,x,clothing-men-accessories-cosmetics,20230708-803-baur,de/clothing-men-accessories-cosmetics.html,https://baur.de/p/boss-duft-set-boss-bottled-2-tlg/AKLBB411248812?Page=L1&nav-c=2440&sku=42900594#nav-i=20&ref=mba&nav-p=L1&relevantProduct=false,https://bilder.baur.de/i/empiriecom/fd82e1fd12e0ff9482cd2528fa3e11a9.jpg
clothing,men,accessories,cosmetics,x,clothing-men-accessories-cosmetics,20230708-785-baur,de/clothing-men-accessories-cosmetics.html,https://baur.de/p/catrice-pickel-tupfer-pore-sos-spot-treatment-set-3-tlg/AKLBB1585185177?Page=L1&nav-c=2440&sku=3873180697#nav-i=64&ref=mba&nav-p=L1&relevantProduct=false,https://bilder.baur.de/i/empiriecom/be640cbdac96ee81b18a563d8465d73b.jpg
clothing,men,accessories,cosmetics,x,clothing-men-accessories-cosmetics,20230708-780-baur,de/clothing-men-accessories-cosmetics.html,https://baur.de/p/charlemagne-bartpflege-set-the-bandholz-3-tlg/AKLBB1546495500?Page=L1&nav-c=2440&sku=2172255052#nav-i=66&ref=mba&nav-p=L1&relevantProduct=false,https://bilder.baur.de/i/empiriecom/ee7681a8077db2e244f2989fd2da5632.jpg
clothing,men,accessories,cosmetics,x,clothing-men-accessories-cosmetics,20230708-777-baur,de/clothing-men-accessories-cosmetics.html,https://baur.de/p/loreal-paris-men-expert-hautreinigungs-set-men-expert-carbon-bag/AKLBB1635303855?Page=L1&nav-c=2440&sku=6483692078#nav-i=11&ref=mba&nav-p=L1&relevantProduct=false,https://bilder.baur.de/i/empiriecom/d990984e9398dd8fb09374ac9ae82fc3.jpg
clothing,men,accessories,cosmetics,x,clothing-men-accessories-cosmetics,20230708-772-baur,de/clothing-men-accessories-cosmetics.html,https://baur.de/p/davidoff-duft-set-eau-de-toilette-cool-water-set-2-tlg/AKLBB1689162995?Page=L1&nav-c=2440&sku=6140873237#nav-i=43&ref=mba&nav-p=L1&relevantProduct=false,https://bilder.baur.de/i/empiriecom/b053864847d93addaa1f4947fd7782e0.jpg
clothing,men,accessories,cosmetics,x,clothing-men-accessories-cosmetics,20230708-759-baur,de/clothing-men-accessories-cosmetics.html,https://baur.de/p/silkn-elektrischer-hornhautentferner-fresh-pedi/AKLBB1670998426?Page=L1&nav-c=2440&sku=8159304859#nav-i=6&ref=mba&nav-p=L1&relevantProduct=false,https://bilder.baur.de/i/empiriecom/e3c5faa9ec960a4113d509c1a5af707d.jpg
clothing,men,accessories,cosmetics,x,clothing-men-accessories-cosmetics,20230708-735-baur,de/clothing-men-accessories-cosmetics.html,https://baur.de/p/boss-duft-set-eau-de-toilette-bottled-set-3-tlg/AKLBB1689162986?Page=L1&nav-c=2440&sku=9754431339#nav-i=2&ref=mba&nav-p=L1&relevantProduct=false,https://bilder.baur.de/i/empiriecom/6486d7b33b762c843eb97e1f53edbcfc.jpg
clothing,men,accessories,cosmetics,x,clothing-men-accessories-cosmetics,20230708-707-baur,de/clothing-men-accessories-cosmetics.html,https://baur.de/p/garnier-sonnenschutzpflege-garnier-coffret-essentials-2-tlg/AKLBB1629782455?Page=L1&nav-c=2440&sku=3514872774#nav-i=65&ref=mba&nav-p=L1&relevantProduct=false,https://bilder.baur.de/i/empiriecom/f3d6db76b4d3b85fa060e1a8afa54370.jpg
clothing,men,accessories,cosmetics,x,clothing-men-accessories-cosmetics,20230708-695-baur,de/clothing-men-accessories-cosmetics.html,https://baur.de/p/silkn-elektrischer-hornhautentferner-vacupedi/AKLBB1670998402?Page=L1&nav-c=2440&sku=8914770789#nav-i=32&ref=mba&nav-p=L1&relevantProduct=false,https://bilder.baur.de/i/empiriecom/39e5d2ed8cea0dfcd9ffb7f1dd8e3bb6.jpg
clothing,men,accessories,cosmetics,x,clothing-men-accessories-cosmetics,20230708-677-baur,de/clothing-men-accessories-cosmetics.html,https://baur.de/p/giorgio-armani-duft-set-acqua-di-gio-3-tlg/AKLBB531293485?Page=L1&nav-c=2440&sku=34362182#nav-i=54&ref=mba&nav-p=L1&relevantProduct=false,https://bilder.baur.de/i/empiriecom/f30b5c10ea1f7cc99fc1dea277a76415.jpg
clothing,men,accessories,cosmetics,x,clothing-men-accessories-cosmetics,20230708-669-baur,de/clothing-men-accessories-cosmetics.html,https://baur.de/p/boss-duft-set-boss-the-scent-2-tlg/AKLBB1615821997?Page=L1&nav-c=2440&sku=9883356134#nav-i=18&ref=mba&nav-p=L1&relevantProduct=false,https://bilder.baur.de/i/empiriecom/bf91b170a8d5c025757ce764938ca0f4.jpg
clothing,men,accessories,cosmetics,x,clothing-men-accessories-cosmetics,20230708-627-baur,de/clothing-men-accessories-cosmetics.html,https://baur.de/p/charlemagne-bartpflege-set-emperor-beard-set-5-tlg/AKLBB1546495644?Page=L1&nav-c=2440&sku=4402470391#nav-i=37&ref=mba&nav-p=L1&relevantProduct=false,https://bilder.baur.de/i/empiriecom/59321e079382d2b2070e26bb431c5aa7.jpg
clothing,men,accessories,cosmetics,x,clothing-men-accessories-cosmetics,20230708-601-baur,de/clothing-men-accessories-cosmetics.html,https://baur.de/p/daytox-augenserum-eye-wonder/AKLBB1245212997?Page=L1&nav-c=2440&sku=4174054847#nav-i=53&ref=mba&nav-p=L1&relevantProduct=false,https://bilder.baur.de/i/empiriecom/ce4b9e7d6263cae5b0094dc0ba6a2bb1.jpg
clothing,men,accessories,cosmetics,x,clothing-men-accessories-cosmetics,20230708-590-baur,de/clothing-men-accessories-cosmetics.html,https://baur.de/p/joop-duft-set-eau-de-toilette-homme-set-2-tlg/AKLBB1689163004?Page=L1&nav-c=2440&sku=4262835949#nav-i=58&ref=mba&nav-p=L1&relevantProduct=false,https://bilder.baur.de/i/empiriecom/9e3f7ced625bba857b5a7d31a9b8d601.jpg
clothing,men,accessories,cosmetics,x,clothing-men-accessories-cosmetics,20230708-572-baur,de/clothing-men-accessories-cosmetics.html,https://baur.de/p/charlemagne-duft-set-gentlemans-night-3-tlg/AKLBB1546495671?Page=L1&nav-c=2440&sku=2950383634#nav-i=35&ref=mba&nav-p=L1&relevantProduct=false,https://bilder.baur.de/i/empiriecom/c46151b65d08435f2fdab2b9a287edcb.jpg
clothing,men,accessories,cosmetics,x,clothing-men-accessories-cosmetics,20230708-542-baur,de/clothing-men-accessories-cosmetics.html,https://baur.de/p/lancome-gesichtspflege-renergie-multi-lift-ultra-anti-aging-creme/AKLBB1703346220?Page=L1&nav-c=2440&sku=5387665147#nav-i=52&ref=mba&nav-p=L1&relevantProduct=false,https://bilder.baur.de/i/empiriecom/eb7cb1f99828b093cdf3552482c37baf.jpg
clothing,men,accessories,cosmetics,x,clothing-men-accessories-cosmetics,20230708-522-baur,de/clothing-men-accessories-cosmetics.html,https://baur.de/p/silkn-elektrischer-hornhautentferner-silkn-micro-pedi/AKLBB596576332?Page=L1&nav-c=2440&sku=18878779#nav-i=48&ref=mba&nav-p=L1&relevantProduct=false,https://bilder.baur.de/i/empiriecom/fae0595458eef447f90e6b6fcfc2dc17.jpg
clothing,men,accessories,cosmetics,x,clothing-men-accessories-cosmetics,20230708-493-baur,de/clothing-men-accessories-cosmetics.html,https://baur.de/p/loreal-paris-men-expert-deo-spray-deo-carbon-protect-packung-6-tlg/AKLBB1485993771?Page=L1&nav-c=2440&sku=8141074580#nav-i=40&ref=mba&nav-p=L1&relevantProduct=false,https://bilder.baur.de/i/empiriecom/5eedda3b17a639e255a7f1a696cfa981.jpg
clothing,men,accessories,cosmetics,x,clothing-men-accessories-cosmetics,20230708-489-baur,de/clothing-men-accessories-cosmetics.html,https://baur.de/p/daytox-gesichtspflege-set-serum-love-xl-spar-set-6-tlg/AKLBB1245213078?Page=L1&nav-c=2440&sku=7707705525#nav-i=70&ref=mba&nav-p=L1&relevantProduct=false,https://bilder.baur.de/i/empiriecom/40692a032a32b0773b97ca126353e64d.jpg
clothing,men,accessories,cosmetics,x,clothing-men-accessories-cosmetics,20230708-488-baur,de/clothing-men-accessories-cosmetics.html,https://baur.de/p/charlemagne-duft-set-the-scents-4-tlg/AKLBB1546495707?Page=L1&nav-c=2440&sku=9964901387#nav-i=28&ref=mba&nav-p=L1&relevantProduct=false,https://bilder.baur.de/i/empiriecom/fa99f542345eeda2ba217e5a2a40a332.jpg
clothing,men,accessories,cosmetics,x,clothing-men-accessories-cosmetics,20230708-487-baur,de/clothing-men-accessories-cosmetics.html,https://baur.de/p/braun-ipl-haarentferner-silk-expert-pro-5-pl5145-400-000-lichtimpulse-skin-pro-2-0-sensor/AKLBB1729825500?Page=L1&nav-c=2440&sku=6478872596#nav-i=12&ref=mba&nav-p=L1&relevantProduct=false,https://bilder.baur.de/i/empiriecom/431d4bddf25e8a79001af2563b19f826.jpg
clothing,men,accessories,cosmetics,x,clothing-men-accessories-cosmetics,20230708-467-baur,de/clothing-men-accessories-cosmetics.html,https://baur.de/p/davidoff-deo-spray-cool-water/AKLBB1447236296?Page=L1&nav-c=2440&sku=4419792335#nav-i=72&ref=mba&nav-p=L1&relevantProduct=false,https://bilder.baur.de/i/empiriecom/fd54924f50d5b9ca1fbd274aebd986de.jpg
clothing,men,accessories,cosmetics,x,clothing-men-accessories-cosmetics,20230708-441-baur,de/clothing-men-accessories-cosmetics.html,https://baur.de/p/foreo-gesichtsmaske-farm-to-face-collection-sheet-masks-acai-berry-3-tlg/AKLBB1487738394?Page=L1&nav-c=2440&sku=7716843916#nav-i=69&ref=mba&nav-p=L1&relevantProduct=false,https://bilder.baur.de/i/empiriecom/18d28d0cfc727f59e448aba2add6e046.jpg
clothing,men,accessories,cosmetics,x,clothing-men-accessories-cosmetics,20230708-405-baur,de/clothing-men-accessories-cosmetics.html,https://baur.de/p/loreal-paris-men-expert-deo-spray-deo-shirt-control-packung-6-tlg/AKLBB1485993727?Page=L1&nav-c=2440&sku=2459290576#nav-i=62&ref=mba&nav-p=L1&relevantProduct=false,https://bilder.baur.de/i/empiriecom/f7d6da6aa2de1a61bf08a0b8c158d1cc.jpg
clothing,men,accessories,cosmetics,x,clothing-men-accessories-cosmetics,20230708-393-baur,de/clothing-men-accessories-cosmetics.html,https://baur.de/p/pyunkang-yul-feuchtigkeitscreme-nutrition-cream/AKLBB1405042351?Page=L1&nav-c=2440&sku=4342391436#nav-i=42&ref=mba&nav-p=L1&relevantProduct=false,https://bilder.baur.de/i/empiriecom/4c57a7380165704a69cb0d874388a7f9.jpg
clothing,men,accessories,cosmetics,x,clothing-men-accessories-cosmetics,20230708-334-baur,de/clothing-men-accessories-cosmetics.html,https://baur.de/p/mondial-antica-barberia-duschschaum-axolute-homme/AKLBB1622944308?Page=L1&nav-c=2440&sku=2539025759#nav-i=55&ref=mba&nav-p=L1&relevantProduct=false,https://bilder.baur.de/i/empiriecom/c0a73f5034b70f09d1e1dca6b9fa62fd.jpg
clothing,men,accessories,cosmetics,x,clothing-men-accessories-cosmetics,20230708-329-baur,de/clothing-men-accessories-cosmetics.html,https://baur.de/p/charlemagne-duft-set-eau-de-parfum-set-814-leather-2-tlg/AKLBB1546495725?Page=L1&nav-c=2440&sku=6403452936#nav-i=3&ref=mba&nav-p=L1&relevantProduct=false,https://bilder.baur.de/i/empiriecom/07a4eb946ebc4c3e10b3ad9b4f5466fd.jpg
clothing,men,accessories,cosmetics,x,clothing-men-accessories-cosmetics,20230708-321-baur,de/clothing-men-accessories-cosmetics.html,https://baur.de/p/beauty-glam-gesichtsmaske-beauty-glam-rose-clay-mask/AKLBB1245604836?Page=L1&nav-c=2440&sku=7411166239#nav-i=63&ref=mba&nav-p=L1&relevantProduct=false,https://bilder.baur.de/i/empiriecom/535171cd2db8a80d33fe6cc68bfdd4c0.jpg
clothing,men,accessories,cosmetics,x,clothing-men-accessories-cosmetics,20230708-313-baur,de/clothing-men-accessories-cosmetics.html,https://baur.de/p/davidoff-after-shave-cool-water/AKLBB411248884?Page=L1&nav-c=2440&sku=64914880#nav-i=23&ref=mba&nav-p=L1&relevantProduct=false,https://bilder.baur.de/i/empiriecom/70a3c180c990c5978c332cb0070ec822.jpg
clothing,men,accessories,cosmetics,x,clothing-men-accessories-cosmetics,20230708-273-baur,de/clothing-men-accessories-cosmetics.html,https://baur.de/p/bugatti-duft-set-signature-man-set-2-tlg-eau-de-toilette-duschgel/AKLBB1666683530?Page=L1&nav-c=2440&sku=4367075222#nav-i=22&ref=mba&nav-p=L1&relevantProduct=false,https://bilder.baur.de/i/empiriecom/bda76fc2e1df8c6f3c8e241aef7a8e76.jpg
clothing,men,accessories,cosmetics,x,clothing-men-accessories-cosmetics,20230708-272-baur,de/clothing-men-accessories-cosmetics.html,https://baur.de/p/beurer-hornhautentferner-ersatzrolle-fuer-den-hornhautentferner-mp-59/AKLBB1481217898?Page=L1&nav-c=2440&sku=3173954798#nav-i=47&ref=mba&nav-p=L1&relevantProduct=false,https://bilder.baur.de/i/empiriecom/dfb36462b0817a17611b1b5295930dfd.jpg
clothing,men,accessories,cosmetics,x,clothing-men-accessories-cosmetics,20230708-235-baur,de/clothing-men-accessories-cosmetics.html,https://baur.de/p/garnier-sonnenschutzoel-ambre-solaire-tiefbraun-braeunung/AKLBB671675139?Page=L1&nav-c=2440&sku=9915373824#nav-i=16&ref=mba&nav-p=L1&relevantProduct=false,https://bilder.baur.de/i/empiriecom/087eb2096951f38a3d0e6ddbcf2706d8.jpg
clothing,men,accessories,cosmetics,x,clothing-men-accessories-cosmetics,20230708-225-baur,de/clothing-men-accessories-cosmetics.html,https://baur.de/p/beauty-glam-gesichtspflege-set-vitamin-c-serum-2-tlg/AKLBB1377759025?Page=L1&nav-c=2440&sku=7511463042#nav-i=71&ref=mba&nav-p=L1&relevantProduct=false,https://bilder.baur.de/i/empiriecom/b89c04af82bc64504d91b5f4fd3d7a9f.jpg
clothing,men,accessories,cosmetics,x,clothing-men-accessories-cosmetics,20230708-216-baur,de/clothing-men-accessories-cosmetics.html,https://baur.de/p/scholl-elektrischer-hornhautentferner-expertcare/AKLBB1725263903?Page=L1&nav-c=2440&sku=6920355483#nav-i=19&ref=mba&nav-p=L1&relevantProduct=false,https://bilder.baur.de/i/empiriecom/122eb3580bdbcb846322444542170f57.jpg
clothing,men,accessories,cosmetics,x,clothing-men-accessories-cosmetics,20230708-191-baur,de/clothing-men-accessories-cosmetics.html,https://baur.de/p/daytox-gesichtspflege-hyaluron-cream-lsf20/AKLBB1494975502?Page=L1&nav-c=2440&sku=3630161195#nav-i=41&ref=mba&nav-p=L1&relevantProduct=false,https://bilder.baur.de/i/empiriecom/e30c4093b6a6cd717b5912e9d451c502.jpg
clothing,men,accessories,cosmetics,x,clothing-men-accessories-cosmetics,20230708-150-baur,de/clothing-men-accessories-cosmetics.html,https://baur.de/p/manstuff-hautreinigungs-set-manstuff-sports-bag/AKLBB1375186277?Page=L1&nav-c=2440&sku=1189105870#nav-i=38&ref=mba&nav-p=L1&relevantProduct=false,https://bilder.baur.de/i/empiriecom/41d1402e3d364faabfc138ea8672a150.jpg
clothing,men,accessories,cosmetics,x,clothing-men-accessories-cosmetics,20230708-129-baur,de/clothing-men-accessories-cosmetics.html,https://baur.de/p/calvin-klein-duft-set-ck-one-2-tlg/AKLBB867913542?Page=L1&nav-c=2440&sku=1868845948#nav-i=10&ref=mba&nav-p=L1&relevantProduct=false,https://bilder.baur.de/i/empiriecom/d9f531285b1f92e4cd1ea3dffc47ec49.jpg
clothing,men,accessories,cosmetics,x,clothing-men-accessories-cosmetics,20230708-128-baur,de/clothing-men-accessories-cosmetics.html,https://baur.de/p/st-tropez-selbstbraeunungsmousse-self-tan-luxe-whipped-cr-me-mousse/AKLBB1604065294?Page=L1&nav-c=2440&sku=2841745091#nav-i=57&ref=mba&nav-p=L1&relevantProduct=false,https://bilder.baur.de/i/empiriecom/1c6131cbd5bc69897498eb5f98276bd2.jpg
