clothing,girls,rain,x,x,clothing-girls-rain,20230711-982-baur,de/clothing-girls-rain.html,https://baur.de/p/zigzag-outdoorjacke-flake-mit-waschbarer-kunstdaune/AKLBB1549344089?Page=L1&nav-c=61585&sku=1308236999#nav-i=58&ref=mba&nav-p=L1&relevantProduct=false,https://bilder.baur.de/i/empiriecom/2b31589a64a4599887cccc1b89590287.jpg
clothing,girls,rain,x,x,clothing-girls-rain,20230711-825-baur,de/clothing-girls-rain.html,https://baur.de/p/deproc-active-regenjacke-friesennerz-halifax-kids/AKLBB1749601334?Page=L1&nav-c=61585&sku=4659176099#nav-i=15&ref=mba&nav-p=L1&relevantProduct=false,https://bilder.baur.de/i/empiriecom/2808157937b32603db1487aa78ecb513.jpg
clothing,girls,rain,x,x,clothing-girls-rain,20230711-702-baur,de/clothing-girls-rain.html,https://baur.de/p/zigzag-outdoorhose-alex-mit-verstaerkten-belastungszonen/AKLBB1731292161?Page=L1&nav-c=61585&sku=5151960393#nav-i=47&ref=mba&nav-p=L1&relevantProduct=false,https://bilder.baur.de/i/empiriecom/a8e6d8712956a510d6c8762bab679809.jpg
clothing,girls,rain,x,x,clothing-girls-rain,20230711-543-baur,de/clothing-girls-rain.html,https://baur.de/p/weather-report-regenhose-borise-jr-mit-verschweissten-naehten/AKLBB1654119413?Page=L1&nav-c=61585&sku=4363021799#nav-i=17&ref=mba&nav-p=L1&relevantProduct=false,https://bilder.baur.de/i/empiriecom/0edbd375af5f28a715afbd4c6f69d961.jpg
clothing,girls,rain,x,x,clothing-girls-rain,20230711-534-baur,de/clothing-girls-rain.html,https://baur.de/p/name-it-regenanzug-nkndry-mit-reflektierenden-details/AKLBB1246960892?Page=L1&nav-c=61585&sku=3519695623#nav-i=19&ref=mba&nav-p=L1&relevantProduct=false,https://bilder.baur.de/i/empiriecom/6cbaca392c08703e2c39493e81560942.jpg
clothing,girls,rain,x,x,clothing-girls-rain,20230711-476-baur,de/clothing-girls-rain.html,https://baur.de/p/killtec-funktionshose-fis-44-mns-pnts/AKLBB1605268048?Page=L1&nav-c=61585&sku=2988224599#nav-i=42&ref=mba&nav-p=L1&relevantProduct=false,https://bilder.baur.de/i/empiriecom/606127be944d55b7d02b3f5bd0f09825.jpg
clothing,girls,rain,x,x,clothing-girls-rain,20230711-171-baur,de/clothing-girls-rain.html,https://baur.de/p/didriksons-regen-und-matschjacke-stormhatt-printed-kids-jacket-wasserdicht-winddicht/AKLBB1653321760?Page=L1&nav-c=61585&sku=6998134028#nav-i=69&ref=mba&nav-p=L1&relevantProduct=false,https://bilder.baur.de/i/empiriecom/f5f45647fd74f568362100c00e9dac22.jpg
clothing,girls,rain,x,x,clothing-girls-rain,20230710-969-baur,de/clothing-girls-rain.html,https://baur.de/p/killtec-outdoorjacke-fis-31-mns-jckt/AKLBB1639099044?Page=L1&nav-c=61585&sku=9302084699#nav-i=55&ref=mba&nav-p=L1&relevantProduct=false,https://bilder.baur.de/i/empiriecom/9fcc3af5e8839655ee374ed468516e5f.jpg
clothing,girls,rain,x,x,clothing-girls-rain,20230710-950-baur,de/clothing-girls-rain.html,https://baur.de/p/killtec-outdoorjacke-fios-23-mns-jckt/AKLBB1733169451?Page=L1&nav-c=61585&sku=7986772299#nav-i=36&ref=mba&nav-p=L1&relevantProduct=false,https://bilder.baur.de/i/empiriecom/15cba29305d43eb1968060eb579508ed.jpg
clothing,girls,rain,x,x,clothing-girls-rain,20230710-369-baur,de/clothing-girls-rain.html,https://baur.de/p/lego-wear-regenjacke/AKLBB1642034240?Page=L1&nav-c=61585&sku=9426226485#nav-i=62&ref=mba&nav-p=L1&relevantProduct=false,https://bilder.baur.de/i/empiriecom/459b6540dbf03ed3f2178a0c83e34b20.jpg
clothing,girls,rain,x,x,clothing-girls-rain,20230710-172-baur,de/clothing-girls-rain.html,https://baur.de/p/didriksons-regen-und-matschjacke-stormhatt-kids-jkt-wasserdicht-winddicht/AKLBB1653323691?Page=L1&nav-c=61585&sku=4381465614#nav-i=61&ref=mba&nav-p=L1&relevantProduct=false,https://bilder.baur.de/i/empiriecom/18b4a425d4b0cb3618af99f0b173b2a2.jpg
clothing,girls,rain,x,x,clothing-girls-rain,20230710-157-baur,de/clothing-girls-rain.html,https://baur.de/p/zigzag-regenhose-dallas-mit-15-000-mm-wassersaeule/AKLBB1733174840?Page=L1&nav-c=61585&sku=5352993793#nav-i=68&ref=mba&nav-p=L1&relevantProduct=false,https://bilder.baur.de/i/empiriecom/0e6ecb4a0ae4c62f68d90eac55b89189.jpg
clothing,girls,rain,x,x,clothing-girls-rain,20230709-942-baur,de/clothing-girls-rain.html,https://baur.de/p/giordano-junior-outdoorjacke-g-motion-mit-uv-schutzfaktor-50/AKLBB1690928292?Page=L1&nav-c=61585&sku=5839762893#nav-i=72&ref=mba&nav-p=L1&relevantProduct=false,https://bilder.baur.de/i/empiriecom/1b4e979238fd6fa2378e9051ec093a8d.jpg
clothing,girls,rain,x,x,clothing-girls-rain,20230709-934-baur,de/clothing-girls-rain.html,https://baur.de/p/zigzag-outdoorjacke-flake-mit-waschbarer-kunstdaune/AKLBB1549344089?Page=L1&nav-c=61585&sku=1660776493#nav-i=53&ref=mba&nav-p=L1&relevantProduct=false,https://bilder.baur.de/i/empiriecom/1b13fde69bf6e4caca75ea51d61e38b7.jpg
clothing,girls,rain,x,x,clothing-girls-rain,20230709-931-baur,de/clothing-girls-rain.html,https://baur.de/p/killtec-outdoorjacke-fios-21-mns-jckt/AKLBB1733169883?Page=L1&nav-c=61585&sku=5731650699#nav-i=15&ref=mba&nav-p=L1&relevantProduct=false,https://bilder.baur.de/i/empiriecom/9689ca00ccb6427d152c1dedc8368f4e.jpg
clothing,girls,rain,x,x,clothing-girls-rain,20230709-929-baur,de/clothing-girls-rain.html,https://baur.de/p/deproc-active-regenjacke-friesennerz-anchor-peak-kids/AKLBB1750245104?Page=L1&nav-c=61585&sku=3288142899#nav-i=50&ref=mba&nav-p=L1&relevantProduct=false,https://bilder.baur.de/i/empiriecom/bc94b60bfe4d447b04b0ce9a517d3073.jpg
clothing,girls,rain,x,x,clothing-girls-rain,20230709-895-baur,de/clothing-girls-rain.html,https://baur.de/p/ragwear-regenmantel-marjanka-ii-stylischer-maedchen-regenparka-mit-geschweissten-naehten/AKLBB1734167774?Page=L1&nav-c=61585&sku=3329952693#nav-i=52&ref=mba&nav-p=L1&relevantProduct=false,https://bilder.baur.de/i/empiriecom/e22ca8b12537e099d0596d3cc27e1b69.jpg
clothing,girls,rain,x,x,clothing-girls-rain,20230709-891-baur,de/clothing-girls-rain.html,https://baur.de/p/ragwear-outdoorjacke-layra-ii-stylische-maedchen-uebergangsjacke-mit-suessem-print-futter/AKLBB1734007445?Page=L1&nav-c=61585&sku=3965506893#nav-i=18&ref=mba&nav-p=L1&relevantProduct=false,https://bilder.baur.de/i/empiriecom/59edabc2952727cd6c63c62e82074ca6.jpg
clothing,girls,rain,x,x,clothing-girls-rain,20230709-848-baur,de/clothing-girls-rain.html,https://baur.de/p/name-it-regenjacke-nkndry-rain-jacket-long-1/AKLBB1667521610?Page=L1&nav-c=61585&sku=6541772612#nav-i=59&ref=mba&nav-p=L1&relevantProduct=false,https://bilder.baur.de/i/empiriecom/03e1169fd87ea14a1a289963b06fb306.jpg
clothing,girls,rain,x,x,clothing-girls-rain,20230709-822-baur,de/clothing-girls-rain.html,https://baur.de/p/zigzag-outdoorjacke-rubina-mit-5000-mm-wassersaeule-und-wasserabweisender-membran/AKLBB1726937520?Page=L1&nav-c=61585&sku=9000623893#nav-i=64&ref=mba&nav-p=L1&relevantProduct=false,https://bilder.baur.de/i/empiriecom/9a8bdc6cab4cb8924a6a6dde40326a0d.jpg
clothing,girls,rain,x,x,clothing-girls-rain,20230709-800-baur,de/clothing-girls-rain.html,https://baur.de/p/killtec-outdoorjacke-fiow-28-mns-jckt/AKLBB1676148042?Page=L1&nav-c=61585&sku=2653540999#nav-i=58&ref=mba&nav-p=L1&relevantProduct=false,https://bilder.baur.de/i/empiriecom/52b0c30f9f9991d0dfee0f9c0de2df83.jpg
clothing,girls,rain,x,x,clothing-girls-rain,20230709-720-baur,de/clothing-girls-rain.html,https://baur.de/p/jack-wolfskin-outdoorhose-villi-stretch-pants-k/AKLBB1720671546?Page=L1&nav-c=61585&sku=7999976699#nav-i=30&ref=mba&nav-p=L1&relevantProduct=false,https://bilder.baur.de/i/empiriecom/1eac1aa197f130ab5047293fcee7e316.jpg
clothing,girls,rain,x,x,clothing-girls-rain,20230709-719-baur,de/clothing-girls-rain.html,https://baur.de/p/jack-wolfskin-outdoorjacke-active-hike-jacket-k/AKLBB1606662029?Page=L1&nav-c=61585&sku=6897904999#nav-i=37&ref=mba&nav-p=L1&relevantProduct=false,https://bilder.baur.de/i/empiriecom/bd1e9b8c2d282de3d76f8fb09d33e111.jpg
clothing,girls,rain,x,x,clothing-girls-rain,20230709-652-baur,de/clothing-girls-rain.html,https://baur.de/p/killtec-outdoorjacke-kos-222-grls-jckt/AKLBB1733166110?Page=L1&nav-c=61585&sku=6503433599#nav-i=27&ref=mba&nav-p=L1&relevantProduct=false,https://bilder.baur.de/i/empiriecom/fce66101c87c9f33c73311607e2cf5e4.jpg
clothing,girls,rain,x,x,clothing-girls-rain,20230709-505-baur,de/clothing-girls-rain.html,https://baur.de/p/zigzag-outdoorhose-alex-mit-verstaerkten-belastungszonen/AKLBB1731292161?Page=L1&nav-c=61585&sku=8890246593#nav-i=43&ref=mba&nav-p=L1&relevantProduct=false,https://bilder.baur.de/i/empiriecom/c5c525433be1ed4041eb7beefe897175.jpg
clothing,girls,rain,x,x,clothing-girls-rain,20230709-486-baur,de/clothing-girls-rain.html,https://baur.de/p/killtec-outdoorjacke-kos-144-mns-jckt/AKLBB1639099558?Page=L1&nav-c=61585&sku=5057103299#nav-i=57&ref=mba&nav-p=L1&relevantProduct=false,https://bilder.baur.de/i/empiriecom/9a2ee6972244d187f4659a00c4a43c81.jpg
clothing,girls,rain,x,x,clothing-girls-rain,20230709-460-baur,de/clothing-girls-rain.html,https://baur.de/p/deproc-active-regenjacke-friesennerz-halifax-kids/AKLBB1749601334?Page=L1&nav-c=61585&sku=2166655399#nav-i=13&ref=mba&nav-p=L1&relevantProduct=false,https://bilder.baur.de/i/empiriecom/4e67c7cf28fb6f1747d87cde327abfde.jpg
clothing,girls,rain,x,x,clothing-girls-rain,20230709-457-baur,de/clothing-girls-rain.html,https://baur.de/p/name-it-regenjacke-nkfalfa08-jacket-buttons-long-fo/AKLBB1689313380?Page=L1&nav-c=61585&sku=3766901759#nav-i=12&ref=mba&nav-p=L1&relevantProduct=false,https://bilder.baur.de/i/empiriecom/437d1326c4fb73e8f011f112bc4c759f.jpg
clothing,girls,rain,x,x,clothing-girls-rain,20230709-405-baur,de/clothing-girls-rain.html,https://baur.de/p/deproc-active-regenjacke-friesennerz-ankerglutheimat-kids/AKLBB1749818859?Page=L1&nav-c=61585&sku=2401535599#nav-i=36&ref=mba&nav-p=L1&relevantProduct=false,https://bilder.baur.de/i/empiriecom/11a4fcd3934ffeadad1871e377ace419.jpg
clothing,girls,rain,x,x,clothing-girls-rain,20230709-321-baur,de/clothing-girls-rain.html,https://baur.de/p/killtec-outdoorjacke-fiow-27-mns-jckt/AKLBB1676149199?Page=L1&nav-c=61585&sku=8685022299#nav-i=21&ref=mba&nav-p=L1&relevantProduct=false,https://bilder.baur.de/i/empiriecom/fc32170d235429012a81112874b18a63.jpg
clothing,girls,rain,x,x,clothing-girls-rain,20230709-278-baur,de/clothing-girls-rain.html,https://baur.de/p/killtec-outdoorjacke-kow-198-grls-jckt/AKLBB1676107117?Page=L1&nav-c=61585&sku=4738753299#nav-i=56&ref=mba&nav-p=L1&relevantProduct=false,https://bilder.baur.de/i/empiriecom/f89f3451acc2d9a885dfa221953a04e0.jpg
clothing,girls,rain,x,x,clothing-girls-rain,20230709-250-baur,de/clothing-girls-rain.html,https://baur.de/p/deproc-active-regenjacke-friesennerz-ankergluthafen-kids/AKLBB1749818732?Page=L1&nav-c=61585&sku=6385363799#nav-i=46&ref=mba&nav-p=L1&relevantProduct=false,https://bilder.baur.de/i/empiriecom/6694640a9c2b7dd7dc65e8395b4d9f47.jpg
clothing,girls,rain,x,x,clothing-girls-rain,20230709-113-baur,de/clothing-girls-rain.html,https://baur.de/p/killtec-outdoorjacke-fios-22-mns-jckt/AKLBB1733167932?Page=L1&nav-c=61585&sku=3123124599#nav-i=48&ref=mba&nav-p=L1&relevantProduct=false,https://bilder.baur.de/i/empiriecom/48bc2f1dec48c48c705bc91057b6ad5a.jpg
clothing,girls,rain,x,x,clothing-girls-rain,20230709-110-baur,de/clothing-girls-rain.html,https://baur.de/p/ziener-regenjacke-narus/AKLBB1723227211?Page=L1&nav-c=61585&sku=5418280599#nav-i=16&ref=mba&nav-p=L1&relevantProduct=false,https://bilder.baur.de/i/empiriecom/6dd300c844135fa228b2aa22dad3d7f9.jpg
clothing,girls,rain,x,x,clothing-girls-rain,20230708-987-baur,de/clothing-girls-rain.html,https://baur.de/p/gulliver-outdoorjacke-mit-stylischem-blumenmuster/AKLBB1719566243?Page=L1&nav-c=61585&sku=3051704993#nav-i=24&ref=mba&nav-p=L1&relevantProduct=false,https://bilder.baur.de/i/empiriecom/6ed23c881ae34608f17c06d951351bc1.jpg
clothing,girls,rain,x,x,clothing-girls-rain,20230708-930-baur,de/clothing-girls-rain.html,https://baur.de/p/jack-wolfskin-regenjacke-jwp-shell-k/AKLBB1720668083?Page=L1&nav-c=61585&sku=4334643199#nav-i=46&ref=mba&nav-p=L1&relevantProduct=false,https://bilder.baur.de/i/empiriecom/1f0dac05ad48b9f01d0f3274717dfb4e.jpg
clothing,girls,rain,x,x,clothing-girls-rain,20230708-928-baur,de/clothing-girls-rain.html,https://baur.de/p/jack-wolfskin-outdoorjacke-tucan-jacket-k-atmungsaktiv-wasserabweisend/AKLBB1642038872?Page=L1&nav-c=61585&sku=7262911677#nav-i=5&ref=mba&nav-p=L1&relevantProduct=false,https://bilder.baur.de/i/empiriecom/4f1dc975a31315721103564e4d96c359.jpg
clothing,girls,rain,x,x,clothing-girls-rain,20230708-922-baur,de/clothing-girls-rain.html,https://baur.de/p/ziener-regenjacke-narus/AKLBB1723227211?Page=L1&nav-c=61585&sku=9990882899#nav-i=38&ref=mba&nav-p=L1&relevantProduct=false,https://bilder.baur.de/i/empiriecom/bf4df5db138563514d6e23e2695ae091.jpg
clothing,girls,rain,x,x,clothing-girls-rain,20230708-913-baur,de/clothing-girls-rain.html,https://baur.de/p/jack-wolfskin-outdoorhose-snowy-days-pants-kids/AKLBB966266146?Page=L1&nav-c=61585&sku=3155073899#nav-i=40&ref=mba&nav-p=L1&relevantProduct=false,https://bilder.baur.de/i/empiriecom/3694de537d96095429f9ccd2c4a69b78.jpg
clothing,girls,rain,x,x,clothing-girls-rain,20230708-893-baur,de/clothing-girls-rain.html,https://baur.de/p/name-it-regenjacke-nkndry-rain-jacket-long-1/AKLBB1667521610?Page=L1&nav-c=61585&sku=3187124875#nav-i=59&ref=mba&nav-p=L1&relevantProduct=false,https://bilder.baur.de/i/empiriecom/ca96e53097356ec14d854527811a3b3d.jpg
clothing,girls,rain,x,x,clothing-girls-rain,20230708-866-baur,de/clothing-girls-rain.html,https://baur.de/p/deproc-active-regenjacke-friesennerz-anchor-peak-kids/AKLBB1750245104?Page=L1&nav-c=61585&sku=1410024399#nav-i=39&ref=mba&nav-p=L1&relevantProduct=false,https://bilder.baur.de/i/empiriecom/8cd2e9dc4149bc3a45eae1df838636e9.jpg
clothing,girls,rain,x,x,clothing-girls-rain,20230708-849-baur,de/clothing-girls-rain.html,https://baur.de/p/killtec-outdoorjacke-fios-25-mns-jckt/AKLBB1733169043?Page=L1&nav-c=61585&sku=4096673099#nav-i=29&ref=mba&nav-p=L1&relevantProduct=false,https://bilder.baur.de/i/empiriecom/fecb958fc878d76ecc67417e98e391f3.jpg
clothing,girls,rain,x,x,clothing-girls-rain,20230708-840-baur,de/clothing-girls-rain.html,https://baur.de/p/jack-wolfskin-outdoorjacke-snowy-days-jacket-kids/AKLBB966271139?Page=L1&nav-c=61585&sku=1233071799#nav-i=51&ref=mba&nav-p=L1&relevantProduct=false,https://bilder.baur.de/i/empiriecom/5d5db2bfa26a39718e852344ad688c3d.jpg
clothing,girls,rain,x,x,clothing-girls-rain,20230708-832-baur,de/clothing-girls-rain.html,https://baur.de/p/arbeitshose/AKLBB1209467901?Page=L1&nav-c=61585&sku=4462566534#nav-i=15&ref=mba&nav-p=L1&relevantProduct=false,https://bilder.baur.de/i/empiriecom/0da2fd94d296dd8d5beb6372c3cb70a0.jpg
clothing,girls,rain,x,x,clothing-girls-rain,20230708-829-baur,de/clothing-girls-rain.html,https://baur.de/p/killtec-outdoorjacke-kow-195-grls-jckt/AKLBB1676105737?Page=L1&nav-c=61585&sku=3821471799#nav-i=6&ref=mba&nav-p=L1&relevantProduct=false,https://bilder.baur.de/i/empiriecom/e23f98c8c4ef8227c1d4e4efe3c9566a.jpg
clothing,girls,rain,x,x,clothing-girls-rain,20230708-795-baur,de/clothing-girls-rain.html,https://baur.de/p/killtec-outdoorjacke-kos-165-grls-jckt/AKLBB1600179797?Page=L1&nav-c=61585&sku=3204730499#nav-i=45&ref=mba&nav-p=L1&relevantProduct=false,https://bilder.baur.de/i/empiriecom/d7c37bd4e432de4445b63fddcb3c2b77.jpg
clothing,girls,rain,x,x,clothing-girls-rain,20230708-795-baur,de/clothing-girls-rain.html,https://baur.de/p/deproc-active-regenjacke-friesennerz-ankergluthafen-kids/AKLBB1749818732?Page=L1&nav-c=61585&sku=8736156499#nav-i=50&ref=mba&nav-p=L1&relevantProduct=false,https://bilder.baur.de/i/empiriecom/a65d21830163a0edaf2384d6c295dfcd.jpg
clothing,girls,rain,x,x,clothing-girls-rain,20230708-794-baur,de/clothing-girls-rain.html,https://baur.de/p/ragwear-outdoorjacke-layra-ii-stylische-maedchen-uebergangsjacke-mit-suessem-print-futter/AKLBB1734007445?Page=L1&nav-c=61585&sku=2620895193#nav-i=14&ref=mba&nav-p=L1&relevantProduct=false,https://bilder.baur.de/i/empiriecom/cea969da19348ae6caf90244db51ba62.jpg
clothing,girls,rain,x,x,clothing-girls-rain,20230708-784-baur,de/clothing-girls-rain.html,https://baur.de/p/killtec-outdoorjacke-kos-56-grls-jckt/AKLBB1665753126?Page=L1&nav-c=61585&sku=7681872999#nav-i=7&ref=mba&nav-p=L1&relevantProduct=false,https://bilder.baur.de/i/empiriecom/4c90aac6d12275ea95ba32b725747541.jpg
clothing,girls,rain,x,x,clothing-girls-rain,20230708-782-baur,de/clothing-girls-rain.html,https://baur.de/p/zigzag-outdoorjacke-bloomer-mit-verschliessbaren-taschen/AKLBB1630463262?Page=L1&nav-c=61585&sku=6057281499#nav-i=53&ref=mba&nav-p=L1&relevantProduct=false,https://bilder.baur.de/i/empiriecom/0d919919d53e23f11e796dbf97ee4fd3.jpg
clothing,girls,rain,x,x,clothing-girls-rain,20230708-770-baur,de/clothing-girls-rain.html,https://baur.de/p/jack-wolfskin-outdoorjacke-malima-jacket-g/AKLBB1642039054?Page=L1&nav-c=61585&sku=5901580282#nav-i=1&ref=mba&nav-p=L1&relevantProduct=false,https://bilder.baur.de/i/empiriecom/17987eaf8e809ded82b0c407fceecff0.jpg
clothing,girls,rain,x,x,clothing-girls-rain,20230708-738-baur,de/clothing-girls-rain.html,https://baur.de/p/killtec-funktionshose-fis-44-mns-pnts/AKLBB1605268048?Page=L1&nav-c=61585&sku=7188576099#nav-i=36&ref=mba&nav-p=L1&relevantProduct=false,https://bilder.baur.de/i/empiriecom/b29f6880fd6928f44c0ad85aff18877f.jpg
clothing,girls,rain,x,x,clothing-girls-rain,20230708-732-baur,de/clothing-girls-rain.html,https://baur.de/p/maier-sports-funktionshose/AKLBB1221713343?Page=L1&nav-c=61585&sku=3574406599#nav-i=20&ref=mba&nav-p=L1&relevantProduct=false,https://bilder.baur.de/i/empiriecom/3391d791951f76915992fc48dfe9aa79.jpg
clothing,girls,rain,x,x,clothing-girls-rain,20230708-725-baur,de/clothing-girls-rain.html,https://baur.de/p/didriksons-regen-und-matschjacke-stormhatt-printed-kids-jacket-wasserdicht-winddicht/AKLBB1653321760?Page=L1&nav-c=61585&sku=2314406519#nav-i=61&ref=mba&nav-p=L1&relevantProduct=false,https://bilder.baur.de/i/empiriecom/0922a4fea64e829b1f92d9ac6f187ae2.jpg
clothing,girls,rain,x,x,clothing-girls-rain,20230708-722-baur,de/clothing-girls-rain.html,https://baur.de/p/killtec-funktionshose-fios-6-mns-pnts/AKLBB1733170070?Page=L1&nav-c=61585&sku=8741545999#nav-i=64&ref=mba&nav-p=L1&relevantProduct=false,https://bilder.baur.de/i/empiriecom/d6fc7bb0474d416485294c451a17a533.jpg
clothing,girls,rain,x,x,clothing-girls-rain,20230708-718-baur,de/clothing-girls-rain.html,https://baur.de/p/deproc-active-regenjacke-friesennerz-wizzard-peak-kids/AKLBB1744766751?Page=L1&nav-c=61585&sku=3209921799#nav-i=26&ref=mba&nav-p=L1&relevantProduct=false,https://bilder.baur.de/i/empiriecom/864f75c6b4612bdc5a4d6aa20c136e6f.jpg
clothing,girls,rain,x,x,clothing-girls-rain,20230708-705-baur,de/clothing-girls-rain.html,https://baur.de/p/jack-wolfskin-regenjacke-rainy-days-jacket-k/AKLBB1720673325?Page=L1&nav-c=61585&sku=8524223999#nav-i=58&ref=mba&nav-p=L1&relevantProduct=false,https://bilder.baur.de/i/empiriecom/3d143391d2bd0eecc05fe63aeaaa5211.jpg
clothing,girls,rain,x,x,clothing-girls-rain,20230708-700-baur,de/clothing-girls-rain.html,https://baur.de/p/urban-classics-outdoorjacke-kinder-girls-basic-pullover-jacket-1-st/AKLBB1717620996?Page=L1&nav-c=61585&sku=7537431993#nav-i=60&ref=mba&nav-p=L1&relevantProduct=false,https://bilder.baur.de/i/empiriecom/496e1b49600c594b28df974c1f060782.jpg
clothing,girls,rain,x,x,clothing-girls-rain,20230708-698-baur,de/clothing-girls-rain.html,https://baur.de/p/killtec-outdoorjacke-kos-166-grls-jckt/AKLBB1592312103?Page=L1&nav-c=61585&sku=7414015799#nav-i=12&ref=mba&nav-p=L1&relevantProduct=false,https://bilder.baur.de/i/empiriecom/17c670b973c0784873c991513c247f60.jpg
clothing,girls,rain,x,x,clothing-girls-rain,20230708-693-baur,de/clothing-girls-rain.html,https://baur.de/p/killtec-outdoorjacke-kos-229-grls-jckt/AKLBB1733167696?Page=L1&nav-c=61585&sku=3582095099#nav-i=4&ref=mba&nav-p=L1&relevantProduct=false,https://bilder.baur.de/i/empiriecom/a090955626aebe0851d9e326fcabc75c.jpg
clothing,girls,rain,x,x,clothing-girls-rain,20230708-675-baur,de/clothing-girls-rain.html,https://baur.de/p/jack-wolfskin-outdoorhose-villi-stretch-pants-k/AKLBB1720671546?Page=L1&nav-c=61585&sku=7498482999#nav-i=30&ref=mba&nav-p=L1&relevantProduct=false,https://bilder.baur.de/i/empiriecom/e45306f690c62742225c48ac09138536.jpg
clothing,girls,rain,x,x,clothing-girls-rain,20230708-651-baur,de/clothing-girls-rain.html,https://baur.de/p/weather-report-regenhose-borise-jr-mit-verschweissten-naehten/AKLBB1654119413?Page=L1&nav-c=61585&sku=4363021799#nav-i=16&ref=mba&nav-p=L1&relevantProduct=false,https://bilder.baur.de/i/empiriecom/6e2e60ad201bf173fc13e1bd5acfcd2b.jpg
clothing,girls,rain,x,x,clothing-girls-rain,20230708-620-baur,de/clothing-girls-rain.html,https://baur.de/p/killtec-outdoorjacke-lyse-grls-jckt-a/AKLBB1318068790?Page=L1&nav-c=61585&sku=1696125699#nav-i=3&ref=mba&nav-p=L1&relevantProduct=false,https://bilder.baur.de/i/empiriecom/a0b79c7d855de928238f9381214bf5ab.jpg
clothing,girls,rain,x,x,clothing-girls-rain,20230708-607-baur,de/clothing-girls-rain.html,https://baur.de/p/killtec-regenhose-airiko-jr/AKLBB703710745?Page=L1&nav-c=61585&sku=2059311999#nav-i=68&ref=mba&nav-p=L1&relevantProduct=false,https://bilder.baur.de/i/empiriecom/e93d07a8995efef256996a2b81cbedb6.jpg
clothing,girls,rain,x,x,clothing-girls-rain,20230708-597-baur,de/clothing-girls-rain.html,https://baur.de/p/killtec-outdoorjacke-kos-145-mns-jckt/AKLBB1639100285?Page=L1&nav-c=61585&sku=8744633199#nav-i=52&ref=mba&nav-p=L1&relevantProduct=false,https://bilder.baur.de/i/empiriecom/c483e44c08dc3a70ad9048df607a9d0c.jpg
clothing,girls,rain,x,x,clothing-girls-rain,20230708-596-baur,de/clothing-girls-rain.html,https://baur.de/p/jack-wolfskin-regenjacke-malima-jacket-g/AKLBB1720668744?Page=L1&nav-c=61585&sku=4344380599#nav-i=10&ref=mba&nav-p=L1&relevantProduct=false,https://bilder.baur.de/i/empiriecom/3a5b30692f70b29dff15122813a84bba.jpg
clothing,girls,rain,x,x,clothing-girls-rain,20230708-589-baur,de/clothing-girls-rain.html,https://baur.de/p/killtec-outdoorjacke-kos-208-grls-jckt/AKLBB1723448199?Page=L1&nav-c=61585&sku=7015370599#nav-i=42&ref=mba&nav-p=L1&relevantProduct=false,https://bilder.baur.de/i/empiriecom/69e375b6b707feb2c0021b03d195942b.jpg
clothing,girls,rain,x,x,clothing-girls-rain,20230708-576-baur,de/clothing-girls-rain.html,https://baur.de/p/gulliver-outdoorjacke-mit-kontrastelementen/AKLBB1719584841?Page=L1&nav-c=61585&sku=1687265993#nav-i=32&ref=mba&nav-p=L1&relevantProduct=false,https://bilder.baur.de/i/empiriecom/50c84fcfe23415441bd2f5f7645bb0a6.jpg
clothing,girls,rain,x,x,clothing-girls-rain,20230708-560-baur,de/clothing-girls-rain.html,https://baur.de/p/gulliver-outdoorjacke-mit-floralem-allover-print/AKLBB1719585988?Page=L1&nav-c=61585&sku=2279431093#nav-i=28&ref=mba&nav-p=L1&relevantProduct=false,https://bilder.baur.de/i/empiriecom/d10cfb3468bda7a0f81596a99fd7d077.jpg
clothing,girls,rain,x,x,clothing-girls-rain,20230708-558-baur,de/clothing-girls-rain.html,https://baur.de/p/deproc-active-regenjacke-friesennerz-halifax-kids/AKLBB1749601334?Page=L1&nav-c=61585&sku=3888865099#nav-i=11&ref=mba&nav-p=L1&relevantProduct=false,https://bilder.baur.de/i/empiriecom/6c21a94a436a2f29203753855c4d4f09.jpg
clothing,girls,rain,x,x,clothing-girls-rain,20230708-502-baur,de/clothing-girls-rain.html,https://baur.de/p/scout-funktionshose-explore/AKLBB1118191256?Page=L1&nav-c=61585&sku=9042403859#nav-i=9&ref=mba&nav-p=L1&relevantProduct=false,https://bilder.baur.de/i/empiriecom/f7462dfec4700b8da0bd298b1dfbc91c.jpg
clothing,girls,rain,x,x,clothing-girls-rain,20230708-499-baur,de/clothing-girls-rain.html,https://baur.de/p/killtec-outdoorjacke-kos-142-mns-jckt/AKLBB1639099069?Page=L1&nav-c=61585&sku=3657290599#nav-i=70&ref=mba&nav-p=L1&relevantProduct=false,https://bilder.baur.de/i/empiriecom/01860fcddfa3a63a1139ee176b07c416.jpg
clothing,girls,rain,x,x,clothing-girls-rain,20230708-496-baur,de/clothing-girls-rain.html,https://baur.de/p/killtec-outdoorjacke-kos-57-grls-jckt/AKLBB1665752996?Page=L1&nav-c=61585&sku=8278350299#nav-i=23&ref=mba&nav-p=L1&relevantProduct=false,https://bilder.baur.de/i/empiriecom/8819c3431e48cf527b4b70f1deaee343.jpg
clothing,girls,rain,x,x,clothing-girls-rain,20230708-490-baur,de/clothing-girls-rain.html,https://baur.de/p/ragwear-outdoorjacke-kristla-grade-maedchen-kapuzenjacke-mit-farbverlauf/AKLBB1730515456?Page=L1&nav-c=61585&sku=2872871893#nav-i=41&ref=mba&nav-p=L1&relevantProduct=false,https://bilder.baur.de/i/empiriecom/ea177b7fd0347acf3df3bd48b3ac6e02.jpg
clothing,girls,rain,x,x,clothing-girls-rain,20230708-485-baur,de/clothing-girls-rain.html,https://baur.de/p/killtec-funktionsjacke-lynge-grls-jckt-b/AKLBB1214367852?Page=L1&nav-c=61585&sku=7088476299#nav-i=54&ref=mba&nav-p=L1&relevantProduct=false,https://bilder.baur.de/i/empiriecom/c831918a8449493c13ec1a6abf603195.jpg
clothing,girls,rain,x,x,clothing-girls-rain,20230708-481-baur,de/clothing-girls-rain.html,https://baur.de/p/name-it-regenjacke-nkfalfa08-jacket-buttons-long-fo/AKLBB1689313380?Page=L1&nav-c=61585&sku=8357606356#nav-i=8&ref=mba&nav-p=L1&relevantProduct=false,https://bilder.baur.de/i/empiriecom/eaedcc277420ba02ce8fef69161c049c.jpg
clothing,girls,rain,x,x,clothing-girls-rain,20230708-444-baur,de/clothing-girls-rain.html,https://baur.de/p/killtec-outdoorjacke-fiow-27-mns-jckt/AKLBB1676149199?Page=L1&nav-c=61585&sku=5074460199#nav-i=21&ref=mba&nav-p=L1&relevantProduct=false,https://bilder.baur.de/i/empiriecom/e173f980945519f3540d6275c93de8f3.jpg
clothing,girls,rain,x,x,clothing-girls-rain,20230708-443-baur,de/clothing-girls-rain.html,https://baur.de/p/deproc-active-regenjacke-friesennerz-ankerglutheimat-kids/AKLBB1749818859?Page=L1&nav-c=61585&sku=9111451299#nav-i=34&ref=mba&nav-p=L1&relevantProduct=false,https://bilder.baur.de/i/empiriecom/12f9634e53a89fc26c73cdc29a20336a.jpg
clothing,girls,rain,x,x,clothing-girls-rain,20230708-435-baur,de/clothing-girls-rain.html,https://baur.de/p/zigzag-outdoorjacke-flake-mit-waschbarer-kunstdaune/AKLBB1549344089?Page=L1&nav-c=61585&sku=3005803193#nav-i=55&ref=mba&nav-p=L1&relevantProduct=false,https://bilder.baur.de/i/empiriecom/776e1e96b00218b3ec4fa77d37ae653e.jpg
clothing,girls,rain,x,x,clothing-girls-rain,20230708-429-baur,de/clothing-girls-rain.html,https://baur.de/p/gulliver-outdoorjacke-mit-bomberkragen/AKLBB1719586513?Page=L1&nav-c=61585&sku=7830930093#nav-i=25&ref=mba&nav-p=L1&relevantProduct=false,https://bilder.baur.de/i/empiriecom/d23330ef373409b522df4f6fabdf3699.jpg
clothing,girls,rain,x,x,clothing-girls-rain,20230708-429-baur,de/clothing-girls-rain.html,https://baur.de/p/dc-shoes-outdoorjacke-earl-padded/AKLBB1555254620?Page=L1&nav-c=61585&sku=6999392499#nav-i=44&ref=mba&nav-p=L1&relevantProduct=false,https://bilder.baur.de/i/empiriecom/405858098df1daabc76231a4f57d48e4.jpg
clothing,girls,rain,x,x,clothing-girls-rain,20230708-423-baur,de/clothing-girls-rain.html,https://baur.de/p/killtec-outdoorjacke-kos-211-grls-jckt/AKLBB1723440922?Page=L1&nav-c=61585&sku=5976204299#nav-i=2&ref=mba&nav-p=L1&relevantProduct=false,https://bilder.baur.de/i/empiriecom/38c29527497bc706bfb228ef48bd5999.jpg
clothing,girls,rain,x,x,clothing-girls-rain,20230708-410-baur,de/clothing-girls-rain.html,https://baur.de/p/killtec-outdoorjacke-lynge-grls-jckt-e/AKLBB1214370325?Page=L1&nav-c=61585&sku=2731386599#nav-i=57&ref=mba&nav-p=L1&relevantProduct=false,https://bilder.baur.de/i/empiriecom/a780461cdc7a31bc2daa9f1c78b214fd.jpg
clothing,girls,rain,x,x,clothing-girls-rain,20230708-373-baur,de/clothing-girls-rain.html,https://baur.de/p/whistler-outdoorjacke-elmau-mit-wasserdichter-funktionsmembran/AKLBB1629690269?Page=L1&nav-c=61585&sku=3698950599#nav-i=67&ref=mba&nav-p=L1&relevantProduct=false,https://bilder.baur.de/i/empiriecom/6d3ac51bac033d1e85424fa429e46a24.jpg
clothing,girls,rain,x,x,clothing-girls-rain,20230708-370-baur,de/clothing-girls-rain.html,https://baur.de/p/killtec-funktionshose-jaely-allover-mini/AKLBB1613810213?Page=L1&nav-c=61585&sku=6276344499#nav-i=63&ref=mba&nav-p=L1&relevantProduct=false,https://bilder.baur.de/i/empiriecom/afdafa10dc5726ef068c7c8e788e8c42.jpg
clothing,girls,rain,x,x,clothing-girls-rain,20230708-330-baur,de/clothing-girls-rain.html,https://baur.de/p/lego-wear-outdoorjacke/AKLBB1642031410?Page=L1&nav-c=61585&sku=3382656963#nav-i=71&ref=mba&nav-p=L1&relevantProduct=false,https://bilder.baur.de/i/empiriecom/9c2a894bd1931db787f602ef4a088324.jpg
clothing,girls,rain,x,x,clothing-girls-rain,20230708-297-baur,de/clothing-girls-rain.html,https://baur.de/p/killtec-outdoorjacke-kow-197-grls-jckt/AKLBB1676148854?Page=L1&nav-c=61585&sku=9236000999#nav-i=37&ref=mba&nav-p=L1&relevantProduct=false,https://bilder.baur.de/i/empiriecom/5f913e0c231c97962ad80c9c0d9b5067.jpg
clothing,girls,rain,x,x,clothing-girls-rain,20230708-288-baur,de/clothing-girls-rain.html,https://baur.de/p/killtec-outdoorjacke-kos-206-grls-jckt/AKLBB1723441984?Page=L1&nav-c=61585&sku=7801131299#nav-i=22&ref=mba&nav-p=L1&relevantProduct=false,https://bilder.baur.de/i/empiriecom/f76147f9a94b1bc9edab400fbd403b07.jpg
clothing,girls,rain,x,x,clothing-girls-rain,20230708-283-baur,de/clothing-girls-rain.html,https://baur.de/p/killtec-outdoorjacke-kos-222-grls-jckt/AKLBB1733166110?Page=L1&nav-c=61585&sku=3193331799#nav-i=31&ref=mba&nav-p=L1&relevantProduct=false,https://bilder.baur.de/i/empiriecom/15d1616763843f64584b2cfc2a477f07.jpg
clothing,girls,rain,x,x,clothing-girls-rain,20230708-282-baur,de/clothing-girls-rain.html,https://baur.de/p/ragwear-outdoorjacke-kristla-ii-stylische-einfarbige-maedchen-uebergangsjacke/AKLBB1733778139?Page=L1&nav-c=61585&sku=3763993893#nav-i=17&ref=mba&nav-p=L1&relevantProduct=false,https://bilder.baur.de/i/empiriecom/d166687e524d6da51f58783a8cf0dbbb.jpg
clothing,girls,rain,x,x,clothing-girls-rain,20230708-265-baur,de/clothing-girls-rain.html,https://baur.de/p/zigzag-regenjacke-nana-mit-10-000-mm-wassersaeule/AKLBB1682305653?Page=L1&nav-c=61585&sku=6338694093#nav-i=48&ref=mba&nav-p=L1&relevantProduct=false,https://bilder.baur.de/i/empiriecom/48a0c3ad25038609d969fb3e01940811.jpg
clothing,girls,rain,x,x,clothing-girls-rain,20230708-264-baur,de/clothing-girls-rain.html,https://baur.de/p/killtec-outdoorjacke-kow-198-grls-jckt/AKLBB1676107117?Page=L1&nav-c=61585&sku=2499625799#nav-i=56&ref=mba&nav-p=L1&relevantProduct=false,https://bilder.baur.de/i/empiriecom/faa4f1561b44c1b4fc4c8d5f4de60900.jpg
clothing,girls,rain,x,x,clothing-girls-rain,20230708-248-baur,de/clothing-girls-rain.html,https://baur.de/p/ragwear-regenmantel-marjanka-ii-stylischer-maedchen-regenparka-mit-geschweissten-naehten/AKLBB1734167774?Page=L1&nav-c=61585&sku=2258180893#nav-i=49&ref=mba&nav-p=L1&relevantProduct=false,https://bilder.baur.de/i/empiriecom/d2f026545de5ca836bac32e6c28a2fdc.jpg
clothing,girls,rain,x,x,clothing-girls-rain,20230708-242-baur,de/clothing-girls-rain.html,https://baur.de/p/weather-report-outdoorjacke-petra-jr-mit-getapten-naehten/AKLBB1556569490?Page=L1&nav-c=61585&sku=4789941999#nav-i=62&ref=mba&nav-p=L1&relevantProduct=false,https://bilder.baur.de/i/empiriecom/b894ef66e14e87ebf1aad65a7ea38966.jpg
clothing,girls,rain,x,x,clothing-girls-rain,20230708-232-baur,de/clothing-girls-rain.html,https://baur.de/p/name-it-regenhose-nknalfa-pant-solid-noos/AKLBB1667521580?Page=L1&nav-c=61585&sku=7424694710#nav-i=65&ref=mba&nav-p=L1&relevantProduct=false,https://bilder.baur.de/i/empiriecom/54a2aba4dd8e1d5cdc33e6053aa4feec.jpg
clothing,girls,rain,x,x,clothing-girls-rain,20230708-227-baur,de/clothing-girls-rain.html,https://baur.de/p/zigzag-outdoorhose-alex-mit-verstaerkten-belastungszonen/AKLBB1731292161?Page=L1&nav-c=61585&sku=6806693593#nav-i=43&ref=mba&nav-p=L1&relevantProduct=false,https://bilder.baur.de/i/empiriecom/689efe255ed66a8419d7c2bb047a53d7.jpg
clothing,girls,rain,x,x,clothing-girls-rain,20230708-225-baur,de/clothing-girls-rain.html,https://baur.de/p/gulliver-outdoorjacke-mit-stylischem-kontrast-futter/AKLBB1719569269?Page=L1&nav-c=61585&sku=5809840593#nav-i=33&ref=mba&nav-p=L1&relevantProduct=false,https://bilder.baur.de/i/empiriecom/17a16ab167a3db8e4aeca100d8ea567a.jpg
clothing,girls,rain,x,x,clothing-girls-rain,20230708-196-baur,de/clothing-girls-rain.html,https://baur.de/p/killtec-outdoorjacke-fiow-21-mns-jckt/AKLBB1684465828?Page=L1&nav-c=61585&sku=2229535099#nav-i=19&ref=mba&nav-p=L1&relevantProduct=false,https://bilder.baur.de/i/empiriecom/036179400a91a10dba153bee5c011550.jpg
clothing,girls,rain,x,x,clothing-girls-rain,20230708-158-baur,de/clothing-girls-rain.html,https://baur.de/p/killtec-outdoorjacke-kos-207-grls-jckt/AKLBB1733167835?Page=L1&nav-c=61585&sku=1199344599#nav-i=13&ref=mba&nav-p=L1&relevantProduct=false,https://bilder.baur.de/i/empiriecom/c0bea6b5c128a64679316dd9fb26a1bd.jpg
clothing,girls,rain,x,x,clothing-girls-rain,20230708-147-baur,de/clothing-girls-rain.html,https://baur.de/p/jack-wolfskin-outdoorjacke-active-hike-jacket-k/AKLBB1606662029?Page=L1&nav-c=61585&sku=9340196899#nav-i=27&ref=mba&nav-p=L1&relevantProduct=false,https://bilder.baur.de/i/empiriecom/b8b40254c131911f08b04238427b23cb.jpg
clothing,girls,rain,x,x,clothing-girls-rain,20230708-136-baur,de/clothing-girls-rain.html,https://baur.de/p/jack-wolfskin-regenjacke-flaze-jacket-k/AKLBB1720668920?Page=L1&nav-c=61585&sku=5096586899#nav-i=47&ref=mba&nav-p=L1&relevantProduct=false,https://bilder.baur.de/i/empiriecom/d23d2c66a1f02ffbb343c12d52ee0c55.jpg
clothing,girls,rain,x,x,clothing-girls-rain,20230708-136-baur,de/clothing-girls-rain.html,https://baur.de/p/zigzag-outdoorjacke-miriam-glossy-bestehend-aus-wasserdichter-jacke-und-regenhose/AKLBB1735742667?Page=L1&nav-c=61585&sku=1938222693#nav-i=72&ref=mba&nav-p=L1&relevantProduct=false,https://bilder.baur.de/i/empiriecom/5661aef5eed703ff55a04ebfd5ca9737.jpg
clothing,girls,rain,x,x,clothing-girls-rain,20230708-135-baur,de/clothing-girls-rain.html,https://baur.de/p/gulliver-outdoorjacke-mit-modischem-blumenmuster/AKLBB1719573222?Page=L1&nav-c=61585&sku=8391435193#nav-i=18&ref=mba&nav-p=L1&relevantProduct=false,https://bilder.baur.de/i/empiriecom/d93dd646b46c4b3f60eaa46a4d107b25.jpg
clothing,girls,rain,x,x,clothing-girls-rain,20230708-123-baur,de/clothing-girls-rain.html,https://baur.de/p/zigzag-outdoorjacke-rubina-mit-5000-mm-wassersaeule-und-wasserabweisender-membran/AKLBB1726937520?Page=L1&nav-c=61585&sku=7398570693#nav-i=69&ref=mba&nav-p=L1&relevantProduct=false,https://bilder.baur.de/i/empiriecom/da69f05465029e2750f3be89a029151b.jpg
clothing,girls,rain,x,x,clothing-girls-rain,20230708-115-baur,de/clothing-girls-rain.html,https://baur.de/p/killtec-outdoorjacke-fios-21-mns-jckt/AKLBB1733169883?Page=L1&nav-c=61585&sku=7569201599#nav-i=35&ref=mba&nav-p=L1&relevantProduct=false,https://bilder.baur.de/i/empiriecom/94686b239d1b65e61f38d010c494b376.jpg
clothing,girls,rain,x,x,clothing-girls-rain,20230708-104-baur,de/clothing-girls-rain.html,https://baur.de/p/killtec-outdoorjacke-kow-20-grls-jckt/AKLBB1462804668?Page=L1&nav-c=61585&sku=8445544299#nav-i=66&ref=mba&nav-p=L1&relevantProduct=false,https://bilder.baur.de/i/empiriecom/2665867ae6081653807456b2ae4b24ed.jpg
