clothing,women,blouses,dirndl,x,clothing-women-blouses-dirndl,20230709-998-baur,de/clothing-women-blouses-dirndl.html,https://baur.de/p/nina-von-c-dirndlbluse-aus-elastischer-spitze/AKLBB1483465728?nav-c=150353&rl=1&sku=2188706745#nav-i=10&ref=mba&nav-p=P1&relevantProduct=false,https://bilder.baur.de/i/empiriecom/3fce5edabd60144e173a8c6ae12feee6.jpg
clothing,women,blouses,dirndl,x,clothing-women-blouses-dirndl,20230709-916-baur,de/clothing-women-blouses-dirndl.html,https://baur.de/p/krueger-madl-dirndlbluse-damen-vielseitig-tragbar/AKLBB1668591729?nav-c=150353&rl=1&sku=2672272841#nav-i=21&ref=mba&nav-p=P1&relevantProduct=false,https://bilder.baur.de/i/empiriecom/26aa907d277a7a7d0e12f04df9ff4773.jpg
clothing,women,blouses,dirndl,x,clothing-women-blouses-dirndl,20230709-903-baur,de/clothing-women-blouses-dirndl.html,https://baur.de/p/nina-von-c-dirndlbluse-damen-vielseitig-kombinierbar/AKLBB1588013165?nav-c=150353&rl=1&sku=6846655644#nav-i=16&ref=mba&nav-p=P1&relevantProduct=false,https://bilder.baur.de/i/empiriecom/bb8490fcd46a1210161c99f9e3a0095a.jpg
clothing,women,blouses,dirndl,x,clothing-women-blouses-dirndl,20230709-891-baur,de/clothing-women-blouses-dirndl.html,https://baur.de/p/nina-von-c-dirndlbluse-damen-mit-besonders-weicher-spitze/AKLBB1089320906?nav-c=150353&rl=1&sku=7866842325#nav-i=27&ref=mba&nav-p=P1&relevantProduct=false,https://bilder.baur.de/i/empiriecom/bc7ed1ce940f7919346cbca99e5e6797.jpg
clothing,women,blouses,dirndl,x,clothing-women-blouses-dirndl,20230709-821-baur,de/clothing-women-blouses-dirndl.html,https://baur.de/p/nina-von-c-dirndlbluse-damen-aus-besonders-zarter-spitze/AKLBB1355169394?nav-c=150353&rl=1&sku=7390353635#nav-i=7&ref=mba&nav-p=P1&relevantProduct=false,https://bilder.baur.de/i/empiriecom/878e863fa7de118fe16da57852376f99.jpg
clothing,women,blouses,dirndl,x,clothing-women-blouses-dirndl,20230709-684-baur,de/clothing-women-blouses-dirndl.html,https://baur.de/p/marjo-dirndlbluse-gitana-dalida-damen-aus-elastischer-spitze/AKLBB1668535134?nav-c=150353&rl=1&sku=5245914915#nav-i=5&ref=mba&nav-p=P1&relevantProduct=false,https://bilder.baur.de/i/empiriecom/51e2cd08abb2cbcb1705de73da5e9ab2.jpg
clothing,women,blouses,dirndl,x,clothing-women-blouses-dirndl,20230709-633-baur,de/clothing-women-blouses-dirndl.html,https://baur.de/p/dirndlbluse-mit-v-ausschnitt/AKLBB1090452760?nav-c=150353&rl=1&sku=6651832172#nav-i=23&ref=mba&nav-p=P1&relevantProduct=false,https://bilder.baur.de/i/empiriecom/ad0b7160fc3150cb9d9098baea57675f.jpg
clothing,women,blouses,dirndl,x,clothing-women-blouses-dirndl,20230709-567-baur,de/clothing-women-blouses-dirndl.html,https://baur.de/p/naber-collection-dirndlbluse-damen-mit-entzueckender-lochstickerei/AKLBB1591220786?nav-c=150353&rl=1&sku=6441401212#nav-i=20&ref=mba&nav-p=P1&relevantProduct=false,https://bilder.baur.de/i/empiriecom/8e14242bb4ff1942434472a0ae8797f0.jpg
clothing,women,blouses,dirndl,x,clothing-women-blouses-dirndl,20230709-543-baur,de/clothing-women-blouses-dirndl.html,https://baur.de/p/naber-collection-dirndlbluse-damen-vielseitig-passend/AKLBB1669367663?nav-c=150353&rl=1&sku=7769010393#nav-i=15&ref=mba&nav-p=P1&relevantProduct=false,https://bilder.baur.de/i/empiriecom/475f41d6aa6661f370bc0a830e10aaf1.jpg
clothing,women,blouses,dirndl,x,clothing-women-blouses-dirndl,20230709-509-baur,de/clothing-women-blouses-dirndl.html,https://baur.de/p/marjo-dirndlbluse-damen-zu-vielen-dirndln-passend/AKLBB1607052634?nav-c=150353&rl=1&sku=7776410292#nav-i=26&ref=mba&nav-p=P1&relevantProduct=false,https://bilder.baur.de/i/empiriecom/2652d10156895868bcf58e1bc4eb179e.jpg
clothing,women,blouses,dirndl,x,clothing-women-blouses-dirndl,20230709-388-baur,de/clothing-women-blouses-dirndl.html,https://baur.de/p/marjo-dirndlbluse-kosima-1-tlg-damen-mit-effektvollen-glitzernieten/AKLBB1673132504?nav-c=150353&rl=1&sku=8778684075#nav-i=6&ref=mba&nav-p=P1&relevantProduct=false,https://bilder.baur.de/i/empiriecom/3958e78c4e5b29373b7b1e42d3ea761a.jpg
clothing,women,blouses,dirndl,x,clothing-women-blouses-dirndl,20230709-388-baur,de/clothing-women-blouses-dirndl.html,https://baur.de/p/nina-von-c-dirndlbluse-mit-verstellbarem-bindeband/AKLBB1089320911?nav-c=150353&rl=1&sku=1812964452#nav-i=12&ref=mba&nav-p=P1&relevantProduct=false,https://bilder.baur.de/i/empiriecom/dfa0eb49abec2b494f5a1978e916ad30.jpg
clothing,women,blouses,dirndl,x,clothing-women-blouses-dirndl,20230709-367-baur,de/clothing-women-blouses-dirndl.html,https://baur.de/p/nina-von-c-dirndlbluse-damen-mit-feiner-spitze/AKLBB1722270267?nav-c=150353&rl=1&sku=3000572078#nav-i=11&ref=mba&nav-p=P1&relevantProduct=false,https://bilder.baur.de/i/empiriecom/a2120a7382b69eead539efce53105c4b.jpg
clothing,women,blouses,dirndl,x,clothing-women-blouses-dirndl,20230709-344-baur,de/clothing-women-blouses-dirndl.html,https://baur.de/p/naber-collection-dirndlbluse-mit-spitzendetails/AKLBB1487562940?nav-c=150353&rl=1&sku=7359860183#nav-i=28&ref=mba&nav-p=P1&relevantProduct=false,https://bilder.baur.de/i/empiriecom/3386bb205ec7a5cf6955d9fa2b481e14.jpg
clothing,women,blouses,dirndl,x,clothing-women-blouses-dirndl,20230709-334-baur,de/clothing-women-blouses-dirndl.html,https://baur.de/p/marjo-dirndlbluse-aus-leicht-transparenter-spitze/AKLBB1206315377?nav-c=150353&rl=1&sku=7799766743#nav-i=22&ref=mba&nav-p=P1&relevantProduct=false,https://bilder.baur.de/i/empiriecom/70099401a628bd4cc84604040cf30d74.jpg
clothing,women,blouses,dirndl,x,clothing-women-blouses-dirndl,20230709-298-baur,de/clothing-women-blouses-dirndl.html,https://baur.de/p/love-nature-dirndlbluse-damen-mit-huebschen-streifendessin/AKLBB1724288286?nav-c=150353&rl=1&sku=1409826473#nav-i=17&ref=mba&nav-p=P1&relevantProduct=false,https://bilder.baur.de/i/empiriecom/5465d0c62900c24fb966d4ca6569c688.jpg
clothing,women,blouses,dirndl,x,clothing-women-blouses-dirndl,20230709-252-baur,de/clothing-women-blouses-dirndl.html,https://baur.de/p/nina-von-c-dirndlbluse-1-tlg-damen-vielseitig-tragbar/AKLBB1673417851?nav-c=150353&rl=1&sku=8717774326#nav-i=9&ref=mba&nav-p=P1&relevantProduct=false,https://bilder.baur.de/i/empiriecom/15318184e8479110c6e0246c501e3f52.jpg
clothing,women,blouses,dirndl,x,clothing-women-blouses-dirndl,20230709-214-baur,de/clothing-women-blouses-dirndl.html,https://baur.de/p/nina-von-c-dirndlbluse-mit-gummizug-am-saum/AKLBB979198085?nav-c=150353&rl=1&sku=3921373932#nav-i=1&ref=mba&nav-p=P1&relevantProduct=false,https://bilder.baur.de/i/empiriecom/e4c68bcd048d005bfeb9621180ed2a5f.jpg
clothing,women,blouses,dirndl,x,clothing-women-blouses-dirndl,20230709-144-baur,de/clothing-women-blouses-dirndl.html,https://baur.de/p/h-moser-dirndlbluse/AKLBB388716690?nav-c=150353&rl=1&sku=75687280#nav-i=19&ref=mba&nav-p=P1&relevantProduct=false,https://bilder.baur.de/i/empiriecom/cb29c141713f9ae279fb48c0c7f92bf9.jpg
