clothing,men,suits,x,x,clothing-men-suits,20230708-923-baur,de/clothing-men-suits.html,https://baur.de/p/brax-anzughose-style-enrico/AKLBB858112912?nav-c=2022&sku=6195283193#nav-i=9&ref=mba&nav-p=P1&relevantProduct=false,https://bilder.baur.de/i/empiriecom/bc2393fe0cd48e15e17d9e98e2e500b4.jpg
clothing,men,suits,x,x,clothing-men-suits,20230708-906-baur,de/clothing-men-suits.html,https://baur.de/p/bugatti-anzugsakko/AKLBB1669618923?nav-c=2022&sku=5764850675#nav-i=21&ref=mba&nav-p=P1&relevantProduct=false,https://bilder.baur.de/i/empiriecom/27f254b9f1f460944d6e0fd42ff145dc.jpg
clothing,men,suits,x,x,clothing-men-suits,20230708-885-baur,de/clothing-men-suits.html,https://baur.de/p/cinque-anzug-cicastello-2-tlg/AKLBB1766050895?nav-c=2022&sku=2661574882#nav-i=27&ref=mba&nav-p=P1&relevantProduct=false,https://bilder.baur.de/i/empiriecom/77d8d88ea3c9c63ce0832a5520fd703d.jpg
clothing,men,suits,x,x,clothing-men-suits,20230708-857-baur,de/clothing-men-suits.html,https://baur.de/p/cinque-anzughose-cibrody/AKLBB1690009784?nav-c=2022&sku=8243632434#nav-i=11&ref=mba&nav-p=P1&relevantProduct=false,https://bilder.baur.de/i/empiriecom/72e8becee0264c8ce1363d0529440bca.jpg
clothing,men,suits,x,x,clothing-men-suits,20230708-807-baur,de/clothing-men-suits.html,https://baur.de/p/bugatti-anzugweste-mit-formgebenden-abnaehern/AKLBB1609652113?nav-c=2022&sku=9964642699#nav-i=24&ref=mba&nav-p=P1&relevantProduct=false,https://bilder.baur.de/i/empiriecom/6994fa4a9ba1bf859b95bbf8c4d81622.jpg
clothing,men,suits,x,x,clothing-men-suits,20230708-744-baur,de/clothing-men-suits.html,https://baur.de/p/tradition-by-weis-anzughose-mit-buegelfalten/AKLBB1501464737?nav-c=2022&sku=2513312130#nav-i=25&ref=mba&nav-p=P1&relevantProduct=false,https://bilder.baur.de/i/empiriecom/662e1d6102fab065dd1d3e795a016169.jpg
clothing,men,suits,x,x,clothing-men-suits,20230708-667-baur,de/clothing-men-suits.html,https://baur.de/p/jack-jones-anzug-jprfranco-suit-noos/AKLBB1685086547?nav-c=2022&sku=5603281149#nav-i=1&ref=mba&nav-p=P1&relevantProduct=false,https://bilder.baur.de/i/empiriecom/1d552c4a4f8db9629ae1a10df1f6470e.jpg
clothing,men,suits,x,x,clothing-men-suits,20230708-658-baur,de/clothing-men-suits.html,https://baur.de/p/jack-jones-anzughose-jprfranco-trouser-noos/AKLBB1685087719?nav-c=2022&sku=4714753155#nav-i=18&ref=mba&nav-p=P1&relevantProduct=false,https://bilder.baur.de/i/empiriecom/6e5e74f17a0735173f7a4475014f883b.jpg
clothing,men,suits,x,x,clothing-men-suits,20230708-648-baur,de/clothing-men-suits.html,https://baur.de/p/cinque-anzugsakko-cimonopoli/AKLBB1690027017?nav-c=2022&sku=3084900646#nav-i=15&ref=mba&nav-p=P1&relevantProduct=false,https://bilder.baur.de/i/empiriecom/798b4693a06c1fcf8012b3b8594d44da.jpg
clothing,men,suits,x,x,clothing-men-suits,20230708-613-baur,de/clothing-men-suits.html,https://baur.de/p/weis-anzug-dean-in-modischer-karo-optik/AKLBB1350748237?nav-c=2022&sku=9957672899#nav-i=19&ref=mba&nav-p=P1&relevantProduct=false,https://bilder.baur.de/i/empiriecom/46d653ba68b9b4abfb10e240e7789adb.jpg
clothing,men,suits,x,x,clothing-men-suits,20230708-596-baur,de/clothing-men-suits.html,https://baur.de/p/weis-anzug-damon-in-elegantem-design/AKLBB1350748359?nav-c=2022&sku=9953354099#nav-i=23&ref=mba&nav-p=P1&relevantProduct=false,https://bilder.baur.de/i/empiriecom/483ce9edc614faad982b37ccea6d2d5d.jpg
clothing,men,suits,x,x,clothing-men-suits,20230708-545-baur,de/clothing-men-suits.html,https://baur.de/p/cinque-anzugsakko-cidatini/AKLBB1690010510?nav-c=2022&sku=2354635892#nav-i=6&ref=mba&nav-p=P1&relevantProduct=false,https://bilder.baur.de/i/empiriecom/3ace4a4f5c20ccc98e832deee0d71489.jpg
clothing,men,suits,x,x,clothing-men-suits,20230708-485-baur,de/clothing-men-suits.html,https://baur.de/p/cinque-anzughose-cisand/AKLBB1690010082?nav-c=2022&sku=5152632870#nav-i=20&ref=mba&nav-p=P1&relevantProduct=false,https://bilder.baur.de/i/empiriecom/ee98bdb51aef1e00cfaace4bab2f68c4.jpg
clothing,men,suits,x,x,clothing-men-suits,20230708-418-baur,de/clothing-men-suits.html,https://baur.de/p/cinque-anzugsakko-cimonopoli/AKLBB1690010571?nav-c=2022&sku=6222952275#nav-i=4&ref=mba&nav-p=P1&relevantProduct=false,https://bilder.baur.de/i/empiriecom/dd44061540324f82322b9e88cf3b10d1.jpg
clothing,men,suits,x,x,clothing-men-suits,20230708-352-baur,de/clothing-men-suits.html,https://baur.de/p/cinque-anzughose-cibravo/AKLBB1683986646?nav-c=2022&sku=2659774866#nav-i=17&ref=mba&nav-p=P1&relevantProduct=false,https://bilder.baur.de/i/empiriecom/ca3490633a5661a0d3d3ca431dba979e.jpg
clothing,men,suits,x,x,clothing-men-suits,20230708-346-baur,de/clothing-men-suits.html,https://baur.de/p/eurex-by-brax-anzughose-style-jan-317/AKLBB847079305?nav-c=2022&sku=9986823593#nav-i=7&ref=mba&nav-p=P1&relevantProduct=false,https://bilder.baur.de/i/empiriecom/eb48714b88d2fa678d8d14763b4284b3.jpg
clothing,men,suits,x,x,clothing-men-suits,20230708-302-baur,de/clothing-men-suits.html,https://baur.de/p/cinque-anzughose-cimonopoli-h/AKLBB1690009516?nav-c=2022&sku=7367712012#nav-i=3&ref=mba&nav-p=P1&relevantProduct=false,https://bilder.baur.de/i/empiriecom/7e22d068947688453229e52a780a75c0.jpg
clothing,men,suits,x,x,clothing-men-suits,20230708-284-baur,de/clothing-men-suits.html,https://baur.de/p/cinque-anzughose-cimonopoli/AKLBB1690009729?nav-c=2022&sku=5586481792#nav-i=8&ref=mba&nav-p=P1&relevantProduct=false,https://bilder.baur.de/i/empiriecom/0874d483edc188d41065d645eddbf6ab.jpg
clothing,men,suits,x,x,clothing-men-suits,20230708-268-baur,de/clothing-men-suits.html,https://baur.de/p/only-sons-anzug-onsmark-slim-0209-suit-set-2-tlg-anzug-set/AKLBB1734676846?nav-c=2022&sku=5731334428#nav-i=14&ref=mba&nav-p=P1&relevantProduct=false,https://bilder.baur.de/i/empiriecom/a2b4c7257910f1cbac4c7ca64e0d5042.jpg
clothing,men,suits,x,x,clothing-men-suits,20230708-255-baur,de/clothing-men-suits.html,https://baur.de/p/tom-tailor-anzugweste/AKLBB1626944273?nav-c=2022&sku=6252301938#nav-i=22&ref=mba&nav-p=P1&relevantProduct=false,https://bilder.baur.de/i/empiriecom/4d97c02dc0d998f2e2c7f38258b9d0cc.jpg
clothing,men,suits,x,x,clothing-men-suits,20230708-225-baur,de/clothing-men-suits.html,https://baur.de/p/cinque-baukastenhose-cicastello/AKLBB1690008747?nav-c=2022&sku=3288531261#nav-i=5&ref=mba&nav-p=P1&relevantProduct=false,https://bilder.baur.de/i/empiriecom/39cf79a1b79d3f721f3510d5e0e4655e.jpg
clothing,men,suits,x,x,clothing-men-suits,20230708-210-baur,de/clothing-men-suits.html,https://baur.de/p/cinque-baukastensakko-cicastello/AKLBB1690010200?nav-c=2022&sku=2261240060#nav-i=2&ref=mba&nav-p=P1&relevantProduct=false,https://bilder.baur.de/i/empiriecom/9791be8ed3f2cdce81537fbf3119b660.jpg
clothing,men,suits,x,x,clothing-men-suits,20230708-112-baur,de/clothing-men-suits.html,https://baur.de/p/cinque-anzughose-cijuno-o/AKLBB1690010141?nav-c=2022&sku=2227694755#nav-i=16&ref=mba&nav-p=P1&relevantProduct=false,https://bilder.baur.de/i/empiriecom/fc4b862ab0efd6ac588743c75b85df5d.jpg
