clothing,men,accessories,watches,x,clothing-men-accessories-watches,20230708-977-baur,de/clothing-men-accessories-watches.html,https://baur.de/p/garmin-smartwatch-epix-pro-gen-2-51mm/AKLBB1754708096?Page=L1&nav-c=2532&sku=1280083192#nav-i=18&ref=mba&nav-p=L1&relevantProduct=false,https://bilder.baur.de/i/empiriecom/4d63b07b6ed00758cca96bd6d5822a1e.jpg
clothing,men,accessories,watches,x,clothing-men-accessories-watches,20230708-953-baur,de/clothing-men-accessories-watches.html,https://baur.de/p/huawei-smartwatch-watch-buds-kopfhoerer-und-smartwatch-in-einem/AKLBB1723270368?Page=L1&nav-c=2532&sku=3291663829#nav-i=67&ref=mba&nav-p=L1&relevantProduct=false,https://bilder.baur.de/i/empiriecom/a8cd9f70e2d733600fe510eb730775d2.jpg
clothing,men,accessories,watches,x,clothing-men-accessories-watches,20230708-944-baur,de/clothing-men-accessories-watches.html,https://baur.de/p/garmin-smartwatch-forerunner-55-multisport-gps-laufuhr/AKLBB1485479498?Page=L1&nav-c=2532&sku=5122611932#nav-i=65&ref=mba&nav-p=L1&relevantProduct=false,https://bilder.baur.de/i/empiriecom/159060faa09eda04d9afc5bb732e1f41.jpg
clothing,men,accessories,watches,x,clothing-men-accessories-watches,20230708-940-baur,de/clothing-men-accessories-watches.html,https://baur.de/p/smarty-2-0-smartwatch-smarty-2-0-sw028f11b-set-2-tlg-mit-dazu-passenden-earpods/AKLBB1732672023?Page=L1&nav-c=2532&sku=4533612921#nav-i=21&ref=mba&nav-p=L1&relevantProduct=false,https://bilder.baur.de/i/empiriecom/b05c70c48144ae8c324ad8489958d060.jpg
clothing,men,accessories,watches,x,clothing-men-accessories-watches,20230708-932-baur,de/clothing-men-accessories-watches.html,https://baur.de/p/garmin-forerunner-245-smartwatch-3-04-cm-1-2-zoll-garmin/AKLBB1315674073?Page=L1&nav-c=2532&sku=3362023418#nav-i=9&ref=mba&nav-p=L1&relevantProduct=false,https://bilder.baur.de/i/empiriecom/78db1168e28d34a6aa0dd24303445ce8.jpg
clothing,men,accessories,watches,x,clothing-men-accessories-watches,20230708-869-baur,de/clothing-men-accessories-watches.html,https://baur.de/p/fitbit-by-google-smartwatch-charge-5-inkl-6-monate-fitbit-premium/AKLBB1486239760?Page=L1&nav-c=2532&sku=1628904072#nav-i=6&ref=mba&nav-p=L1&relevantProduct=false,https://bilder.baur.de/i/empiriecom/a7bb171e1213a5fc64d118b7feab7921.jpg
clothing,men,accessories,watches,x,clothing-men-accessories-watches,20230708-848-baur,de/clothing-men-accessories-watches.html,https://baur.de/p/fitbit-by-google-smartwatch-sense-2-aria-air/AKLBB1689910664?Page=L1&nav-c=2532&sku=3902692558#nav-i=28&ref=mba&nav-p=L1&relevantProduct=false,https://bilder.baur.de/i/empiriecom/3756cab867adb3f982f427264f71faff.jpg
clothing,men,accessories,watches,x,clothing-men-accessories-watches,20230708-835-baur,de/clothing-men-accessories-watches.html,https://baur.de/p/garmin-smartwatch-vivomove-sport/AKLBB1568821965?Page=L1&nav-c=2532&sku=2955556916#nav-i=20&ref=mba&nav-p=L1&relevantProduct=false,https://bilder.baur.de/i/empiriecom/3f46df4e1e2ab6c71ca7993d8507469d.jpg
clothing,men,accessories,watches,x,clothing-men-accessories-watches,20230708-819-baur,de/clothing-men-accessories-watches.html,https://baur.de/p/apple-smartwatch-armband-45mm-loop-1-tlg/AKLBB1505396374?Page=L1&nav-c=2532&sku=2386963293#nav-i=59&ref=mba&nav-p=L1&relevantProduct=false,https://bilder.baur.de/i/empiriecom/c14170639907b78b3dcebf5270416afb.jpg
clothing,men,accessories,watches,x,clothing-men-accessories-watches,20230708-793-baur,de/clothing-men-accessories-watches.html,https://baur.de/p/smarty-2-0-smartwatch-smarty-2-0-sw028f01b-set-2-tlg-mit-dazu-passenden-earpods/AKLBB1732672005?Page=L1&nav-c=2532&sku=8656513592#nav-i=37&ref=mba&nav-p=L1&relevantProduct=false,https://bilder.baur.de/i/empiriecom/0481799ae6d050c2d28c2ea8a3275454.jpg
clothing,men,accessories,watches,x,clothing-men-accessories-watches,20230708-768-baur,de/clothing-men-accessories-watches.html,https://baur.de/p/huawei-smartwatch-watch-gt3-se-runner-se/AKLBB1689169230?Page=L1&nav-c=2532&sku=1215594575#nav-i=24&ref=mba&nav-p=L1&relevantProduct=false,https://bilder.baur.de/i/empiriecom/1f2ffc7dda8ec92d3cc623514bb8e74e.jpg
clothing,men,accessories,watches,x,clothing-men-accessories-watches,20230708-767-baur,de/clothing-men-accessories-watches.html,https://baur.de/p/endurance-fitnessband-in-unterschiedlichen-staerken/AKLBB1734935258?Page=L1&nav-c=2532&sku=4072851793#nav-i=60&ref=mba&nav-p=L1&relevantProduct=false,https://bilder.baur.de/i/empiriecom/d2818cc43ede568ad2aea705695195d4.jpg
clothing,men,accessories,watches,x,clothing-men-accessories-watches,20230708-722-baur,de/clothing-men-accessories-watches.html,https://baur.de/p/huawei-smartwatch-watch-d-blutdruckmessung-und-ekg-analyse/AKLBB1689169234?Page=L1&nav-c=2532&sku=6504415560#nav-i=32&ref=mba&nav-p=L1&relevantProduct=false,https://bilder.baur.de/i/empiriecom/40f457431aa668737677bffef7318bb4.jpg
clothing,men,accessories,watches,x,clothing-men-accessories-watches,20230708-702-baur,de/clothing-men-accessories-watches.html,https://baur.de/p/denver-smartwatch-sw-181/AKLBB1529727880?Page=L1&nav-c=2532&sku=3407682343#nav-i=2&ref=mba&nav-p=L1&relevantProduct=false,https://bilder.baur.de/i/empiriecom/27ff0d8b46d8464f32b0855f2c0d80c0.jpg
clothing,men,accessories,watches,x,clothing-men-accessories-watches,20230708-699-baur,de/clothing-men-accessories-watches.html,https://baur.de/p/diesel-digitaluhr-crusher-dz2164set-set-2-tlg-mit-wechselband/AKLBB1676473138?Page=L1&nav-c=2532&sku=7978136011#nav-i=17&ref=mba&nav-p=L1&relevantProduct=false,https://bilder.baur.de/i/empiriecom/23db3df23f7a42e0b1776b5219de1ea3.jpg
clothing,men,accessories,watches,x,clothing-men-accessories-watches,20230708-657-baur,de/clothing-men-accessories-watches.html,https://baur.de/p/polar-smartwatch-ignite-2-gps-fitnessuhr-groesse-s-l/AKLBB1392782169?Page=L1&nav-c=2532&sku=7488686092#nav-i=23&ref=mba&nav-p=L1&relevantProduct=false,https://bilder.baur.de/i/empiriecom/cf1e045596b205dab404b2f8187d4b90.jpg
clothing,men,accessories,watches,x,clothing-men-accessories-watches,20230708-621-baur,de/clothing-men-accessories-watches.html,https://baur.de/p/samsung-smartwatch-galaxy-watch-4-44mm-bt-fitness-uhr-fitness-tracker-gesundheitsfunktionen/AKLBB1462629141?Page=L1&nav-c=2532&sku=5428093871#nav-i=68&ref=mba&nav-p=L1&relevantProduct=false,https://bilder.baur.de/i/empiriecom/40e523345dcaa1e4a2585706f8d5f0f2.jpg
clothing,men,accessories,watches,x,clothing-men-accessories-watches,20230708-616-baur,de/clothing-men-accessories-watches.html,https://baur.de/p/denver-smartwatch-sw-351/AKLBB1585311478?Page=L1&nav-c=2532&sku=3873960330#nav-i=8&ref=mba&nav-p=L1&relevantProduct=false,https://bilder.baur.de/i/empiriecom/23c39a0fe0f6fdc4022edceb7c430f28.jpg
clothing,men,accessories,watches,x,clothing-men-accessories-watches,20230708-601-baur,de/clothing-men-accessories-watches.html,https://baur.de/p/huawei-smartwatch-watch-ultimate/AKLBB1728016785?Page=L1&nav-c=2532&sku=9915732830#nav-i=30&ref=mba&nav-p=L1&relevantProduct=false,https://bilder.baur.de/i/empiriecom/8c20bd3025750c81fce22776ab133a96.jpg
clothing,men,accessories,watches,x,clothing-men-accessories-watches,20230708-587-baur,de/clothing-men-accessories-watches.html,https://baur.de/p/reflex-active-smartwatch-ra05-2132/AKLBB1718504218?Page=L1&nav-c=2532&sku=9797183647#nav-i=53&ref=mba&nav-p=L1&relevantProduct=false,https://bilder.baur.de/i/empiriecom/ebe25e87eda3c3ed2a4fe2ed98acfd3c.jpg
clothing,men,accessories,watches,x,clothing-men-accessories-watches,20230708-583-baur,de/clothing-men-accessories-watches.html,https://baur.de/p/garmin-smartwatch-venu-2s-25-vorinstallierten-sport-apps/AKLBB1381823118?Page=L1&nav-c=2532&sku=7603024036#nav-i=16&ref=mba&nav-p=L1&relevantProduct=false,https://bilder.baur.de/i/empiriecom/85fe9ae82295bff9e6d55bbab23253ce.jpg
clothing,men,accessories,watches,x,clothing-men-accessories-watches,20230708-546-baur,de/clothing-men-accessories-watches.html,https://baur.de/p/citizen-chronograph-ca0797-84e/AKLBB1591784118?Page=L1&nav-c=2532&sku=9000601975#nav-i=52&ref=mba&nav-p=L1&relevantProduct=false,https://bilder.baur.de/i/empiriecom/9b36580b83a3bb27424fbef0c9963e69.jpg
clothing,men,accessories,watches,x,clothing-men-accessories-watches,20230708-544-baur,de/clothing-men-accessories-watches.html,https://baur.de/p/apple-smartwatch-watch-nike-se-gps-cellular-40mm/AKLBB1503516576?Page=L1&nav-c=2532&sku=6215292390#nav-i=4&ref=mba&nav-p=L1&relevantProduct=false,https://bilder.baur.de/i/empiriecom/8b1d240a12712295a2549350df6c1269.jpg
clothing,men,accessories,watches,x,clothing-men-accessories-watches,20230708-519-baur,de/clothing-men-accessories-watches.html,https://baur.de/p/fitbit-by-google-smartwatch-luxe/AKLBB1381738402?Page=L1&nav-c=2532&sku=2633280875#nav-i=7&ref=mba&nav-p=L1&relevantProduct=false,https://bilder.baur.de/i/empiriecom/dbf9fba5091356cdbbb83f54b95b4beb.jpg
clothing,men,accessories,watches,x,clothing-men-accessories-watches,20230708-503-baur,de/clothing-men-accessories-watches.html,https://baur.de/p/lorus-automatikuhr-rl409bx9/AKLBB1667145592?Page=L1&nav-c=2532&sku=3625225154#nav-i=40&ref=mba&nav-p=L1&relevantProduct=false,https://bilder.baur.de/i/empiriecom/eca7e4280212f1c02c624fd27b37b5c7.jpg
clothing,men,accessories,watches,x,clothing-men-accessories-watches,20230708-495-baur,de/clothing-men-accessories-watches.html,https://baur.de/p/samsung-smartwatch-galaxy-watch-4-40mm-bt-fitness-uhr-fitness-tracker-gesundheitsfunktionen/AKLBB1462629082?Page=L1&nav-c=2532&sku=8140562155#nav-i=11&ref=mba&nav-p=L1&relevantProduct=false,https://bilder.baur.de/i/empiriecom/210a39da9ead0c9bfb172d271e17f414.jpg
clothing,men,accessories,watches,x,clothing-men-accessories-watches,20230708-495-baur,de/clothing-men-accessories-watches.html,https://baur.de/p/smarty-2-0-smartwatch-sw036c/AKLBB1640785521?Page=L1&nav-c=2532&sku=4504002742#nav-i=33&ref=mba&nav-p=L1&relevantProduct=false,https://bilder.baur.de/i/empiriecom/1db7f49836d5bc024bc4651076b733aa.jpg
clothing,men,accessories,watches,x,clothing-men-accessories-watches,20230708-494-baur,de/clothing-men-accessories-watches.html,https://baur.de/p/lorus-quarzuhr-rrx70hx9/AKLBB1667144737?Page=L1&nav-c=2532&sku=4608133991#nav-i=63&ref=mba&nav-p=L1&relevantProduct=false,https://bilder.baur.de/i/empiriecom/b5db9e13c37d4ae9531c06654f7113a6.jpg
clothing,men,accessories,watches,x,clothing-men-accessories-watches,20230708-478-baur,de/clothing-men-accessories-watches.html,https://baur.de/p/garmin-smartwatch-fenix-7-solar/AKLBB1579941478?Page=L1&nav-c=2532&sku=4175392567#nav-i=38&ref=mba&nav-p=L1&relevantProduct=false,https://bilder.baur.de/i/empiriecom/c589d8bc4b1aa299dab1aefc8fcc5110.jpg
clothing,men,accessories,watches,x,clothing-men-accessories-watches,20230708-437-baur,de/clothing-men-accessories-watches.html,https://baur.de/p/tommy-hilfiger-multifunktionsuhr-max-1791974/AKLBB1558563184?Page=L1&nav-c=2532&sku=6355171814#nav-i=69&ref=mba&nav-p=L1&relevantProduct=false,https://bilder.baur.de/i/empiriecom/fe40cff7f3131d07072cb28c735ad1a1.jpg
clothing,men,accessories,watches,x,clothing-men-accessories-watches,20230708-424-baur,de/clothing-men-accessories-watches.html,https://baur.de/p/samsung-smartwatch-galaxy-watch-4-classic-42mm-bt-fitness-uhr-fitness-tracker-gesundheitsfunktionen/AKLBB1462629124?Page=L1&nav-c=2532&sku=7569504929#nav-i=70&ref=mba&nav-p=L1&relevantProduct=false,https://bilder.baur.de/i/empiriecom/85078634b444710894843e2b043459e2.jpg
clothing,men,accessories,watches,x,clothing-men-accessories-watches,20230708-412-baur,de/clothing-men-accessories-watches.html,https://baur.de/p/samsung-smartwatch-galaxy-watch-4-classic-46mm-lte-fitness-uhr-fitness-tracker-gesundheitsfunktionen/AKLBB1462629065?Page=L1&nav-c=2532&sku=2953500386#nav-i=15&ref=mba&nav-p=L1&relevantProduct=false,https://bilder.baur.de/i/empiriecom/26198391717dfcbd00db0d808736b3c7.jpg
clothing,men,accessories,watches,x,clothing-men-accessories-watches,20230708-387-baur,de/clothing-men-accessories-watches.html,https://baur.de/p/tommy-hilfiger-multifunktionsuhr-owen-1791969/AKLBB1558563070?Page=L1&nav-c=2532&sku=1131314447#nav-i=34&ref=mba&nav-p=L1&relevantProduct=false,https://bilder.baur.de/i/empiriecom/cde1c6b02f7813cacbb6cf36dc98071c.jpg
clothing,men,accessories,watches,x,clothing-men-accessories-watches,20230708-381-baur,de/clothing-men-accessories-watches.html,https://baur.de/p/denver-smartwatch-bfh-19/AKLBB1381738806?Page=L1&nav-c=2532&sku=7097870824#nav-i=1&ref=mba&nav-p=L1&relevantProduct=false,https://bilder.baur.de/i/empiriecom/fd4441f19fc48402252a41331488f281.jpg
clothing,men,accessories,watches,x,clothing-men-accessories-watches,20230708-380-baur,de/clothing-men-accessories-watches.html,https://baur.de/p/garmin-smartwatch-fenix-7s-solar/AKLBB1579941518?Page=L1&nav-c=2532&sku=8697444670#nav-i=66&ref=mba&nav-p=L1&relevantProduct=false,https://bilder.baur.de/i/empiriecom/896c79d8f19f7a2784783b01ce16e096.jpg
clothing,men,accessories,watches,x,clothing-men-accessories-watches,20230708-380-baur,de/clothing-men-accessories-watches.html,https://baur.de/p/police-multifunktionsuhr-norwood-pewjf2226801-seta-set-2-tlg-mit-schmuckarmband/AKLBB1681380936?Page=L1&nav-c=2532&sku=3222632085#nav-i=71&ref=mba&nav-p=L1&relevantProduct=false,https://bilder.baur.de/i/empiriecom/4dbe9eb1fd284a61066a1e5d900e6b85.jpg
clothing,men,accessories,watches,x,clothing-men-accessories-watches,20230708-361-baur,de/clothing-men-accessories-watches.html,https://baur.de/p/regent-quarzuhr-11160249-1840-41-99/AKLBB1703915521?Page=L1&nav-c=2532&sku=8228426023#nav-i=57&ref=mba&nav-p=L1&relevantProduct=false,https://bilder.baur.de/i/empiriecom/a53f8efdb25002e9a0433885f908db61.jpg
clothing,men,accessories,watches,x,clothing-men-accessories-watches,20230708-356-baur,de/clothing-men-accessories-watches.html,https://baur.de/p/garmin-smartwatch-fenix-7s/AKLBB1579941496?Page=L1&nav-c=2532&sku=1473865664#nav-i=45&ref=mba&nav-p=L1&relevantProduct=false,https://bilder.baur.de/i/empiriecom/45cf89284a9c4ccc538f80aa9340c46a.jpg
clothing,men,accessories,watches,x,clothing-men-accessories-watches,20230708-347-baur,de/clothing-men-accessories-watches.html,https://baur.de/p/garmin-smartwatch-instinct-2-solar-tactical-edition/AKLBB1579082861?Page=L1&nav-c=2532&sku=1795676937#nav-i=46&ref=mba&nav-p=L1&relevantProduct=false,https://bilder.baur.de/i/empiriecom/5d1c853ef54d4dfac3c88ebb5e6ab759.jpg
clothing,men,accessories,watches,x,clothing-men-accessories-watches,20230708-296-baur,de/clothing-men-accessories-watches.html,https://baur.de/p/garmin-smartwatch-fenix-7/AKLBB1579941487?Page=L1&nav-c=2532&sku=3498373514#nav-i=36&ref=mba&nav-p=L1&relevantProduct=false,https://bilder.baur.de/i/empiriecom/b60638d4157e4287c3f2f7c4a95eb8b9.jpg
clothing,men,accessories,watches,x,clothing-men-accessories-watches,20230708-291-baur,de/clothing-men-accessories-watches.html,https://baur.de/p/emporio-armani-chronograph-ar80062set-set-2-tlg-mit-armband/AKLBB1649254175?Page=L1&nav-c=2532&sku=4245574445#nav-i=22&ref=mba&nav-p=L1&relevantProduct=false,https://bilder.baur.de/i/empiriecom/3d784c55a83482bca34f6a31f558d52d.jpg
clothing,men,accessories,watches,x,clothing-men-accessories-watches,20230708-285-baur,de/clothing-men-accessories-watches.html,https://baur.de/p/technaxx-smartwatch-tx-sw7hr/AKLBB1561678808?Page=L1&nav-c=2532&sku=4208294797#nav-i=3&ref=mba&nav-p=L1&relevantProduct=false,https://bilder.baur.de/i/empiriecom/0a6a70c681cff6824af8a27e61f9d0e3.jpg
clothing,men,accessories,watches,x,clothing-men-accessories-watches,20230708-260-baur,de/clothing-men-accessories-watches.html,https://baur.de/p/ett-funkuhr-basic-zugband-egs-11187-11m/AKLBB1715948069?Page=L1&nav-c=2532&sku=4939795271#nav-i=26&ref=mba&nav-p=L1&relevantProduct=false,https://bilder.baur.de/i/empiriecom/155584ca1e140864f88ec0efba2ff03f.jpg
clothing,men,accessories,watches,x,clothing-men-accessories-watches,20230708-249-baur,de/clothing-men-accessories-watches.html,https://baur.de/p/garmin-smartwatch-venu-2-plus-1-tlg/AKLBB1568822132?Page=L1&nav-c=2532&sku=6977710744#nav-i=41&ref=mba&nav-p=L1&relevantProduct=false,https://bilder.baur.de/i/empiriecom/af458f0a34ed3156a52c6d83ea2b8361.jpg
clothing,men,accessories,watches,x,clothing-men-accessories-watches,20230708-240-baur,de/clothing-men-accessories-watches.html,https://baur.de/p/xiaomi-smartwatch-redmi-watch-3-ivory/AKLBB1729012179?Page=L1&nav-c=2532&sku=3424022582#nav-i=44&ref=mba&nav-p=L1&relevantProduct=false,https://bilder.baur.de/i/empiriecom/93e24990d3067d739d70e94c3bc488af.jpg
clothing,men,accessories,watches,x,clothing-men-accessories-watches,20230708-235-baur,de/clothing-men-accessories-watches.html,https://baur.de/p/tommy-hilfiger-multifunktionsuhr-sport-1792030/AKLBB1680319216?Page=L1&nav-c=2532&sku=8809903847#nav-i=51&ref=mba&nav-p=L1&relevantProduct=false,https://bilder.baur.de/i/empiriecom/036e68e7c515b2588664e6028a1d3620.jpg
clothing,men,accessories,watches,x,clothing-men-accessories-watches,20230708-221-baur,de/clothing-men-accessories-watches.html,https://baur.de/p/denver-smartwatch-sw-164/AKLBB1381739204?Page=L1&nav-c=2532&sku=3116230036#nav-i=13&ref=mba&nav-p=L1&relevantProduct=false,https://bilder.baur.de/i/empiriecom/8c983d2ab90213f9dd613f40e3fad835.jpg
clothing,men,accessories,watches,x,clothing-men-accessories-watches,20230708-220-baur,de/clothing-men-accessories-watches.html,https://baur.de/p/huawei-smartwatch-watch-gt3-3-jahre-herstellergarantie/AKLBB1518332481?Page=L1&nav-c=2532&sku=6278751071#nav-i=25&ref=mba&nav-p=L1&relevantProduct=false,https://bilder.baur.de/i/empiriecom/f699ce5df3b8e25b936e3ed8d9ee70ee.jpg
clothing,men,accessories,watches,x,clothing-men-accessories-watches,20230708-189-baur,de/clothing-men-accessories-watches.html,https://baur.de/p/apple-smartwatch-armband-41mm-loop-1-tlg/AKLBB1505396073?Page=L1&nav-c=2532&sku=1400190646#nav-i=48&ref=mba&nav-p=L1&relevantProduct=false,https://bilder.baur.de/i/empiriecom/0477fa003c6d2c95cb8536ed06f105f9.jpg
clothing,men,accessories,watches,x,clothing-men-accessories-watches,20230708-165-baur,de/clothing-men-accessories-watches.html,https://baur.de/p/smarty-2-0-smartwatch-sw032b-set-2-tlg-mit-wechselband/AKLBB1640785389?Page=L1&nav-c=2532&sku=7061736035#nav-i=49&ref=mba&nav-p=L1&relevantProduct=false,https://bilder.baur.de/i/empiriecom/6f7b3caf154a6dbbf5ae98fc4c2b6890.jpg
clothing,men,accessories,watches,x,clothing-men-accessories-watches,20230708-159-baur,de/clothing-men-accessories-watches.html,https://baur.de/p/huawei-smartwatch-watch-gt3-3-jahre-herstellergarantie/AKLBB1518346978?Page=L1&nav-c=2532&sku=6350285772#nav-i=12&ref=mba&nav-p=L1&relevantProduct=false,https://bilder.baur.de/i/empiriecom/fd3bd7e59be1b5a2f0ac3971175d6e6a.jpg
clothing,men,accessories,watches,x,clothing-men-accessories-watches,20230708-130-baur,de/clothing-men-accessories-watches.html,https://baur.de/p/reflex-active-smartwatch-ra05-2130/AKLBB1718504209?Page=L1&nav-c=2532&sku=3381704488#nav-i=58&ref=mba&nav-p=L1&relevantProduct=false,https://bilder.baur.de/i/empiriecom/4d05525057a1b38bf57c36d4f9ecdde1.jpg
