clothing,women,dresses,party,x,clothing-women-dresses-party,20230711-608-baur,de/clothing-women-dresses-party.html,https://baur.de/p/lipsy-cocktailkleid-mit-pailetten/AKLBB1652035401?nav-c=272&rl=1&sku=4225175191#nav-i=36&ref=mba&nav-p=P1&relevantProduct=false,https://bilder.baur.de/i/empiriecom/05e8c8ae50756bdf15ced57c47106478.jpg
clothing,women,dresses,party,x,clothing-women-dresses-party,20230711-413-baur,de/clothing-women-dresses-party.html,https://baur.de/p/sheego-cocktailkleid-grosse-groessen-mit-asymetrischem-cape/AKLBB1641006418?nav-c=272&rl=1&sku=4341311086#nav-i=14&ref=mba&nav-p=P1&relevantProduct=false,https://bilder.baur.de/i/empiriecom/911a7ee86ebe2326f54fed5d93b26f96.jpg
clothing,women,dresses,party,x,clothing-women-dresses-party,20230711-314-baur,de/clothing-women-dresses-party.html,https://baur.de/p/sheego-cocktailkleid-grosse-groessen-im-layerlook-mit-pailletten/AKLBB1641161254?nav-c=272&rl=1&sku=5328844363#nav-i=10&ref=mba&nav-p=P1&relevantProduct=false,https://bilder.baur.de/i/empiriecom/2d16346ce0a5319f8e0a9ecbae4ca318.jpg
clothing,women,dresses,party,x,clothing-women-dresses-party,20230710-743-baur,de/clothing-women-dresses-party.html,https://baur.de/p/melrose-partykleid-mit-spitzen-applikation/AKLBB1612765423?nav-c=272&rl=1&sku=8356800128#nav-i=35&ref=mba&nav-p=P1&relevantProduct=false,https://bilder.baur.de/i/empiriecom/fe2faf5324fa98b479d03b43c140aaa6.jpg
clothing,women,dresses,party,x,clothing-women-dresses-party,20230710-511-baur,de/clothing-women-dresses-party.html,https://baur.de/p/laura-scott-cocktailkleid/AKLBB940490098?nav-c=272&rl=1&sku=3718426954#nav-i=20&ref=mba&nav-p=P1&relevantProduct=false,https://bilder.baur.de/i/empiriecom/ae62891e45537fdea6be952484cb7cef.jpg
clothing,women,dresses,party,x,clothing-women-dresses-party,20230709-944-baur,de/clothing-women-dresses-party.html,https://baur.de/p/sheego-cocktailkleid-grosse-groessen-aus-feiner-georgette-qualitaet/AKLBB1663638599?nav-c=272&rl=1&sku=1324266199#nav-i=20&ref=mba&nav-p=P1&relevantProduct=false,https://bilder.baur.de/i/empiriecom/c816544fa636c0490ab64f9fb440f5da.jpg
clothing,women,dresses,party,x,clothing-women-dresses-party,20230709-932-baur,de/clothing-women-dresses-party.html,https://baur.de/p/sheego-cocktailkleid-grosse-groessen-in-maxi-laenge/AKLBB1641152852?nav-c=272&rl=1&sku=5876991739#nav-i=26&ref=mba&nav-p=P1&relevantProduct=false,https://bilder.baur.de/i/empiriecom/3e233f310a9bc7d535b531941d1e4d7b.jpg
clothing,women,dresses,party,x,clothing-women-dresses-party,20230709-905-baur,de/clothing-women-dresses-party.html,https://baur.de/p/sheego-cocktailkleid-grosse-groessen-aus-floraler-spitze-blickdicht-gefuettert/AKLBB1728057870?nav-c=272&rl=1&sku=9723112593#nav-i=17&ref=mba&nav-p=P1&relevantProduct=false,https://bilder.baur.de/i/empiriecom/6c34e2375aea01d76ae5704f72bf6592.jpg
clothing,women,dresses,party,x,clothing-women-dresses-party,20230709-832-baur,de/clothing-women-dresses-party.html,https://baur.de/p/sheego-cocktailkleid-grosse-groessen-mit-guertel-und-reverskragen/AKLBB1728378625?nav-c=272&rl=1&sku=6433431693#nav-i=22&ref=mba&nav-p=P1&relevantProduct=false,https://bilder.baur.de/i/empiriecom/6ad388eb78a652dc87e85e7e851f6b0d.jpg
clothing,women,dresses,party,x,clothing-women-dresses-party,20230709-815-baur,de/clothing-women-dresses-party.html,https://baur.de/p/sheego-cocktailkleid-grosse-groessen-im-lagenlook/AKLBB1641182156?nav-c=272&rl=1&sku=2249536063#nav-i=15&ref=mba&nav-p=P1&relevantProduct=false,https://bilder.baur.de/i/empiriecom/8bde12b2bb7c3da95d4c8465bb25ecd8.jpg
clothing,women,dresses,party,x,clothing-women-dresses-party,20230709-798-baur,de/clothing-women-dresses-party.html,https://baur.de/p/sheego-by-joe-browns-cocktailkleid-grosse-groessen-in-leichter-a-linie-aus-viskose-jersey/AKLBB1641030891?nav-c=272&rl=1&sku=1110213146#nav-i=14&ref=mba&nav-p=P1&relevantProduct=false,https://bilder.baur.de/i/empiriecom/c0edf473328686f1c5d9af1fbc463745.jpg
clothing,women,dresses,party,x,clothing-women-dresses-party,20230709-798-baur,de/clothing-women-dresses-party.html,https://baur.de/p/sheego-cocktailkleid-grosse-groessen-im-lagenlook-mit-pailletten-oberteil/AKLBB1679333920?nav-c=272&rl=1&sku=2205452093#nav-i=19&ref=mba&nav-p=P1&relevantProduct=false,https://bilder.baur.de/i/empiriecom/3ff1455da8ac9dd4d5e0ea5d208c9ca0.jpg
clothing,women,dresses,party,x,clothing-women-dresses-party,20230709-760-baur,de/clothing-women-dresses-party.html,https://baur.de/p/sheego-cocktailkleid-grosse-groessen-in-weiter-a-linie/AKLBB1641060512?nav-c=272&rl=1&sku=1674192742#nav-i=18&ref=mba&nav-p=P1&relevantProduct=false,https://bilder.baur.de/i/empiriecom/2e9909219be8222b1740e8266644e4ee.jpg
clothing,women,dresses,party,x,clothing-women-dresses-party,20230709-754-baur,de/clothing-women-dresses-party.html,https://baur.de/p/aniston-selected-partykleid/AKLBB919559274?nav-c=272&rl=1&sku=3262982628#nav-i=2&ref=mba&nav-p=P1&relevantProduct=false,https://bilder.baur.de/i/empiriecom/1f36fe4d149ff28d704c8d354fc95bd4.jpg
clothing,women,dresses,party,x,clothing-women-dresses-party,20230709-754-baur,de/clothing-women-dresses-party.html,https://baur.de/p/sheego-cocktailkleid-grosse-groessen-im-lagenlook-aus-samtartigem-chiffon/AKLBB1640955720?nav-c=272&rl=1&sku=3510344268#nav-i=25&ref=mba&nav-p=P1&relevantProduct=false,https://bilder.baur.de/i/empiriecom/4e68d4c646e268483e36624bff2d5c44.jpg
clothing,women,dresses,party,x,clothing-women-dresses-party,20230709-740-baur,de/clothing-women-dresses-party.html,https://baur.de/p/sheego-cocktailkleid-grosse-groessen-im-oversized-look/AKLBB1640981042?nav-c=272&rl=1&sku=6804043299#nav-i=21&ref=mba&nav-p=P1&relevantProduct=false,https://bilder.baur.de/i/empiriecom/49d05080f480800d8faf58c5e4139065.jpg
clothing,women,dresses,party,x,clothing-women-dresses-party,20230709-728-baur,de/clothing-women-dresses-party.html,https://baur.de/p/sheego-partykleid-grosse-groessen-in-figurumspielender-passform/AKLBB1641132511?nav-c=272&rl=1&sku=1739694699#nav-i=9&ref=mba&nav-p=P1&relevantProduct=false,https://bilder.baur.de/i/empiriecom/9c365f9ad3945aae2735f0d1b585f380.jpg
clothing,women,dresses,party,x,clothing-women-dresses-party,20230709-716-baur,de/clothing-women-dresses-party.html,https://baur.de/p/boss-orange-paillettenkleid-esilca-10239887-01-mit-schulterpolstern/AKLBB1658130094?nav-c=272&rl=1&sku=9587830491#nav-i=30&ref=mba&nav-p=P1&relevantProduct=false,https://bilder.baur.de/i/empiriecom/3325772ebc74e8a444021b48a8e7a2d8.jpg
clothing,women,dresses,party,x,clothing-women-dresses-party,20230709-685-baur,de/clothing-women-dresses-party.html,https://baur.de/p/sheego-cocktailkleid-grosse-groessen-im-layerlook-mit-pailletten/AKLBB1641161254?nav-c=272&rl=1&sku=1553363093#nav-i=12&ref=mba&nav-p=P1&relevantProduct=false,https://bilder.baur.de/i/empiriecom/1401b501462d5f0482574a7955209132.jpg
clothing,women,dresses,party,x,clothing-women-dresses-party,20230709-661-baur,de/clothing-women-dresses-party.html,https://baur.de/p/sheego-cocktailkleid-grosse-groessen-im-layerlook-aus-chiffon-und-viskose/AKLBB1640961934?nav-c=272&rl=1&sku=8575380516#nav-i=11&ref=mba&nav-p=P1&relevantProduct=false,https://bilder.baur.de/i/empiriecom/c32f7e14d66a04e4e9df119d2e39b1ed.jpg
clothing,women,dresses,party,x,clothing-women-dresses-party,20230709-647-baur,de/clothing-women-dresses-party.html,https://baur.de/p/patrizia-dini-by-heine-cocktailkleid-cocktailkleid/AKLBB1324935724?nav-c=272&rl=1&sku=3070992474#nav-i=1&ref=mba&nav-p=P1&relevantProduct=false,https://bilder.baur.de/i/empiriecom/0279210796041a5367f390f0bae5dd9c.jpg
clothing,women,dresses,party,x,clothing-women-dresses-party,20230709-585-baur,de/clothing-women-dresses-party.html,https://baur.de/p/sheego-cocktailkleid-grosse-groessen-mit-blumendruck/AKLBB1641034701?nav-c=272&rl=1&sku=3164405117#nav-i=13&ref=mba&nav-p=P1&relevantProduct=false,https://bilder.baur.de/i/empiriecom/372d9d7440c49e2be697490da2d36a4c.jpg
clothing,women,dresses,party,x,clothing-women-dresses-party,20230709-548-baur,de/clothing-women-dresses-party.html,https://baur.de/p/sheego-cocktailkleid-grosse-groessen-mit-tiefem-ausschnitt-hinten/AKLBB1641138385?nav-c=272&rl=1&sku=5580802291#nav-i=27&ref=mba&nav-p=P1&relevantProduct=false,https://bilder.baur.de/i/empiriecom/5c5de397a676fa3c18388715a44a7dd3.jpg
clothing,women,dresses,party,x,clothing-women-dresses-party,20230709-521-baur,de/clothing-women-dresses-party.html,https://baur.de/p/sheego-by-joe-browns-cocktailkleid-grosse-groessen-mit-bubikragen-und-stoffguertel/AKLBB1641137991?nav-c=272&rl=1&sku=9772362415#nav-i=8&ref=mba&nav-p=P1&relevantProduct=false,https://bilder.baur.de/i/empiriecom/c784cf11748778e9f79474428f534d1c.jpg
clothing,women,dresses,party,x,clothing-women-dresses-party,20230709-501-baur,de/clothing-women-dresses-party.html,https://baur.de/p/lady-druckkleid-druck-kleid/AKLBB1550563299?nav-c=272&rl=1&sku=3443556014#nav-i=6&ref=mba&nav-p=P1&relevantProduct=false,https://bilder.baur.de/i/empiriecom/7bf99e14222b1cf85e3f952088275865.jpg
clothing,women,dresses,party,x,clothing-women-dresses-party,20230709-447-baur,de/clothing-women-dresses-party.html,https://baur.de/p/select-by-hermann-lange-cocktailkleid-mit-eleganter-spitze/AKLBB1600407294?nav-c=272&rl=1&sku=4291223535#nav-i=31&ref=mba&nav-p=P1&relevantProduct=false,https://bilder.baur.de/i/empiriecom/4560c91cbc0e44d7ceb57d593a6b9d36.jpg
clothing,women,dresses,party,x,clothing-women-dresses-party,20230709-389-baur,de/clothing-women-dresses-party.html,https://baur.de/p/tommy-jeans-partykleid-tjw-clubbing-aop-midi-dress-mit-asymmetrischem-saum-gerafftem-dekollete/AKLBB1629552156?nav-c=272&rl=1&sku=8439055328#nav-i=23&ref=mba&nav-p=P1&relevantProduct=false,https://bilder.baur.de/i/empiriecom/704e78e9ce163f250436b9650e298d38.jpg
clothing,women,dresses,party,x,clothing-women-dresses-party,20230709-353-baur,de/clothing-women-dresses-party.html,https://baur.de/p/sheego-cocktailkleid-grosse-groessen-mit-asymetrischem-cape/AKLBB1641006418?nav-c=272&rl=1&sku=4598675379#nav-i=10&ref=mba&nav-p=P1&relevantProduct=false,https://bilder.baur.de/i/empiriecom/1aab1613ebd96f3d42e2b6b047338551.jpg
clothing,women,dresses,party,x,clothing-women-dresses-party,20230709-349-baur,de/clothing-women-dresses-party.html,https://baur.de/p/heine-cocktailkleid-cocktailkleid/AKLBB1359658574?nav-c=272&rl=1&sku=8476946610#nav-i=3&ref=mba&nav-p=P1&relevantProduct=false,https://bilder.baur.de/i/empiriecom/dbac8f4453efb034ddc31bfc823f18bb.jpg
clothing,women,dresses,party,x,clothing-women-dresses-party,20230709-256-baur,de/clothing-women-dresses-party.html,https://baur.de/p/esprit-collection-paillettenkleid-in-figurumschmeichelnder-leichter-a-linien-form/AKLBB1633117329?nav-c=272&rl=1&sku=4507885929#nav-i=33&ref=mba&nav-p=P1&relevantProduct=false,https://bilder.baur.de/i/empiriecom/199cae38dfa9de921516ed3b9691ded9.jpg
clothing,women,dresses,party,x,clothing-women-dresses-party,20230709-224-baur,de/clothing-women-dresses-party.html,https://baur.de/p/sheego-cocktailkleid-grosse-groessen-mit-zipfelsaum/AKLBB1640910711?nav-c=272&rl=1&sku=2938275677#nav-i=28&ref=mba&nav-p=P1&relevantProduct=false,https://bilder.baur.de/i/empiriecom/5ae2ee10b66cf806a6e5a9af8a2074d0.jpg
clothing,women,dresses,party,x,clothing-women-dresses-party,20230709-222-baur,de/clothing-women-dresses-party.html,https://baur.de/p/cocktailkleid/AKLBB1324917848?nav-c=272&rl=1&sku=2156370684#nav-i=5&ref=mba&nav-p=P1&relevantProduct=false,https://bilder.baur.de/i/empiriecom/aa6ad0f9cc208a82085d2cbb5910ad90.jpg
clothing,women,dresses,party,x,clothing-women-dresses-party,20230709-221-baur,de/clothing-women-dresses-party.html,https://baur.de/p/heine-cocktailkleid-cocktailkleid/AKLBB1359657839?nav-c=272&rl=1&sku=9689346023#nav-i=7&ref=mba&nav-p=P1&relevantProduct=false,https://bilder.baur.de/i/empiriecom/71a1f5653be024bd9dd854237b148324.jpg
clothing,women,dresses,party,x,clothing-women-dresses-party,20230709-180-baur,de/clothing-women-dresses-party.html,https://baur.de/p/sheego-cocktailkleid-grosse-groessen-in-bahnenform/AKLBB1641123585?nav-c=272&rl=1&sku=9262070038#nav-i=16&ref=mba&nav-p=P1&relevantProduct=false,https://bilder.baur.de/i/empiriecom/1b4a25692a0467304a8159253a9287f3.jpg
clothing,women,dresses,party,x,clothing-women-dresses-party,20230709-168-baur,de/clothing-women-dresses-party.html,https://baur.de/p/sheego-cocktailkleid-grosse-groessen-mit-spitze-und-pailletten/AKLBB1641148746?nav-c=272&rl=1&sku=8216951342#nav-i=4&ref=mba&nav-p=P1&relevantProduct=false,https://bilder.baur.de/i/empiriecom/f676f1bacae2dc2a2cdbd82834ec651d.jpg
clothing,women,dresses,party,x,clothing-women-dresses-party,20230709-162-baur,de/clothing-women-dresses-party.html,https://baur.de/p/sheego-by-joe-browns-partykleid-grosse-groessen-in-weicher-samtoptik-mit-glitterdruck/AKLBB1689847372?nav-c=272&rl=1&sku=6701452393#nav-i=24&ref=mba&nav-p=P1&relevantProduct=false,https://bilder.baur.de/i/empiriecom/5752255ea5aaed125f479340b938f62c.jpg
clothing,women,dresses,party,x,clothing-women-dresses-party,20230709-137-baur,de/clothing-women-dresses-party.html,https://baur.de/p/sheego-cocktailkleid-grosse-groessen-in-leichtem-oversized-look/AKLBB1640967498?nav-c=272&rl=1&sku=1816250499#nav-i=29&ref=mba&nav-p=P1&relevantProduct=false,https://bilder.baur.de/i/empiriecom/2943767c55b371ee311e9c31defebb85.jpg
clothing,women,dresses,party,x,clothing-women-dresses-party,20230709-106-baur,de/clothing-women-dresses-party.html,https://baur.de/p/sheego-partykleid-grosse-groessen-in-glaenzender-edler-pannesamt-qualitaet/AKLBB1640902726?nav-c=272&rl=1&sku=7939640154#nav-i=32&ref=mba&nav-p=P1&relevantProduct=false,https://bilder.baur.de/i/empiriecom/710ad83ad201961a486e13b40cda58b4.jpg
