clothing,men,coats,x,x,clothing-men-coats,20230711-765-baur,de/clothing-men-coats.html,https://baur.de/p/tom-tailor-wollmantel/AKLBB1583680554?nav-c=2107&sku=6360845287#nav-i=48&ref=mba&nav-p=P1&relevantProduct=false,https://bilder.baur.de/i/empiriecom/b00acb438b5b50646bce65b7d2ffa756.jpg
clothing,men,coats,x,x,clothing-men-coats,20230711-692-baur,de/clothing-men-coats.html,https://baur.de/p/khujo-kurzmantel-khujo-mantel-simion-mit-innenliegendem-stehkragen-und-kapuze/AKLBB1423951465?nav-c=2107&sku=9552500793#nav-i=38&ref=mba&nav-p=P1&relevantProduct=false,https://bilder.baur.de/i/empiriecom/4b2fb65014c8c358a73c411d26af3e01.jpg
clothing,men,coats,x,x,clothing-men-coats,20230711-435-baur,de/clothing-men-coats.html,https://baur.de/p/stone-harbour-wintermantel-ragaan-modischer-herren-winterparka-mit-teddyfell-futter/AKLBB1529777795?nav-c=2107&sku=5496476493#nav-i=42&ref=mba&nav-p=P1&relevantProduct=false,https://bilder.baur.de/i/empiriecom/afc884f880a6845167402f87842a1eb0.jpg
clothing,men,coats,x,x,clothing-men-coats,20230709-836-baur,de/clothing-men-coats.html,https://baur.de/p/stone-harbour-wintermantel-ragaan-modischer-herren-winterparka-mit-teddyfell-futter/AKLBB1529777795?nav-c=2107&sku=5859660187#nav-i=42&ref=mba&nav-p=P1&relevantProduct=false,https://bilder.baur.de/i/empiriecom/12c265bfdb30032a20186267b4c44486.jpg
clothing,men,coats,x,x,clothing-men-coats,20230709-753-baur,de/clothing-men-coats.html,https://baur.de/p/redbridge-kurzmantel-bromwich-mit-aussergewoehnlicher-struktur/AKLBB1619808455?nav-c=2107&sku=6179723399#nav-i=54&ref=mba&nav-p=P1&relevantProduct=false,https://bilder.baur.de/i/empiriecom/aac297778a259aed56ba0467e51dc8d1.jpg
clothing,men,coats,x,x,clothing-men-coats,20230709-134-baur,de/clothing-men-coats.html,https://baur.de/p/bugatti-wintermantel-extra-warm-gefuettert/AKLBB1667975952?nav-c=2107&sku=4151405499#nav-i=29&ref=mba&nav-p=P1&relevantProduct=false,https://bilder.baur.de/i/empiriecom/c3aeb4517092be068154c344e31c9132.jpg
clothing,men,coats,x,x,clothing-men-coats,20230708-989-baur,de/clothing-men-coats.html,https://baur.de/p/cipo-baxx-steppmantel-mit-abnehmbarer-kapuze/AKLBB1570241557?nav-c=2107&sku=2951521799#nav-i=26&ref=mba&nav-p=P1&relevantProduct=false,https://bilder.baur.de/i/empiriecom/0fbf617205e616b044c5afaebd6bd9b3.jpg
clothing,men,coats,x,x,clothing-men-coats,20230708-969-baur,de/clothing-men-coats.html,https://baur.de/p/weis-kurzmantel-dresden-b-mit-herausnehmbarem-windfang/AKLBB1254210084?nav-c=2107&sku=5868482399#nav-i=11&ref=mba&nav-p=P1&relevantProduct=false,https://bilder.baur.de/i/empiriecom/d32c9d958e59103f9a98e4d2c5417d05.jpg
clothing,men,coats,x,x,clothing-men-coats,20230708-939-baur,de/clothing-men-coats.html,https://baur.de/p/cinque-kurzmantel-ciscore/AKLBB1683987083?nav-c=2107&sku=5860746798#nav-i=4&ref=mba&nav-p=P1&relevantProduct=false,https://bilder.baur.de/i/empiriecom/d3a9bbd77559a6a044c16adee81c69b4.jpg
clothing,men,coats,x,x,clothing-men-coats,20230708-904-baur,de/clothing-men-coats.html,https://baur.de/p/bugatti-wintermantel-warm-gefuettert/AKLBB1679644780?nav-c=2107&sku=1905956099#nav-i=42&ref=mba&nav-p=P1&relevantProduct=false,https://bilder.baur.de/i/empiriecom/29fb15f381beef1bfdd47b7b375ad4d3.jpg
clothing,men,coats,x,x,clothing-men-coats,20230708-888-baur,de/clothing-men-coats.html,https://baur.de/p/bugatti-kurzmantel-mit-stehkragen/AKLBB1730977225?nav-c=2107&sku=9355376199#nav-i=23&ref=mba&nav-p=P1&relevantProduct=false,https://bilder.baur.de/i/empiriecom/81cb5cf7899fa268b66a065dcc99c69f.jpg
clothing,men,coats,x,x,clothing-men-coats,20230708-875-baur,de/clothing-men-coats.html,https://baur.de/p/bugatti-wollmantel-mit-stehkragen/AKLBB1667975993?nav-c=2107&sku=8607453193#nav-i=50&ref=mba&nav-p=P1&relevantProduct=false,https://bilder.baur.de/i/empiriecom/af3ae310b95d8ae47dd462709f5b4779.jpg
clothing,men,coats,x,x,clothing-men-coats,20230708-862-baur,de/clothing-men-coats.html,https://baur.de/p/tom-tailor-wollmantel/AKLBB1583680554?nav-c=2107&sku=4733366620#nav-i=47&ref=mba&nav-p=P1&relevantProduct=false,https://bilder.baur.de/i/empiriecom/e86ac50e3bbaa01f36efb3c7664b3c17.jpg
clothing,men,coats,x,x,clothing-men-coats,20230708-854-baur,de/clothing-men-coats.html,https://baur.de/p/gulliver-kurzmantel-mit-geradem-schnitt/AKLBB1719569412?nav-c=2107&sku=5160202093#nav-i=37&ref=mba&nav-p=P1&relevantProduct=false,https://bilder.baur.de/i/empiriecom/63b7b99f687a2c6fdc5f86096a55b363.jpg
clothing,men,coats,x,x,clothing-men-coats,20230708-825-baur,de/clothing-men-coats.html,https://baur.de/p/jcc-ledermantel-3102097ecom/AKLBB1637656466?nav-c=2107&sku=2576000599#nav-i=30&ref=mba&nav-p=P1&relevantProduct=false,https://bilder.baur.de/i/empiriecom/2238108779324c93a073f9375234aeaa.jpg
clothing,men,coats,x,x,clothing-men-coats,20230708-825-baur,de/clothing-men-coats.html,https://baur.de/p/khujo-kurzmantel-khujo-mantel-simion-mit-innenliegendem-stehkragen-und-kapuze/AKLBB1423951465?nav-c=2107&sku=7472186893#nav-i=36&ref=mba&nav-p=P1&relevantProduct=false,https://bilder.baur.de/i/empiriecom/b0e07c1ea51e995061f22ce3d90fe0a9.jpg
clothing,men,coats,x,x,clothing-men-coats,20230708-823-baur,de/clothing-men-coats.html,https://baur.de/p/bugatti-wintermantel-mit-hohem-kaschmiranteil/AKLBB1681530493?nav-c=2107&sku=9632854899#nav-i=54&ref=mba&nav-p=P1&relevantProduct=false,https://bilder.baur.de/i/empiriecom/b876c5dce6f65bc6397e80a0ca92202e.jpg
clothing,men,coats,x,x,clothing-men-coats,20230708-821-baur,de/clothing-men-coats.html,https://baur.de/p/bugatti-wintermantel-extra-warm-gefuettert/AKLBB1667975952?nav-c=2107&sku=5633542293#nav-i=31&ref=mba&nav-p=P1&relevantProduct=false,https://bilder.baur.de/i/empiriecom/2f315331624b1200d172dd5a65ee5b1e.jpg
clothing,men,coats,x,x,clothing-men-coats,20230708-820-baur,de/clothing-men-coats.html,https://baur.de/p/weis-kurzmantel-koeln-im-coolen-camel-look/AKLBB1229968573?nav-c=2107&sku=6098190099#nav-i=17&ref=mba&nav-p=P1&relevantProduct=false,https://bilder.baur.de/i/empiriecom/e42e6522799ee55f20493bd783810899.jpg
clothing,men,coats,x,x,clothing-men-coats,20230708-793-baur,de/clothing-men-coats.html,https://baur.de/p/bugatti-dufflecoat-mit-hohem-wollanteil/AKLBB1687962420?nav-c=2107&sku=7960781699#nav-i=39&ref=mba&nav-p=P1&relevantProduct=false,https://bilder.baur.de/i/empiriecom/2ef093e9d68faba96409ba5c6378deef.jpg
clothing,men,coats,x,x,clothing-men-coats,20230708-793-baur,de/clothing-men-coats.html,https://baur.de/p/redbridge-kurzmantel-bromwich-mit-aussergewoehnlicher-struktur/AKLBB1619808455?nav-c=2107&sku=4264505999#nav-i=57&ref=mba&nav-p=P1&relevantProduct=false,https://bilder.baur.de/i/empiriecom/bdb64a61d9a01e5a72cb5828f44ece6a.jpg
clothing,men,coats,x,x,clothing-men-coats,20230708-783-baur,de/clothing-men-coats.html,https://baur.de/p/stone-harbour-wintermantel-ragaan-modischer-herren-winterparka-mit-teddyfell-futter/AKLBB1529777795?nav-c=2107&sku=1775596899#nav-i=45&ref=mba&nav-p=P1&relevantProduct=false,https://bilder.baur.de/i/empiriecom/1e2c1d147309c1e476e3cd2ae58d2b57.jpg
clothing,men,coats,x,x,clothing-men-coats,20230708-774-baur,de/clothing-men-coats.html,https://baur.de/p/jack-wolfskin-wintermantel-winterlager-atmungsaktiv-waermend-winddicht-wasserdicht/AKLBB1543805537?nav-c=2107&sku=9331520487#nav-i=33&ref=mba&nav-p=P1&relevantProduct=false,https://bilder.baur.de/i/empiriecom/f04851ae635024e904265601fe371296.jpg
clothing,men,coats,x,x,clothing-men-coats,20230708-773-baur,de/clothing-men-coats.html,https://baur.de/p/sos-steppmantel-vars-mit-wasserabweisender-funktion/AKLBB1698482179?nav-c=2107&sku=3084193893#nav-i=16&ref=mba&nav-p=P1&relevantProduct=false,https://bilder.baur.de/i/empiriecom/df0fe7c1774c77e01c8dc7e26be762f0.jpg
clothing,men,coats,x,x,clothing-men-coats,20230708-770-baur,de/clothing-men-coats.html,https://baur.de/p/cinque-trenchcoat-cipage/AKLBB1683987200?nav-c=2107&sku=6063026165#nav-i=21&ref=mba&nav-p=P1&relevantProduct=false,https://bilder.baur.de/i/empiriecom/4af4efc0ce34037dadc5b2d4164bbf5e.jpg
clothing,men,coats,x,x,clothing-men-coats,20230708-728-baur,de/clothing-men-coats.html,https://baur.de/p/bugatti-kurzmantel-aus-der-respect-nature-serie/AKLBB1526512732?nav-c=2107&sku=3040974399#nav-i=58&ref=mba&nav-p=P1&relevantProduct=false,https://bilder.baur.de/i/empiriecom/167ca3f5c47a31fc97dd68e0bca4c220.jpg
clothing,men,coats,x,x,clothing-men-coats,20230708-718-baur,de/clothing-men-coats.html,https://baur.de/p/cinque-kurzmantel-cipage/AKLBB1705782181?nav-c=2107&sku=2853973988#nav-i=15&ref=mba&nav-p=P1&relevantProduct=false,https://bilder.baur.de/i/empiriecom/268c6dfc8601a7a82617a143ce20542d.jpg
clothing,men,coats,x,x,clothing-men-coats,20230708-694-baur,de/clothing-men-coats.html,https://baur.de/p/redbridge-kurzmantel-in-elegantem-design/AKLBB1355561730?nav-c=2107&sku=9481982699#nav-i=3&ref=mba&nav-p=P1&relevantProduct=false,https://bilder.baur.de/i/empiriecom/b8d28a2191e7d06a9d0219cc74546304.jpg
clothing,men,coats,x,x,clothing-men-coats,20230708-689-baur,de/clothing-men-coats.html,https://baur.de/p/bugatti-kurzmantel-im-modern-fit/AKLBB1476458478?nav-c=2107&sku=4939191099#nav-i=48&ref=mba&nav-p=P1&relevantProduct=false,https://bilder.baur.de/i/empiriecom/71588d135ecaca80ad45a0d806442d57.jpg
clothing,men,coats,x,x,clothing-men-coats,20230708-656-baur,de/clothing-men-coats.html,https://baur.de/p/khujo-kurzmantel-khujo-mantel-york/AKLBB1730088138?nav-c=2107&sku=6857785093#nav-i=13&ref=mba&nav-p=P1&relevantProduct=false,https://bilder.baur.de/i/empiriecom/a3d6c936cfbb5a2eeabdadd7257c4506.jpg
clothing,men,coats,x,x,clothing-men-coats,20230708-656-baur,de/clothing-men-coats.html,https://baur.de/p/bugatti-wintermantel-inklusive-waermendem-westeneinsatz/AKLBB1667976030?nav-c=2107&sku=9555316793#nav-i=55&ref=mba&nav-p=P1&relevantProduct=false,https://bilder.baur.de/i/empiriecom/aa7e413705ac7f413fe656c9888a6b21.jpg
clothing,men,coats,x,x,clothing-men-coats,20230708-631-baur,de/clothing-men-coats.html,https://baur.de/p/bugatti-wollmantel-mit-doppelter-knopfleiste/AKLBB1687974173?nav-c=2107&sku=5684162499#nav-i=12&ref=mba&nav-p=P1&relevantProduct=false,https://bilder.baur.de/i/empiriecom/c129a50fd33db063dfa36281ca00520a.jpg
clothing,men,coats,x,x,clothing-men-coats,20230708-619-baur,de/clothing-men-coats.html,https://baur.de/p/khujo-regenmantel-khujo-mantel-tiber2/AKLBB1732661278?nav-c=2107&sku=3171735493#nav-i=56&ref=mba&nav-p=P1&relevantProduct=false,https://bilder.baur.de/i/empiriecom/a5f02599e3e1fe20c9ead54b3eead87a.jpg
clothing,men,coats,x,x,clothing-men-coats,20230708-593-baur,de/clothing-men-coats.html,https://baur.de/p/cipo-baxx-steppmantel-in-tollem-stepp-design/AKLBB1527615151?nav-c=2107&sku=3814222599#nav-i=34&ref=mba&nav-p=P1&relevantProduct=false,https://bilder.baur.de/i/empiriecom/4b974c399fa525d3cb236f358c2175f5.jpg
clothing,men,coats,x,x,clothing-men-coats,20230708-588-baur,de/clothing-men-coats.html,https://baur.de/p/bugatti-kurzmantel-mit-hoher-bewegungsfreiheit/AKLBB1521825096?nav-c=2107&sku=4723915599#nav-i=60&ref=mba&nav-p=P1&relevantProduct=false,https://bilder.baur.de/i/empiriecom/0c23d58c7e131a793bea0b5ca186b612.jpg
clothing,men,coats,x,x,clothing-men-coats,20230708-584-baur,de/clothing-men-coats.html,https://baur.de/p/bugatti-kurzmantel-aus-recycletem-jersey-oberstoff/AKLBB1461405052?nav-c=2107&sku=8634552399#nav-i=41&ref=mba&nav-p=P1&relevantProduct=false,https://bilder.baur.de/i/empiriecom/0d6a0b594c5a3f132b066f3591a43257.jpg
clothing,men,coats,x,x,clothing-men-coats,20230708-544-baur,de/clothing-men-coats.html,https://baur.de/p/cipo-baxx-kurzmantel/AKLBB1174399905?nav-c=2107&sku=8255985799#nav-i=18&ref=mba&nav-p=P1&relevantProduct=false,https://bilder.baur.de/i/empiriecom/22a8520508e416968c0b085e5f65971d.jpg
clothing,men,coats,x,x,clothing-men-coats,20230708-534-baur,de/clothing-men-coats.html,https://baur.de/p/lerros-wintermantel-lerros-mantel-in-2-tone-optik/AKLBB1715391137?nav-c=2107&sku=9273815099#nav-i=27&ref=mba&nav-p=P1&relevantProduct=false,https://bilder.baur.de/i/empiriecom/ea1325dcdef8fc951bc2046c31041925.jpg
clothing,men,coats,x,x,clothing-men-coats,20230708-525-baur,de/clothing-men-coats.html,https://baur.de/p/stone-harbour-regenmantel-verdaan-regenparka-mit-fleece-innenfutter-und-extralangen-aermeln/AKLBB1704474937?nav-c=2107&sku=7844984593#nav-i=24&ref=mba&nav-p=P1&relevantProduct=false,https://bilder.baur.de/i/empiriecom/ae16ebc5ce18dec516731e414a502db4.jpg
clothing,men,coats,x,x,clothing-men-coats,20230708-494-baur,de/clothing-men-coats.html,https://baur.de/p/white-bros-wollmantel-rostock-mit-waermender-kapuze/AKLBB1261985173?nav-c=2107&sku=4520754499#nav-i=59&ref=mba&nav-p=P1&relevantProduct=false,https://bilder.baur.de/i/empiriecom/fefa83782b47d2addcba97b333730a27.jpg
clothing,men,coats,x,x,clothing-men-coats,20230708-480-baur,de/clothing-men-coats.html,https://baur.de/p/bugatti-kurzmantel-in-moderner-optik/AKLBB1719638697?nav-c=2107&sku=3880506199#nav-i=35&ref=mba&nav-p=P1&relevantProduct=false,https://bilder.baur.de/i/empiriecom/873c27fdc3576a44df1a8c12a7e16da9.jpg
clothing,men,coats,x,x,clothing-men-coats,20230708-477-baur,de/clothing-men-coats.html,https://baur.de/p/gulliver-steppmantel-mit-glaenzender-oberflaeche/AKLBB1719587187?nav-c=2107&sku=2977230593#nav-i=28&ref=mba&nav-p=P1&relevantProduct=false,https://bilder.baur.de/i/empiriecom/4053f084e43b48a4c2610ba8d655de61.jpg
clothing,men,coats,x,x,clothing-men-coats,20230708-441-baur,de/clothing-men-coats.html,https://baur.de/p/bugatti-wintermantel-mit-rueckenschlitz/AKLBB1678211074?nav-c=2107&sku=8529330099#nav-i=43&ref=mba&nav-p=P1&relevantProduct=false,https://bilder.baur.de/i/empiriecom/ee6a37f442a1173f71e97674a88c470a.jpg
clothing,men,coats,x,x,clothing-men-coats,20230708-436-baur,de/clothing-men-coats.html,https://baur.de/p/cinque-trenchcoat-ciwales-h/AKLBB1683987259?nav-c=2107&sku=7856523167#nav-i=10&ref=mba&nav-p=P1&relevantProduct=false,https://bilder.baur.de/i/empiriecom/6a59ba2e6addb24eeefda7386813bc5e.jpg
clothing,men,coats,x,x,clothing-men-coats,20230708-432-baur,de/clothing-men-coats.html,https://baur.de/p/jcc-ledermantel-cielo/AKLBB1637647198?nav-c=2107&sku=6232492399#nav-i=14&ref=mba&nav-p=P1&relevantProduct=false,https://bilder.baur.de/i/empiriecom/6149c1611a4675250d5c33c229b93553.jpg
clothing,men,coats,x,x,clothing-men-coats,20230708-406-baur,de/clothing-men-coats.html,https://baur.de/p/redbridge-kurzmantel-cannock-mit-herausnehmbaren-kragen-innenteil/AKLBB1619808915?nav-c=2107&sku=8188375799#nav-i=1&ref=mba&nav-p=P1&relevantProduct=false,https://bilder.baur.de/i/empiriecom/107f7e255ef9d1973297ee8c40fd9237.jpg
clothing,men,coats,x,x,clothing-men-coats,20230708-387-baur,de/clothing-men-coats.html,https://baur.de/p/bugatti-kurzmantel-im-klassischen-design/AKLBB1729618668?nav-c=2107&sku=2088462399#nav-i=29&ref=mba&nav-p=P1&relevantProduct=false,https://bilder.baur.de/i/empiriecom/e6e28f42f4eeefb17c07c664e79ca743.jpg
clothing,men,coats,x,x,clothing-men-coats,20230708-359-baur,de/clothing-men-coats.html,https://baur.de/p/stone-harbour-regenmantel-tamio-herren-regenjacke-mit-extralangen-aermeln/AKLBB1704474628?nav-c=2107&sku=5281854393#nav-i=5&ref=mba&nav-p=P1&relevantProduct=false,https://bilder.baur.de/i/empiriecom/180a0cec2e10d20f5877d52fa7ceb007.jpg
clothing,men,coats,x,x,clothing-men-coats,20230708-332-baur,de/clothing-men-coats.html,https://baur.de/p/redbridge-kurzmantel-tynemouth-mit-integrierter-sweat-kapuze/AKLBB1617229604?nav-c=2107&sku=8838056499#nav-i=22&ref=mba&nav-p=P1&relevantProduct=false,https://bilder.baur.de/i/empiriecom/0134884edc46d84b817b617886bd1d1f.jpg
clothing,men,coats,x,x,clothing-men-coats,20230708-302-baur,de/clothing-men-coats.html,https://baur.de/p/lerros-wintermantel-lerros-mantel-mit-kapuze/AKLBB1695123333?nav-c=2107&sku=6809214099#nav-i=32&ref=mba&nav-p=P1&relevantProduct=false,https://bilder.baur.de/i/empiriecom/1ba448d034c28b7569105e1dcefa4d76.jpg
clothing,men,coats,x,x,clothing-men-coats,20230708-301-baur,de/clothing-men-coats.html,https://baur.de/p/freaky-nation-kurzmantel-outstanding-fn/AKLBB1646737210?nav-c=2107&sku=7559215599#nav-i=44&ref=mba&nav-p=P1&relevantProduct=false,https://bilder.baur.de/i/empiriecom/6189bc57cc45c6a72b925e0a23ff1fd3.jpg
clothing,men,coats,x,x,clothing-men-coats,20230708-300-baur,de/clothing-men-coats.html,https://baur.de/p/g-i-g-a-dx-by-killtec-steppmantel-gw-46-mn-qltd-prk/AKLBB1462809556?nav-c=2107&sku=1231944699#nav-i=40&ref=mba&nav-p=P1&relevantProduct=false,https://bilder.baur.de/i/empiriecom/04448f815071ad52bc10aff1124607a7.jpg
clothing,men,coats,x,x,clothing-men-coats,20230708-282-baur,de/clothing-men-coats.html,https://baur.de/p/gulliver-kurzmantel-mit-abnehmbarem-einsatz/AKLBB1719573152?nav-c=2107&sku=7259940493#nav-i=20&ref=mba&nav-p=P1&relevantProduct=false,https://bilder.baur.de/i/empiriecom/ad928496a206d7aa36704a3fca669e3e.jpg
clothing,men,coats,x,x,clothing-men-coats,20230708-278-baur,de/clothing-men-coats.html,https://baur.de/p/cinque-trenchcoat-ciscale/AKLBB1683987318?nav-c=2107&sku=9594902884#nav-i=2&ref=mba&nav-p=P1&relevantProduct=false,https://bilder.baur.de/i/empiriecom/29d0f19304b10e866c63147570e17c54.jpg
clothing,men,coats,x,x,clothing-men-coats,20230708-218-baur,de/clothing-men-coats.html,https://baur.de/p/redbridge-kurzmantel-coventry-mit-integrierter-weste/AKLBB1350524318?nav-c=2107&sku=4137376599#nav-i=7&ref=mba&nav-p=P1&relevantProduct=false,https://bilder.baur.de/i/empiriecom/9456ad0981f1314e295116c3d1fccf98.jpg
clothing,men,coats,x,x,clothing-men-coats,20230708-181-baur,de/clothing-men-coats.html,https://baur.de/p/bugatti-kurzmantel-mit-abnehmbarer-kapuze/AKLBB1526512611?nav-c=2107&sku=8658135399#nav-i=52&ref=mba&nav-p=P1&relevantProduct=false,https://bilder.baur.de/i/empiriecom/4d0e0cb9f8af1319aa0615411f7ea338.jpg
clothing,men,coats,x,x,clothing-men-coats,20230708-162-baur,de/clothing-men-coats.html,https://baur.de/p/lerros-wintermantel-lerros-mantel-in-klassischer-fischgrat-optik/AKLBB1713050070?nav-c=2107&sku=4425840399#nav-i=49&ref=mba&nav-p=P1&relevantProduct=false,https://bilder.baur.de/i/empiriecom/fc4070fbcda3725b6ee546f375ba3473.jpg
clothing,men,coats,x,x,clothing-men-coats,20230708-143-baur,de/clothing-men-coats.html,https://baur.de/p/marikoo-wintermantel-irukoo-stylischer-winterparka-in-woll-optik-mit-kapuze/AKLBB993985121?nav-c=2107&sku=6796743199#nav-i=51&ref=mba&nav-p=P1&relevantProduct=false,https://bilder.baur.de/i/empiriecom/21cb6221c7640c53828636bdb5d2a605.jpg
clothing,men,coats,x,x,clothing-men-coats,20230708-141-baur,de/clothing-men-coats.html,https://baur.de/p/redbridge-kurzmantel-bradford-mit-kurzem-stehkragen/AKLBB1350767820?nav-c=2107&sku=2845463299#nav-i=6&ref=mba&nav-p=P1&relevantProduct=false,https://bilder.baur.de/i/empiriecom/f027620c18f59d111c9cbe6d30ea329b.jpg
clothing,men,coats,x,x,clothing-men-coats,20230708-137-baur,de/clothing-men-coats.html,https://baur.de/p/lerros-wintermantel-lerros-mantel-in-structure-mix/AKLBB1715389522?nav-c=2107&sku=5291460599#nav-i=25&ref=mba&nav-p=P1&relevantProduct=false,https://bilder.baur.de/i/empiriecom/d4524d4b1be61d6b927b9eb85ed9b76a.jpg
clothing,men,coats,x,x,clothing-men-coats,20230708-133-baur,de/clothing-men-coats.html,https://baur.de/p/bugatti-kurzmantel-mit-melierter-optik/AKLBB1499939308?nav-c=2107&sku=9545562999#nav-i=53&ref=mba&nav-p=P1&relevantProduct=false,https://bilder.baur.de/i/empiriecom/2b932465df19993a351e0cd60f831122.jpg
clothing,men,coats,x,x,clothing-men-coats,20230708-126-baur,de/clothing-men-coats.html,https://baur.de/p/bugatti-wollmantel-mit-stehkragen/AKLBB1686819982?nav-c=2107&sku=4533823299#nav-i=9&ref=mba&nav-p=P1&relevantProduct=false,https://bilder.baur.de/i/empiriecom/71dffd11860467f1eaf1e5d5b17a2405.jpg
clothing,men,coats,x,x,clothing-men-coats,20230708-102-baur,de/clothing-men-coats.html,https://baur.de/p/bugatti-kurzmantel-mit-der-flexcity-ausstattung/AKLBB1475939643?nav-c=2107&sku=6948036999#nav-i=46&ref=mba&nav-p=P1&relevantProduct=false,https://bilder.baur.de/i/empiriecom/8297caabba274ec106fdd804d93e151b.jpg
