clothing,girls,sport,x,x,clothing-girls-sport,20230711-859-baur,de/clothing-girls-sport.html,https://baur.de/p/puma-jogginganzug-fuer-kinder-packung/AKLBB1543784850?Page=L1&nav-c=3259&sku=2744404573#nav-i=64&ref=mba&nav-p=L1&relevantProduct=false,https://bilder.baur.de/i/empiriecom/959c0469638640e41912699bb3903e9c.jpg
clothing,girls,sport,x,x,clothing-girls-sport,20230711-282-baur,de/clothing-girls-sport.html,https://baur.de/p/adidas-sportswear-t-shirt-essentials-big-logo-cotton/AKLBB1632802433?Page=L1&nav-c=3259&sku=2037596426#nav-i=37&ref=mba&nav-p=L1&relevantProduct=false,https://bilder.baur.de/i/empiriecom/3c545e76ee2b94cfb51733b0825875e7.jpg
clothing,girls,sport,x,x,clothing-girls-sport,20230711-279-baur,de/clothing-girls-sport.html,https://baur.de/p/puma-jogginganzug-jogginganzug-mit-kapuze-maedchen/AKLBB1769499773?Page=L1&nav-c=3259&sku=5395365993#nav-i=20&ref=mba&nav-p=L1&relevantProduct=false,https://bilder.baur.de/i/empiriecom/da67f5c12de3abc85513cc2cd1838899.jpg
clothing,girls,sport,x,x,clothing-girls-sport,20230711-194-baur,de/clothing-girls-sport.html,https://baur.de/p/adidas-sportswear-t-shirt-future-icons-3-streifen/AKLBB1632794477?Page=L1&nav-c=3259&sku=5505433267#nav-i=58&ref=mba&nav-p=L1&relevantProduct=false,https://bilder.baur.de/i/empiriecom/224d188ba862208e589dcc7dc0483a79.jpg
clothing,girls,sport,x,x,clothing-girls-sport,20230711-170-baur,de/clothing-girls-sport.html,https://baur.de/p/adidas-sportswear-t-shirt-essentials-3-streifen-cotton-loose-fit-boyfriend/AKLBB1632797924?Page=L1&nav-c=3259&sku=2181913827#nav-i=28&ref=mba&nav-p=L1&relevantProduct=false,https://bilder.baur.de/i/empiriecom/b397da162a5c654e38a0a74f3de8998d.jpg
clothing,girls,sport,x,x,clothing-girls-sport,20230710-880-baur,de/clothing-girls-sport.html,https://baur.de/p/puma-jogginganzug-mercedes-amg-petronas-motorsport-trainingshose-kinder/AKLBB1769504733?Page=L1&nav-c=3259&sku=4456215093#nav-i=57&ref=mba&nav-p=L1&relevantProduct=false,https://bilder.baur.de/i/empiriecom/399e0430e7dd06b01d94feee99f992e1.jpg
clothing,girls,sport,x,x,clothing-girls-sport,20230710-482-baur,de/clothing-girls-sport.html,https://baur.de/p/puma-trainingsanzug-manchester-city-f-c-home-mini-kit-kinder-unisex/AKLBB1753941892?Page=L1&nav-c=3259&sku=8630036893#nav-i=70&ref=mba&nav-p=L1&relevantProduct=false,https://bilder.baur.de/i/empiriecom/a37b3c0c6508b3c30d09d9cac81458c7.jpg
clothing,girls,sport,x,x,clothing-girls-sport,20230709-945-baur,de/clothing-girls-sport.html,https://baur.de/p/champion-sweatshirt-classic-hooded-sweatshirt-large-logo-fuer-kinder/AKLBB1688646611?Page=L1&nav-c=3259&sku=5763723829#nav-i=28&ref=mba&nav-p=L1&relevantProduct=false,https://bilder.baur.de/i/empiriecom/f70b6605d67c750d11eabcf30604071c.jpg
clothing,girls,sport,x,x,clothing-girls-sport,20230709-841-baur,de/clothing-girls-sport.html,https://baur.de/p/puma-jogginganzug-essentials-minicats-jogginganzug-mit-rundhalsausschnitt-kinder/AKLBB1769150877?Page=L1&nav-c=3259&sku=4011486393#nav-i=38&ref=mba&nav-p=L1&relevantProduct=false,https://bilder.baur.de/i/empiriecom/b03b893e0da4eae832234e656b02f947.jpg
clothing,girls,sport,x,x,clothing-girls-sport,20230709-270-baur,de/clothing-girls-sport.html,https://baur.de/p/adidas-sportswear-shorts-aeroready-techfit-kids-kurze/AKLBB1687872043?Page=L1&nav-c=3259&sku=9668892539#nav-i=33&ref=mba&nav-p=L1&relevantProduct=false,https://bilder.baur.de/i/empiriecom/a7caf2b401dbae9f08b259c5dbcf1f5f.jpg
clothing,girls,sport,x,x,clothing-girls-sport,20230709-257-baur,de/clothing-girls-sport.html,https://baur.de/p/oneill-badeanzug-xeni/AKLBB1485492173?Page=L1&nav-c=3259&sku=7096925764#nav-i=59&ref=mba&nav-p=L1&relevantProduct=false,https://bilder.baur.de/i/empiriecom/ffd163c6f5d6a5da933bd4dda270e951.jpg
clothing,girls,sport,x,x,clothing-girls-sport,20230709-160-baur,de/clothing-girls-sport.html,https://baur.de/p/puma-trainingsanzug-tricot-suit-op-g-2-tlg/AKLBB1687575634?Page=L1&nav-c=3259&sku=2386300589#nav-i=2&ref=mba&nav-p=L1&relevantProduct=false,https://bilder.baur.de/i/empiriecom/6cab302c7bf0502df235598658c5ad4c.jpg
clothing,girls,sport,x,x,clothing-girls-sport,20230708-989-baur,de/clothing-girls-sport.html,https://baur.de/p/bench-leggings/AKLBB508040428?Page=L1&nav-c=3259&sku=85919373#nav-i=23&ref=mba&nav-p=L1&relevantProduct=false,https://bilder.baur.de/i/empiriecom/b5a589e6cd3584565fc80af43c4b2f9c.jpg
clothing,girls,sport,x,x,clothing-girls-sport,20230708-973-baur,de/clothing-girls-sport.html,https://baur.de/p/nike-sportswear-kapuzensweatshirt-nkb-club-fleece-po-hoodie-fuer-kinder/AKLBB1288783642?Page=L1&nav-c=3259&sku=6865765811#nav-i=20&ref=mba&nav-p=L1&relevantProduct=false,https://bilder.baur.de/i/empiriecom/5b2c48f78308a83eadc2ca00b99a73b8.jpg
clothing,girls,sport,x,x,clothing-girls-sport,20230708-943-baur,de/clothing-girls-sport.html,https://baur.de/p/adidas-performance-badeanzug-originals-adicolor-3-streifen-badeanzug/AKLBB1632837397?Page=L1&nav-c=3259&sku=4986326911#nav-i=13&ref=mba&nav-p=L1&relevantProduct=false,https://bilder.baur.de/i/empiriecom/ee4ae206551d9ce8aa56082d37df554b.jpg
clothing,girls,sport,x,x,clothing-girls-sport,20230708-923-baur,de/clothing-girls-sport.html,https://baur.de/p/nike-sportswear-kapuzensweatjacke-nkb-club-fleece-fz-hoodie-fuer-kinder/AKLBB1288778752?Page=L1&nav-c=3259&sku=7482030962#nav-i=52&ref=mba&nav-p=L1&relevantProduct=false,https://bilder.baur.de/i/empiriecom/54fd1df251984d675da91259e5f98cc0.jpg
clothing,girls,sport,x,x,clothing-girls-sport,20230708-883-baur,de/clothing-girls-sport.html,https://baur.de/p/adidas-performance-badeanzug/AKLBB1687873455?Page=L1&nav-c=3259&sku=2158780668#nav-i=15&ref=mba&nav-p=L1&relevantProduct=false,https://bilder.baur.de/i/empiriecom/ecbaedbda7abb1285673ee0c2801afa2.jpg
clothing,girls,sport,x,x,clothing-girls-sport,20230708-882-baur,de/clothing-girls-sport.html,https://baur.de/p/adidas-sportswear-t-shirt-essentials-linear-logo-cotton-slim-fit/AKLBB1632800798?Page=L1&nav-c=3259&sku=6575102997#nav-i=72&ref=mba&nav-p=L1&relevantProduct=false,https://bilder.baur.de/i/empiriecom/02e4091fc449ecdfebdf7f0d23548bb0.jpg
clothing,girls,sport,x,x,clothing-girls-sport,20230708-862-baur,de/clothing-girls-sport.html,https://baur.de/p/adidas-sportswear-trainingsanzug-essentials-3-streifen-2-tlg/AKLBB1632791557?Page=L1&nav-c=3259&sku=7198423588#nav-i=56&ref=mba&nav-p=L1&relevantProduct=false,https://bilder.baur.de/i/empiriecom/bd1b5196c763317fb4ce4a6b01bb1510.jpg
clothing,girls,sport,x,x,clothing-girls-sport,20230708-851-baur,de/clothing-girls-sport.html,https://baur.de/p/adidas-sportswear-trainingsanzug-essentials-big-logo-2-tlg/AKLBB1687875255?Page=L1&nav-c=3259&sku=2706396580#nav-i=2&ref=mba&nav-p=L1&relevantProduct=false,https://bilder.baur.de/i/empiriecom/023eeefeb7dde25a195fc8e7ef82fbbc.jpg
clothing,girls,sport,x,x,clothing-girls-sport,20230708-848-baur,de/clothing-girls-sport.html,https://baur.de/p/adidas-originals-trainingsanzug-adicolor-sst-set-2-tlg/AKLBB1251062370?Page=L1&nav-c=3259&sku=1069766080#nav-i=36&ref=mba&nav-p=L1&relevantProduct=false,https://bilder.baur.de/i/empiriecom/e302312962f914c645d0a3cfdf2114ab.jpg
clothing,girls,sport,x,x,clothing-girls-sport,20230708-847-baur,de/clothing-girls-sport.html,https://baur.de/p/kappa-trainingsanzug-kids-trainingsanzug-ephraim-2-tlg/AKLBB1672421279?Page=L1&nav-c=3259&sku=7208926416#nav-i=64&ref=mba&nav-p=L1&relevantProduct=false,https://bilder.baur.de/i/empiriecom/4d26fe53fd3c2759e5fccc20b06edc13.jpg
clothing,girls,sport,x,x,clothing-girls-sport,20230708-846-baur,de/clothing-girls-sport.html,https://baur.de/p/adidas-sportswear-trainingsanzug-future-icons-2-tlg/AKLBB1632792979?Page=L1&nav-c=3259&sku=6998351997#nav-i=30&ref=mba&nav-p=L1&relevantProduct=false,https://bilder.baur.de/i/empiriecom/106c0e765248e9b5c062057a8125ea7f.jpg
clothing,girls,sport,x,x,clothing-girls-sport,20230708-832-baur,de/clothing-girls-sport.html,https://baur.de/p/adidas-sportswear-trainingsanzug-colorblock-3-streifen-set-2-tlg/AKLBB1632817405?Page=L1&nav-c=3259&sku=7791711735#nav-i=19&ref=mba&nav-p=L1&relevantProduct=false,https://bilder.baur.de/i/empiriecom/e5f758016e58c5126f0548fc0feb5f48.jpg
clothing,girls,sport,x,x,clothing-girls-sport,20230708-745-baur,de/clothing-girls-sport.html,https://baur.de/p/adidas-sportswear-trainingstights-essentials-aeroready-3streifen-highwaisted/AKLBB1632792748?Page=L1&nav-c=3259&sku=7352163912#nav-i=27&ref=mba&nav-p=L1&relevantProduct=false,https://bilder.baur.de/i/empiriecom/d61ed56ac294939de615d24a086ff892.jpg
clothing,girls,sport,x,x,clothing-girls-sport,20230708-742-baur,de/clothing-girls-sport.html,https://baur.de/p/nike-sportswear-sweatshirt-club-fleece-big-kids-girls-crew-sweatshirt/AKLBB1673410269?Page=L1&nav-c=3259&sku=6253175884#nav-i=22&ref=mba&nav-p=L1&relevantProduct=false,https://bilder.baur.de/i/empiriecom/8a709a47a37f5db65120101953c39a40.jpg
clothing,girls,sport,x,x,clothing-girls-sport,20230708-741-baur,de/clothing-girls-sport.html,https://baur.de/p/champion-sneakersocken-packung-6-paar/AKLBB1538144624?Page=L1&nav-c=3259&sku=5799113723#nav-i=65&ref=mba&nav-p=L1&relevantProduct=false,https://bilder.baur.de/i/empiriecom/868eb0f573c99b1eda7689a5f53643bb.jpg
clothing,girls,sport,x,x,clothing-girls-sport,20230708-723-baur,de/clothing-girls-sport.html,https://baur.de/p/whistler-skihose-fandango-mit-praktischen-seitentaschen/AKLBB1630463123?Page=L1&nav-c=3259&sku=3614642499#nav-i=62&ref=mba&nav-p=L1&relevantProduct=false,https://bilder.baur.de/i/empiriecom/609d4688614e23d1bb4dde6e03f3ad4f.jpg
clothing,girls,sport,x,x,clothing-girls-sport,20230708-661-baur,de/clothing-girls-sport.html,https://baur.de/p/nike-sportswear-jogginganzug-club-fleece-set/AKLBB1438747142?Page=L1&nav-c=3259&sku=9550296950#nav-i=5&ref=mba&nav-p=L1&relevantProduct=false,https://bilder.baur.de/i/empiriecom/18b06af458d21c3f7b60d8ab3ec60d74.jpg
clothing,girls,sport,x,x,clothing-girls-sport,20230708-655-baur,de/clothing-girls-sport.html,https://baur.de/p/arizona-leggings/AKLBB376636572?Page=L1&nav-c=3259&sku=44753084#nav-i=54&ref=mba&nav-p=L1&relevantProduct=false,https://bilder.baur.de/i/empiriecom/768cd0057deb570337d1d10f42390a3b.jpg
clothing,girls,sport,x,x,clothing-girls-sport,20230708-649-baur,de/clothing-girls-sport.html,https://baur.de/p/nike-sportswear-sweatshirt-club-futura-crew/AKLBB1399671220?Page=L1&nav-c=3259&sku=7159260676#nav-i=48&ref=mba&nav-p=L1&relevantProduct=false,https://bilder.baur.de/i/empiriecom/12ddc54096010951ab3f173e8dfd0bc6.jpg
clothing,girls,sport,x,x,clothing-girls-sport,20230708-645-baur,de/clothing-girls-sport.html,https://baur.de/p/adidas-originals-trainingsanzug-adicolor-hoodie-2-tlg/AKLBB1251062159?Page=L1&nav-c=3259&sku=9218185228#nav-i=4&ref=mba&nav-p=L1&relevantProduct=false,https://bilder.baur.de/i/empiriecom/36ec32d6bf1e658acb259329f402cad2.jpg
clothing,girls,sport,x,x,clothing-girls-sport,20230708-627-baur,de/clothing-girls-sport.html,https://baur.de/p/buffalo-badeshorts/AKLBB537066944?Page=L1&nav-c=3259&sku=58664392#nav-i=3&ref=mba&nav-p=L1&relevantProduct=false,https://bilder.baur.de/i/empiriecom/43183de9b8f183540b3f7f45cc1efb20.jpg
clothing,girls,sport,x,x,clothing-girls-sport,20230708-613-baur,de/clothing-girls-sport.html,https://baur.de/p/adidas-sportswear-trainingsanzug-tiberio-3streifen-colorblock-kids-2-tlg/AKLBB1687871751?Page=L1&nav-c=3259&sku=4951653085#nav-i=8&ref=mba&nav-p=L1&relevantProduct=false,https://bilder.baur.de/i/empiriecom/fcd3482fcfd75038f9b4844e13710e9e.jpg
clothing,girls,sport,x,x,clothing-girls-sport,20230708-612-baur,de/clothing-girls-sport.html,https://baur.de/p/adidas-sportswear-shirtkleid-brand-love-print-kleid/AKLBB1665574872?Page=L1&nav-c=3259&sku=2563804590#nav-i=42&ref=mba&nav-p=L1&relevantProduct=false,https://bilder.baur.de/i/empiriecom/e5db8653160af2ac6747c24da414da8f.jpg
clothing,girls,sport,x,x,clothing-girls-sport,20230708-599-baur,de/clothing-girls-sport.html,https://baur.de/p/puma-jogginganzug-minicats-ess-trainingsanzug-klein-kinder/AKLBB1769479677?Page=L1&nav-c=3259&sku=7077101093#nav-i=14&ref=mba&nav-p=L1&relevantProduct=false,https://bilder.baur.de/i/empiriecom/9bc8588933cb703514e8f2c4c6611d1d.jpg
clothing,girls,sport,x,x,clothing-girls-sport,20230708-590-baur,de/clothing-girls-sport.html,https://baur.de/p/ziener-radhose-natsu/AKLBB1723227249?Page=L1&nav-c=3259&sku=9169361799#nav-i=50&ref=mba&nav-p=L1&relevantProduct=false,https://bilder.baur.de/i/empiriecom/49b592cf48a1b60c9e9b701d629decc1.jpg
clothing,girls,sport,x,x,clothing-girls-sport,20230708-582-baur,de/clothing-girls-sport.html,https://baur.de/p/kids-only-stoffhose-kogpaige-flared-slit-pant/AKLBB1667334078?Page=L1&nav-c=3259&sku=9254635798#nav-i=63&ref=mba&nav-p=L1&relevantProduct=false,https://bilder.baur.de/i/empiriecom/d0d0068b5bed368a7ce4edbaf37e160d.jpg
clothing,girls,sport,x,x,clothing-girls-sport,20230708-569-baur,de/clothing-girls-sport.html,https://baur.de/p/adidas-sportswear-shorts-train-essentials-aeroready-3streifen-training-biker/AKLBB1632839756?Page=L1&nav-c=3259&sku=4132835336#nav-i=51&ref=mba&nav-p=L1&relevantProduct=false,https://bilder.baur.de/i/empiriecom/215873299d1170b33ec308af83bae1e0.jpg
clothing,girls,sport,x,x,clothing-girls-sport,20230708-504-baur,de/clothing-girls-sport.html,https://baur.de/p/puma-jogginghose-ess-bloom-sweatpants-tr-cl-g/AKLBB1541654709?Page=L1&nav-c=3259&sku=6823670137#nav-i=21&ref=mba&nav-p=L1&relevantProduct=false,https://bilder.baur.de/i/empiriecom/12187ca22690323b9b1aa88588f139b6.jpg
clothing,girls,sport,x,x,clothing-girls-sport,20230708-496-baur,de/clothing-girls-sport.html,https://baur.de/p/adidas-sportswear-sporthose-essentials-linear-logo-hose/AKLBB1632802049?Page=L1&nav-c=3259&sku=9522383118#nav-i=44&ref=mba&nav-p=L1&relevantProduct=false,https://bilder.baur.de/i/empiriecom/c7af9bd758cd2076afc91c0edc9ff8ef.jpg
clothing,girls,sport,x,x,clothing-girls-sport,20230708-492-baur,de/clothing-girls-sport.html,https://baur.de/p/adidas-sportswear-shirtkleid-summerglam-hooded-graphic-kleid/AKLBB1665574652?Page=L1&nav-c=3259&sku=6169591498#nav-i=34&ref=mba&nav-p=L1&relevantProduct=false,https://bilder.baur.de/i/empiriecom/8621e3c242432d1ed7a0f87a304b804a.jpg
clothing,girls,sport,x,x,clothing-girls-sport,20230708-483-baur,de/clothing-girls-sport.html,https://baur.de/p/adidas-sportswear-shorts-essentials-big-logo-cotton/AKLBB1632792297?Page=L1&nav-c=3259&sku=2264824745#nav-i=28&ref=mba&nav-p=L1&relevantProduct=false,https://bilder.baur.de/i/empiriecom/0f2c773f5d5b65892cc1ae10834fb3df.jpg
clothing,girls,sport,x,x,clothing-girls-sport,20230708-483-baur,de/clothing-girls-sport.html,https://baur.de/p/adidas-sportswear-trainingsanzug-essentials-3-streifen-shiny-2-tlg/AKLBB1632802349?Page=L1&nav-c=3259&sku=6552326478#nav-i=41&ref=mba&nav-p=L1&relevantProduct=false,https://bilder.baur.de/i/empiriecom/eab60a3c43df5a22ddef3e92bb58297b.jpg
clothing,girls,sport,x,x,clothing-girls-sport,20230708-479-baur,de/clothing-girls-sport.html,https://baur.de/p/adidas-sportswear-kapuzensweatshirt-essentials-linear-logo-kapuzenjacke/AKLBB1687876805?Page=L1&nav-c=3259&sku=8522332564#nav-i=11&ref=mba&nav-p=L1&relevantProduct=false,https://bilder.baur.de/i/empiriecom/f0f00eac4b8fbdcddfd621ec7837f24a.jpg
clothing,girls,sport,x,x,clothing-girls-sport,20230708-454-baur,de/clothing-girls-sport.html,https://baur.de/p/adidas-sportswear-shorts-essentials-aeroready-3-streifen/AKLBB1632805052?Page=L1&nav-c=3259&sku=5067420180#nav-i=47&ref=mba&nav-p=L1&relevantProduct=false,https://bilder.baur.de/i/empiriecom/574823108788f36bd64bc7e0c6e99296.jpg
clothing,girls,sport,x,x,clothing-girls-sport,20230708-452-baur,de/clothing-girls-sport.html,https://baur.de/p/adidas-sportswear-t-shirt-essentials-3-streifen-cotton-loose-fit-boyfriend/AKLBB1632797924?Page=L1&nav-c=3259&sku=9442452187#nav-i=25&ref=mba&nav-p=L1&relevantProduct=false,https://bilder.baur.de/i/empiriecom/b11ddef4fb210e9472a1b9cb2dc00a5f.jpg
clothing,girls,sport,x,x,clothing-girls-sport,20230708-432-baur,de/clothing-girls-sport.html,https://baur.de/p/puma-trainingsanzug-tricot-suit-op-g-2-tlg/AKLBB1687575634?Page=L1&nav-c=3259&sku=4176762794#nav-i=6&ref=mba&nav-p=L1&relevantProduct=false,https://bilder.baur.de/i/empiriecom/844edfa3367a12da7a27340fd78f7b1b.jpg
clothing,girls,sport,x,x,clothing-girls-sport,20230708-391-baur,de/clothing-girls-sport.html,https://baur.de/p/puma-jogginganzug-minicats-essentials-joggingset-mit-raglanaermeln-kinder/AKLBB1668329971?Page=L1&nav-c=3259&sku=2380135193#nav-i=32&ref=mba&nav-p=L1&relevantProduct=false,https://bilder.baur.de/i/empiriecom/4d00a9ccdb0d0c3a275928deb5dcc2f3.jpg
clothing,girls,sport,x,x,clothing-girls-sport,20230708-379-baur,de/clothing-girls-sport.html,https://baur.de/p/champion-jogginganzug-fuer-kinder/AKLBB1688651716?Page=L1&nav-c=3259&sku=4177442265#nav-i=49&ref=mba&nav-p=L1&relevantProduct=false,https://bilder.baur.de/i/empiriecom/f6e2b3c7c15d422facde3849e1a69a50.jpg
clothing,girls,sport,x,x,clothing-girls-sport,20230708-355-baur,de/clothing-girls-sport.html,https://baur.de/p/adidas-sportswear-trainingsanzug-essentials-logo-fleece-jogginganzug-2-tlg/AKLBB1632821357?Page=L1&nav-c=3259&sku=1046773492#nav-i=33&ref=mba&nav-p=L1&relevantProduct=false,https://bilder.baur.de/i/empiriecom/cd16ae4470a179ba3f6ae13a98e84165.jpg
clothing,girls,sport,x,x,clothing-girls-sport,20230708-353-baur,de/clothing-girls-sport.html,https://baur.de/p/nike-trainingstights-nike-pro-big-kids-girls-3-4-tights/AKLBB1399671255?Page=L1&nav-c=3259&sku=9814072152#nav-i=46&ref=mba&nav-p=L1&relevantProduct=false,https://bilder.baur.de/i/empiriecom/4e10304c93c94bd768f8aed4e409b537.jpg
clothing,girls,sport,x,x,clothing-girls-sport,20230708-344-baur,de/clothing-girls-sport.html,https://baur.de/p/puma-jogginganzug-essentials-minicats-jogginganzug-mit-rundhalsausschnitt-kinder/AKLBB1769150877?Page=L1&nav-c=3259&sku=4816416593#nav-i=31&ref=mba&nav-p=L1&relevantProduct=false,https://bilder.baur.de/i/empiriecom/92e41ae953fe4e56cfc4c464597c1b2c.jpg
clothing,girls,sport,x,x,clothing-girls-sport,20230708-335-baur,de/clothing-girls-sport.html,https://baur.de/p/puma-jogginganzug-hooded-sweat-suit-tr-cl-g/AKLBB1629494870?Page=L1&nav-c=3259&sku=6423666028#nav-i=70&ref=mba&nav-p=L1&relevantProduct=false,https://bilder.baur.de/i/empiriecom/59051fb167f1203495bfdad84e05bdd8.jpg
clothing,girls,sport,x,x,clothing-girls-sport,20230708-317-baur,de/clothing-girls-sport.html,https://baur.de/p/adidas-sportswear-t-shirt-essentials-big-logo-cotton/AKLBB1632802433?Page=L1&nav-c=3259&sku=3084152981#nav-i=39&ref=mba&nav-p=L1&relevantProduct=false,https://bilder.baur.de/i/empiriecom/42688692fd0643b7f84bbf6f8089b468.jpg
clothing,girls,sport,x,x,clothing-girls-sport,20230708-313-baur,de/clothing-girls-sport.html,https://baur.de/p/adidas-sportswear-trainingstights-essentials-linear-logo-cotton/AKLBB1632798702?Page=L1&nav-c=3259&sku=2649075945#nav-i=57&ref=mba&nav-p=L1&relevantProduct=false,https://bilder.baur.de/i/empiriecom/9a57df58eb70ec0e5c378c3bc12245e7.jpg
clothing,girls,sport,x,x,clothing-girls-sport,20230708-272-baur,de/clothing-girls-sport.html,https://baur.de/p/nike-sportswear-jogginganzug-nkb-sueded-fleece-futura-jogg-se/AKLBB1289595997?Page=L1&nav-c=3259&sku=8950483576#nav-i=29&ref=mba&nav-p=L1&relevantProduct=false,https://bilder.baur.de/i/empiriecom/6a5e5032167d7a5317f113de5b03dfe8.jpg
clothing,girls,sport,x,x,clothing-girls-sport,20230708-214-baur,de/clothing-girls-sport.html,https://baur.de/p/puma-jogginganzug-minicats-puma-squad-jogginganzug-kinder/AKLBB1769503063?Page=L1&nav-c=3259&sku=8220504393#nav-i=61&ref=mba&nav-p=L1&relevantProduct=false,https://bilder.baur.de/i/empiriecom/dd599f8b61e676195e633ecc0f216707.jpg
clothing,girls,sport,x,x,clothing-girls-sport,20230708-204-baur,de/clothing-girls-sport.html,https://baur.de/p/adidas-sportswear-sporthose-essentials-3streifen-hose/AKLBB1632803558?Page=L1&nav-c=3259&sku=2806815357#nav-i=12&ref=mba&nav-p=L1&relevantProduct=false,https://bilder.baur.de/i/empiriecom/9aff46e4e7830b4cb9dd340cccebb0a9.jpg
clothing,girls,sport,x,x,clothing-girls-sport,20230708-204-baur,de/clothing-girls-sport.html,https://baur.de/p/killtec-skihose-ksw-58-grls-ski-pnts/AKLBB1507334921?Page=L1&nav-c=3259&sku=7038206799#nav-i=58&ref=mba&nav-p=L1&relevantProduct=false,https://bilder.baur.de/i/empiriecom/102f157076bb77398145feadfb34233b.jpg
clothing,girls,sport,x,x,clothing-girls-sport,20230708-195-baur,de/clothing-girls-sport.html,https://baur.de/p/puma-radlerhose-ess-logo-short-tights-g/AKLBB1660868898?Page=L1&nav-c=3259&sku=7938556872#nav-i=68&ref=mba&nav-p=L1&relevantProduct=false,https://bilder.baur.de/i/empiriecom/5cd3d42913d8a9328bd839d58658c65f.jpg
clothing,girls,sport,x,x,clothing-girls-sport,20230708-184-baur,de/clothing-girls-sport.html,https://baur.de/p/adidas-sportswear-kapuzensweatshirt-essentials-3streifen-fullzip-kapuzenjacke/AKLBB1687874519?Page=L1&nav-c=3259&sku=4822736052#nav-i=69&ref=mba&nav-p=L1&relevantProduct=false,https://bilder.baur.de/i/empiriecom/0f5e55c17bcb6c0f5bda59b4a246d810.jpg
clothing,girls,sport,x,x,clothing-girls-sport,20230708-180-baur,de/clothing-girls-sport.html,https://baur.de/p/adidas-originals-trainingsanzug-adicolor-set-2-tlg/AKLBB1251061647?Page=L1&nav-c=3259&sku=2012300113#nav-i=38&ref=mba&nav-p=L1&relevantProduct=false,https://bilder.baur.de/i/empiriecom/c216e7d554b1d5a9a4b783050ef45122.jpg
clothing,girls,sport,x,x,clothing-girls-sport,20230708-174-baur,de/clothing-girls-sport.html,https://baur.de/p/adidas-originals-trainingsanzug-adicolor-set-2-tlg/AKLBB1403269694?Page=L1&nav-c=3259&sku=4426565311#nav-i=43&ref=mba&nav-p=L1&relevantProduct=false,https://bilder.baur.de/i/empiriecom/69503817a53845f76ca4f96cc8e95688.jpg
clothing,girls,sport,x,x,clothing-girls-sport,20230708-163-baur,de/clothing-girls-sport.html,https://baur.de/p/adidas-sportswear-trainingsanzug-tiberio-3-streifen-colorblock-kids-2-tlg/AKLBB1687869967?Page=L1&nav-c=3259&sku=7652815890#nav-i=9&ref=mba&nav-p=L1&relevantProduct=false,https://bilder.baur.de/i/empiriecom/03561005065580e2770f1254decb0542.jpg
clothing,girls,sport,x,x,clothing-girls-sport,20230708-157-baur,de/clothing-girls-sport.html,https://baur.de/p/ellesse-radlerhose-suzina-cycle-short/AKLBB1447546714?Page=L1&nav-c=3259&sku=6437931456#nav-i=53&ref=mba&nav-p=L1&relevantProduct=false,https://bilder.baur.de/i/empiriecom/abe6897d8056c8b88cf808dc46d62693.jpg
clothing,girls,sport,x,x,clothing-girls-sport,20230708-155-baur,de/clothing-girls-sport.html,https://baur.de/p/nike-trainingstights-pro-big-kids-girls-leggings/AKLBB1399671192?Page=L1&nav-c=3259&sku=5410103974#nav-i=60&ref=mba&nav-p=L1&relevantProduct=false,https://bilder.baur.de/i/empiriecom/fa227eb8ab4caa6d27e5be1a6efdfe61.jpg
clothing,girls,sport,x,x,clothing-girls-sport,20230708-133-baur,de/clothing-girls-sport.html,https://baur.de/p/gulliver-stoffhose-in-klassischem-design-mit-seitenstreifen/AKLBB1719585219?Page=L1&nav-c=3259&sku=9096342093#nav-i=71&ref=mba&nav-p=L1&relevantProduct=false,https://bilder.baur.de/i/empiriecom/14deea6437035975c65610b2d96264ce.jpg
clothing,girls,sport,x,x,clothing-girls-sport,20230708-131-baur,de/clothing-girls-sport.html,https://baur.de/p/tommy-hilfiger-radlerhose-timeless-tommy-cycling-short-mit-logoschriftzug/AKLBB1666987042?Page=L1&nav-c=3259&sku=7685445420#nav-i=67&ref=mba&nav-p=L1&relevantProduct=false,https://bilder.baur.de/i/empiriecom/0b79eb4edcafe72f36a6badc17414250.jpg
clothing,girls,sport,x,x,clothing-girls-sport,20230708-124-baur,de/clothing-girls-sport.html,https://baur.de/p/adidas-sportswear-trainingsanzug-tiberio-3-streifen-colorblock-shiny-kids-2-tlg/AKLBB1687869093?Page=L1&nav-c=3259&sku=6894635893#nav-i=18&ref=mba&nav-p=L1&relevantProduct=false,https://bilder.baur.de/i/empiriecom/738c4f7b993485d4ef894f47f9c89864.jpg
clothing,girls,sport,x,x,clothing-girls-sport,20230708-107-baur,de/clothing-girls-sport.html,https://baur.de/p/kappa-jogginganzug-in-innen-kuschelig-weicher-sweatqualitaetbr/AKLBB1681098827?Page=L1&nav-c=3259&sku=8257035499#nav-i=66&ref=mba&nav-p=L1&relevantProduct=false,https://bilder.baur.de/i/empiriecom/f620176d40b239f8d34f9d1e41832bfd.jpg
clothing,girls,sport,x,x,clothing-girls-sport,20230708-104-baur,de/clothing-girls-sport.html,https://baur.de/p/adidas-sportswear-shorts-essentials-3streifen-cotton-kurze-tight/AKLBB1632796214?Page=L1&nav-c=3259&sku=4565141124#nav-i=45&ref=mba&nav-p=L1&relevantProduct=false,https://bilder.baur.de/i/empiriecom/8ec395718e86ba6501f23e201ef0d736.jpg
clothing,girls,sport,x,x,clothing-girls-sport,20230708-101-baur,de/clothing-girls-sport.html,https://baur.de/p/adidas-performance-badeanzug-3-bar-logo-graphic/AKLBB1687873240?Page=L1&nav-c=3259&sku=8855322616#nav-i=40&ref=mba&nav-p=L1&relevantProduct=false,https://bilder.baur.de/i/empiriecom/8959d283c3c04882e83a6a4dc956c962.jpg
