clothing,men,shoes,business,x,clothing-men-shoes-business,20230708-999-schuhe,de/clothing-men-shoes-business.html,https://www.schuhe.de/herren-business-schuhe/produkt/lloyd-cp1541399.html,https://i3.schuhe.de//imgdb/img/_rissel/137001016/cache/137001016-list-s-04.jpg
clothing,men,shoes,business,x,clothing-men-shoes-business,20230708-997-schuhe,de/clothing-men-shoes-business.html,https://www.schuhe.de/herren-business-schuhe/produkt/bugatti-cp1613021.html,https://i3.schuhe.de//imgdb/img/_nmuecke/836341/cache/836341-list-s-04.jpg
clothing,men,shoes,business,x,clothing-men-shoes-business,20230708-995-schuhe,de/clothing-men-shoes-business.html,https://www.schuhe.de/herren-business-schuhe/produkt/soliver-cp1608016.html,https://i1.schuhe.de//imgdb/img/_nwortmann/5-13210-41-001-9992/cache/5-13210-41-001-9992-list-s-04.jpg
clothing,men,shoes,business,x,clothing-men-shoes-business,20230708-991-schuhe,de/clothing-men-shoes-business.html,https://www.schuhe.de/herren-business-schuhe/produkt/berwick-1707-cp1473589.html,https://i3.schuhe.de//imgdb/img/_fsmedia2/36536/cache/36536-list-s-04.jpg
clothing,men,shoes,business,x,clothing-men-shoes-business,20230708-991-schuhe,de/clothing-men-shoes-business.html,https://www.schuhe.de/herren-business-schuhe/produkt/bugatti-cp1574215.html,https://i1.schuhe.de//imgdb/img/_qbapp/119-132300908/cache/119-132300908-list-s-04.jpg
clothing,men,shoes,business,x,clothing-men-shoes-business,20230708-990-schuhe,de/clothing-men-shoes-business.html,https://www.schuhe.de/herren-business-schuhe/produkt/bugatti-cp1574214.html,https://i0.schuhe.de//imgdb/img/_qbapp/119-132300910/cache/119-132300910-list-s-04.jpg
clothing,men,shoes,business,x,clothing-men-shoes-business,20230708-990-baur,de/clothing-men-shoes-business.html,https://baur.de/p/lloyd-slipper-mailand-mit-lederinnensohle/AKLBB1548604166?nav-c=33815&sku=5177676646#nav-i=31&ref=mba&nav-p=P1&relevantProduct=false,https://bilder.baur.de/i/empiriecom/a6132bc316ad1ab6177713b8ba9515ce.jpg
clothing,men,shoes,business,x,clothing-men-shoes-business,20230708-984-schuhe,de/clothing-men-shoes-business.html,https://www.schuhe.de/herren-business-schuhe/produkt/lloyd-cp1574512.html,https://i1.schuhe.de//imgdb/img/_fsmedia8/130-00-8271/cache/130-00-8271-list-s-04.jpg
clothing,men,shoes,business,x,clothing-men-shoes-business,20230708-980-schuhe,de/clothing-men-shoes-business.html,https://www.schuhe.de/herren-business-schuhe/produkt/clarks-cp1538907.html,https://i2.schuhe.de//imgdb/img/_nmuecke/820492/cache/820492-list-s-04.jpg
clothing,men,shoes,business,x,clothing-men-shoes-business,20230708-974-baur,de/clothing-men-shoes-business.html,https://baur.de/p/ecco-schnuerschuh-helsinki-2-mit-weicher-schaftrandpolsterung/AKLBB1611799329?nav-c=33815&sku=5951554769#nav-i=4&ref=mba&nav-p=P1&relevantProduct=false,https://bilder.baur.de/i/empiriecom/9ad9941e92bd7003d13bcd885c81fade.jpg
clothing,men,shoes,business,x,clothing-men-shoes-business,20230708-964-schuhe,de/clothing-men-shoes-business.html,https://www.schuhe.de/herren-business-schuhe/produkt/sioux-cp362189.html,https://i3.schuhe.de//imgdb/img/_fsmedia4/1620011023/cache/1620011023-list-s-04.jpg
clothing,men,shoes,business,x,clothing-men-shoes-business,20230708-959-schuhe,de/clothing-men-shoes-business.html,https://www.schuhe.de/herren-business-schuhe/produkt/digel-cp1609789.html,https://i2.schuhe.de//imgdb/img/_fsmedia20/A99766/cache/A99766-list-s-04.jpg
clothing,men,shoes,business,x,clothing-men-shoes-business,20230708-956-schuhe,de/clothing-men-shoes-business.html,https://www.schuhe.de/herren-business-schuhe/produkt/clarks-cp1613036.html,https://i0.schuhe.de//imgdb/img/_fsmedia20/A99243/cache/A99243-list-s-04.jpg
clothing,men,shoes,business,x,clothing-men-shoes-business,20230708-938-schuhe,de/clothing-men-shoes-business.html,https://www.schuhe.de/herren-business-schuhe/produkt/bugatti-cp1613123.html,https://i3.schuhe.de//imgdb/img/_nmuecke/836345/cache/836345-list-s-04.jpg
clothing,men,shoes,business,x,clothing-men-shoes-business,20230708-937-baur,de/clothing-men-shoes-business.html,https://baur.de/p/bugatti-schnuerschuh-mit-ziernaehten-schmale-form/AKLBB1691096726?nav-c=33815&sku=8264273667#nav-i=7&ref=mba&nav-p=P1&relevantProduct=false,https://bilder.baur.de/i/empiriecom/05db37210a70ca8ff7b38555126b86e6.jpg
clothing,men,shoes,business,x,clothing-men-shoes-business,20230708-937-baur,de/clothing-men-shoes-business.html,https://baur.de/p/bugatti-slipper-mit-seitlichen-stretcheinsaetzen-weite-g-weit/AKLBB1673783540?nav-c=33815&sku=1634816974#nav-i=32&ref=mba&nav-p=P1&relevantProduct=false,https://bilder.baur.de/i/empiriecom/66389b9428a7df7e1f74208d3b8743fd.jpg
clothing,men,shoes,business,x,clothing-men-shoes-business,20230708-936-baur,de/clothing-men-shoes-business.html,https://baur.de/p/jomos-schnuerschuh-strada/AKLBB1219411096?nav-c=33815&sku=2889571761#nav-i=18&ref=mba&nav-p=P1&relevantProduct=false,https://bilder.baur.de/i/empiriecom/d66ea9c69c701dbbe6a5f58697c49257.jpg
clothing,men,shoes,business,x,clothing-men-shoes-business,20230708-931-baur,de/clothing-men-shoes-business.html,https://baur.de/p/lloyd-schnuerschuh-lagos-mit-lederinnensohle/AKLBB1680229776?nav-c=33815&sku=8263145091#nav-i=69&ref=mba&nav-p=P1&relevantProduct=false,https://bilder.baur.de/i/empiriecom/de8845b7d134c6c06b3962d563413656.jpg
clothing,men,shoes,business,x,clothing-men-shoes-business,20230708-929-schuhe,de/clothing-men-shoes-business.html,https://www.schuhe.de/herren-business-schuhe/produkt/lloyd-cp1544209.html,https://i2.schuhe.de//imgdb/img/_rissel/137001015/cache/137001015-list-s-04.jpg
clothing,men,shoes,business,x,clothing-men-shoes-business,20230708-927-schuhe,de/clothing-men-shoes-business.html,https://www.schuhe.de/herren-business-schuhe/produkt/lloyd-cp1605922.html,https://i1.schuhe.de//imgdb/img/_fsmedia19/163000130060/cache/163000130060-list-s-04.jpg
clothing,men,shoes,business,x,clothing-men-shoes-business,20230708-926-schuhe,de/clothing-men-shoes-business.html,https://www.schuhe.de/herren-business-schuhe/produkt/bugatti-cp1512407.html,https://i3.schuhe.de//imgdb/img/_fsmedia20/A98076/cache/A98076-list-s-04.jpg
clothing,men,shoes,business,x,clothing-men-shoes-business,20230708-926-baur,de/clothing-men-shoes-business.html,https://baur.de/p/clarks-slipper-un-aldric-step-mit-stretcheinsaetzen/AKLBB1611660934?nav-c=33815&sku=9627955357#nav-i=25&ref=mba&nav-p=P1&relevantProduct=false,https://bilder.baur.de/i/empiriecom/0d691dedcb2ecc837800df8f294f6fdb.jpg
clothing,men,shoes,business,x,clothing-men-shoes-business,20230708-925-schuhe,de/clothing-men-shoes-business.html,https://www.schuhe.de/herren-business-schuhe/produkt/lloyd-cp1574512.html,https://i0.schuhe.de//imgdb/img/_fsmedia8/130-00-8271/cache/130-00-8271-list-s-04.jpg
clothing,men,shoes,business,x,clothing-men-shoes-business,20230708-922-baur,de/clothing-men-shoes-business.html,https://baur.de/p/rieker-schnuerschuh-mit-gepolsterter-innensohle/AKLBB1287342635?nav-c=33815&sku=4237800480#nav-i=41&ref=mba&nav-p=P1&relevantProduct=false,https://bilder.baur.de/i/empiriecom/69c05225ec62b2c97073eefa06866c87.jpg
clothing,men,shoes,business,x,clothing-men-shoes-business,20230708-921-schuhe,de/clothing-men-shoes-business.html,https://www.schuhe.de/herren-business-schuhe/produkt/rieker-cp1511374.html,https://i2.schuhe.de//imgdb/img/_rieker/13516-22/cache/13516-22-list-s-04.jpg
clothing,men,shoes,business,x,clothing-men-shoes-business,20230708-921-schuhe,de/clothing-men-shoes-business.html,https://www.schuhe.de/herren-business-schuhe/produkt/lloyd-cp1551788.html,https://i3.schuhe.de//imgdb/img/_schreiber/132000013/cache/132000013-list-s-04.jpg
clothing,men,shoes,business,x,clothing-men-shoes-business,20230708-919-schuhe,de/clothing-men-shoes-business.html,https://www.schuhe.de/herren-business-schuhe/produkt/jomos-cp1531905.html,https://i3.schuhe.de//imgdb/img/_hofbauer/084958/cache/084958-list-s-04.jpg
clothing,men,shoes,business,x,clothing-men-shoes-business,20230708-919-schuhe,de/clothing-men-shoes-business.html,https://www.schuhe.de/herren-business-schuhe/produkt/moma-cp1540945.html,https://i3.schuhe.de//imgdb/img/_fsmedia2/37062/cache/37062-list-s-04.jpg
clothing,men,shoes,business,x,clothing-men-shoes-business,20230708-918-schuhe,de/clothing-men-shoes-business.html,https://www.schuhe.de/herren-business-schuhe/produkt/bugatti-cp1613009.html,https://i1.schuhe.de//imgdb/img/_nmuecke/836342/cache/836342-list-s-04.jpg
clothing,men,shoes,business,x,clothing-men-shoes-business,20230708-914-baur,de/clothing-men-shoes-business.html,https://baur.de/p/lloyd-schnuerschuh-langston-mit-hellen-ziernaehten/AKLBB1538693737?nav-c=33815&sku=5856716417#nav-i=59&ref=mba&nav-p=P1&relevantProduct=false,https://bilder.baur.de/i/empiriecom/3a9e9f5edfb391757b9ae212316c9921.jpg
clothing,men,shoes,business,x,clothing-men-shoes-business,20230708-907-schuhe,de/clothing-men-shoes-business.html,https://www.schuhe.de/herren-business-schuhe/produkt/salamander-cp1571077.html,https://i3.schuhe.de//imgdb/img/_nmuecke/826074/cache/826074-list-s-04.jpg
clothing,men,shoes,business,x,clothing-men-shoes-business,20230708-904-schuhe,de/clothing-men-shoes-business.html,https://www.schuhe.de/herren-business-schuhe/produkt/digel-cp1541214.html,https://i2.schuhe.de//imgdb/img/_nmuecke/830182/cache/830182-list-s-04.jpg
clothing,men,shoes,business,x,clothing-men-shoes-business,20230708-892-schuhe,de/clothing-men-shoes-business.html,https://www.schuhe.de/herren-business-schuhe/produkt/digel-cp1542132.html,https://i2.schuhe.de//imgdb/img/_fsmedia20/A97513/cache/A97513-list-s-04.jpg
clothing,men,shoes,business,x,clothing-men-shoes-business,20230708-888-schuhe,de/clothing-men-shoes-business.html,https://www.schuhe.de/herren-business-schuhe/produkt/bugatti-cp1613021.html,https://i0.schuhe.de//imgdb/img/_nmuecke/836341/cache/836341-list-s-04.jpg
clothing,men,shoes,business,x,clothing-men-shoes-business,20230708-888-schuhe,de/clothing-men-shoes-business.html,https://www.schuhe.de/herren-business-schuhe/produkt/digel-cp1541214.html,https://i3.schuhe.de//imgdb/img/_nmuecke/830182/cache/830182-list-s-04.jpg
clothing,men,shoes,business,x,clothing-men-shoes-business,20230708-885-schuhe,de/clothing-men-shoes-business.html,https://www.schuhe.de/herren-business-schuhe/produkt/lloyd-cp1546019.html,https://i2.schuhe.de//imgdb/img/_schreiber/132500006/cache/132500006-list-s-04.jpg
clothing,men,shoes,business,x,clothing-men-shoes-business,20230708-884-schuhe,de/clothing-men-shoes-business.html,https://www.schuhe.de/herren-business-schuhe/produkt/bugatti-cp1558501.html,https://i2.schuhe.de//imgdb/img/_paradies/141992/cache/141992-list-s-04.jpg
clothing,men,shoes,business,x,clothing-men-shoes-business,20230708-882-schuhe,de/clothing-men-shoes-business.html,https://www.schuhe.de/herren-business-schuhe/produkt/flecs-cp1541567.html,https://i3.schuhe.de//imgdb/img/_fsmedia13_2/05740000009/cache/05740000009-list-s-04.jpg
clothing,men,shoes,business,x,clothing-men-shoes-business,20230708-870-baur,de/clothing-men-shoes-business.html,https://baur.de/p/bugatti-schnuerschuh-mit-eingearbeiteten-stretcheinsaetzen-weite-g/AKLBB1691097068?nav-c=33815&sku=8559801560#nav-i=34&ref=mba&nav-p=P1&relevantProduct=false,https://bilder.baur.de/i/empiriecom/93552639989168d4c32b587a8cd7f897.jpg
clothing,men,shoes,business,x,clothing-men-shoes-business,20230708-866-schuhe,de/clothing-men-shoes-business.html,https://www.schuhe.de/herren-business-schuhe/produkt/nicola-benson-cp285950.html,https://i3.schuhe.de//imgdb/img/_fsmedia1/130000066/cache/130000066-list-s-04.jpg
clothing,men,shoes,business,x,clothing-men-shoes-business,20230708-856-baur,de/clothing-men-shoes-business.html,https://baur.de/p/bugatti-schnuerschuh-fuer-den-eleganten-anlass/AKLBB1713783738?nav-c=33815&sku=3138843651#nav-i=23&ref=mba&nav-p=P1&relevantProduct=false,https://bilder.baur.de/i/empiriecom/6c30e9fc9042e2f76e4f9b49c887b0aa.jpg
clothing,men,shoes,business,x,clothing-men-shoes-business,20230708-846-baur,de/clothing-men-shoes-business.html,https://baur.de/p/lloyd-schnuerschuh-osmond-mit-handfinish/AKLBB1548612089?nav-c=33815&sku=3675380471#nav-i=8&ref=mba&nav-p=P1&relevantProduct=false,https://bilder.baur.de/i/empiriecom/f6ba650183bfb21bb5191d7818429d91.jpg
clothing,men,shoes,business,x,clothing-men-shoes-business,20230708-845-schuhe,de/clothing-men-shoes-business.html,https://www.schuhe.de/herren-business-schuhe/produkt/bugatti-cp1511266.html,https://i3.schuhe.de//imgdb/img/_qbapp/162-13035003/cache/162-13035003-list-s-04.jpg
clothing,men,shoes,business,x,clothing-men-shoes-business,20230708-843-schuhe,de/clothing-men-shoes-business.html,https://www.schuhe.de/herren-business-schuhe/produkt/bugatti-cp1606298.html,https://i1.schuhe.de//imgdb/img/_nmuecke/836339/cache/836339-list-s-04.jpg
clothing,men,shoes,business,x,clothing-men-shoes-business,20230708-834-schuhe,de/clothing-men-shoes-business.html,https://www.schuhe.de/herren-business-schuhe/produkt/melvin-hamilton-cp1544178.html,https://i1.schuhe.de//imgdb/img/_qbapp/336-130591008/cache/336-130591008-list-s-04.jpg
clothing,men,shoes,business,x,clothing-men-shoes-business,20230708-829-schuhe,de/clothing-men-shoes-business.html,https://www.schuhe.de/herren-business-schuhe/produkt/corvari-cp1555370.html,https://i3.schuhe.de//imgdb/img/_fsmedia17/132301382/cache/132301382-list-s-04.jpg
clothing,men,shoes,business,x,clothing-men-shoes-business,20230708-823-schuhe,de/clothing-men-shoes-business.html,https://www.schuhe.de/herren-business-schuhe/produkt/salamander-cp1568297.html,https://i3.schuhe.de//imgdb/img/_nmuecke/826595/cache/826595-list-s-04.jpg
clothing,men,shoes,business,x,clothing-men-shoes-business,20230708-823-baur,de/clothing-men-shoes-business.html,https://baur.de/p/rieker-schnuerschuh/AKLBB920201282?nav-c=33815&sku=7508833373#nav-i=65&ref=mba&nav-p=P1&relevantProduct=false,https://bilder.baur.de/i/empiriecom/b491eaa3ad30f5e4e5b9ae9c6faf3990.jpg
clothing,men,shoes,business,x,clothing-men-shoes-business,20230708-820-schuhe,de/clothing-men-shoes-business.html,https://www.schuhe.de/herren-business-schuhe/produkt/lloyd-cp1505495.html,https://i2.schuhe.de//imgdb/img/_fsmedia10/131201800/cache/131201800-list-s-04.jpg
clothing,men,shoes,business,x,clothing-men-shoes-business,20230708-819-schuhe,de/clothing-men-shoes-business.html,https://www.schuhe.de/herren-business-schuhe/produkt/lemargo-cp1559316.html,https://i3.schuhe.de//imgdb/img/_qbapp/759-130301079/cache/759-130301079-list-s-04.jpg
clothing,men,shoes,business,x,clothing-men-shoes-business,20230708-814-baur,de/clothing-men-shoes-business.html,https://baur.de/p/melvin-hamilton-chelseaboots-lewis-mit-stretcheinsatz/AKLBB1622933913?nav-c=33815&sku=4595331141#nav-i=36&ref=mba&nav-p=P1&relevantProduct=false,https://bilder.baur.de/i/empiriecom/1a67726d8f2b31f67557f57cfa7f2cf7.jpg
clothing,men,shoes,business,x,clothing-men-shoes-business,20230708-811-schuhe,de/clothing-men-shoes-business.html,https://www.schuhe.de/herren-business-schuhe/produkt/lloyd-cp1565027.html,https://i2.schuhe.de//imgdb/img/_fsmedia1/130300014/cache/130300014-list-s-04.jpg
clothing,men,shoes,business,x,clothing-men-shoes-business,20230708-809-baur,de/clothing-men-shoes-business.html,https://baur.de/p/josef-seibel-schnuerstiefelette-earl-04-mit-wasserabweisender-tex-membrane/AKLBB1722005039?nav-c=33815&sku=2626171279#nav-i=54&ref=mba&nav-p=P1&relevantProduct=false,https://bilder.baur.de/i/empiriecom/048813631b15ad9c1c089146878adc09.jpg
clothing,men,shoes,business,x,clothing-men-shoes-business,20230708-804-schuhe,de/clothing-men-shoes-business.html,https://www.schuhe.de/herren-business-schuhe/produkt/bugatti-cp1428165.html,https://i1.schuhe.de//imgdb/img/_nmuecke/811249/cache/811249-list-s-04.jpg
clothing,men,shoes,business,x,clothing-men-shoes-business,20230708-804-baur,de/clothing-men-shoes-business.html,https://baur.de/p/henry-stevens-loafer-haywood-tl-businessschuh-herren-halbschuhe-leder-nachhaltig-lederschuhe/AKLBB1386957034?nav-c=33815&sku=1937606799#nav-i=67&ref=mba&nav-p=P1&relevantProduct=false,https://bilder.baur.de/i/empiriecom/60d0baccc35463f0cb532ac8d075a966.jpg
clothing,men,shoes,business,x,clothing-men-shoes-business,20230708-803-schuhe,de/clothing-men-shoes-business.html,https://www.schuhe.de/herren-business-schuhe/produkt/bugatti-cp1569286.html,https://i1.schuhe.de//imgdb/img/_nmuecke/816747/cache/816747-list-s-04.jpg
clothing,men,shoes,business,x,clothing-men-shoes-business,20230708-796-schuhe,de/clothing-men-shoes-business.html,https://www.schuhe.de/herren-business-schuhe/produkt/moma-cp1540328.html,https://i2.schuhe.de//imgdb/img/_fsmedia15_2/133-80-44-02/cache/133-80-44-02-list-s-04.jpg
clothing,men,shoes,business,x,clothing-men-shoes-business,20230708-786-schuhe,de/clothing-men-shoes-business.html,https://www.schuhe.de/herren-business-schuhe/produkt/bugatti-cp1606226.html,https://i1.schuhe.de//imgdb/img/_fsmedia20/A98784/cache/A98784-list-s-04.jpg
clothing,men,shoes,business,x,clothing-men-shoes-business,20230708-773-schuhe,de/clothing-men-shoes-business.html,https://www.schuhe.de/herren-business-schuhe/produkt/bugatti-cp1549493.html,https://i1.schuhe.de//imgdb/img/_qbapp/162-13035002/cache/162-13035002-list-s-04.jpg
clothing,men,shoes,business,x,clothing-men-shoes-business,20230708-772-schuhe,de/clothing-men-shoes-business.html,https://www.schuhe.de/herren-business-schuhe/produkt/flecs-cp1508333.html,https://i2.schuhe.de//imgdb/img/_nmuecke/829803/cache/829803-list-s-04.jpg
clothing,men,shoes,business,x,clothing-men-shoes-business,20230708-763-schuhe,de/clothing-men-shoes-business.html,https://www.schuhe.de/herren-business-schuhe/produkt/clarks-cp1613036.html,https://i2.schuhe.de//imgdb/img/_fsmedia20/A99243/cache/A99243-list-s-04.jpg
clothing,men,shoes,business,x,clothing-men-shoes-business,20230708-746-schuhe,de/clothing-men-shoes-business.html,https://www.schuhe.de/herren-business-schuhe/produkt/corvari-cp1555370.html,https://i1.schuhe.de//imgdb/img/_fsmedia17/132301382/cache/132301382-list-s-04.jpg
clothing,men,shoes,business,x,clothing-men-shoes-business,20230708-746-schuhe,de/clothing-men-shoes-business.html,https://www.schuhe.de/herren-business-schuhe/produkt/bugatti-cp1568920.html,https://i1.schuhe.de//imgdb/img/_nmuecke/816746/cache/816746-list-s-04.jpg
clothing,men,shoes,business,x,clothing-men-shoes-business,20230708-741-schuhe,de/clothing-men-shoes-business.html,https://www.schuhe.de/herren-business-schuhe/produkt/bugatti-cp1540444.html,https://i2.schuhe.de//imgdb/img/_hofbauer/085017/cache/085017-list-s-04.jpg
clothing,men,shoes,business,x,clothing-men-shoes-business,20230708-729-baur,de/clothing-men-shoes-business.html,https://baur.de/p/bugatti-schnuerstiefelette-mit-komfortweite-g/AKLBB1713811506?nav-c=33815&sku=3864334132#nav-i=30&ref=mba&nav-p=P1&relevantProduct=false,https://bilder.baur.de/i/empiriecom/3cf5b6b3a2ce0b0d86b4ff14aead9bdd.jpg
clothing,men,shoes,business,x,clothing-men-shoes-business,20230708-725-baur,de/clothing-men-shoes-business.html,https://baur.de/p/melvin-hamilton-budapester-martin-15-mit-durchgenaehter-machart/AKLBB1622933039?nav-c=33815&sku=5882475075#nav-i=63&ref=mba&nav-p=P1&relevantProduct=false,https://bilder.baur.de/i/empiriecom/c8ee6738262e6a2c97aa9aafd6a48dd7.jpg
clothing,men,shoes,business,x,clothing-men-shoes-business,20230708-723-schuhe,de/clothing-men-shoes-business.html,https://www.schuhe.de/herren-business-schuhe/produkt/nicola-benson-cp285950.html,https://i2.schuhe.de//imgdb/img/_fsmedia1/130000066/cache/130000066-list-s-04.jpg
clothing,men,shoes,business,x,clothing-men-shoes-business,20230708-722-schuhe,de/clothing-men-shoes-business.html,https://www.schuhe.de/herren-business-schuhe/produkt/jomos-cp1531905.html,https://i1.schuhe.de//imgdb/img/_hofbauer/084958/cache/084958-list-s-04.jpg
clothing,men,shoes,business,x,clothing-men-shoes-business,20230708-721-baur,de/clothing-men-shoes-business.html,https://baur.de/p/ecco-slipper-helsinki-2-in-klassischem-look/AKLBB1611609332?nav-c=33815&sku=4161695016#nav-i=26&ref=mba&nav-p=P1&relevantProduct=false,https://bilder.baur.de/i/empiriecom/901c2e2964dc4bda35d16f815f26fef2.jpg
clothing,men,shoes,business,x,clothing-men-shoes-business,20230708-718-schuhe,de/clothing-men-shoes-business.html,https://www.schuhe.de/herren-business-schuhe/produkt/lloyd-cp1612542.html,https://i1.schuhe.de//imgdb/img/_fsmedia19/163000129910/cache/163000129910-list-s-04.jpg
clothing,men,shoes,business,x,clothing-men-shoes-business,20230708-708-schuhe,de/clothing-men-shoes-business.html,https://www.schuhe.de/herren-business-schuhe/produkt/bugatti-cp1550205.html,https://i1.schuhe.de//imgdb/img/_fsmedia20/A97068/cache/A97068-list-s-04.jpg
clothing,men,shoes,business,x,clothing-men-shoes-business,20230708-697-schuhe,de/clothing-men-shoes-business.html,https://www.schuhe.de/herren-business-schuhe/produkt/moma-cp1569631.html,https://i2.schuhe.de//imgdb/img/_nmuecke/829174/cache/829174-list-s-04.jpg
clothing,men,shoes,business,x,clothing-men-shoes-business,20230708-694-baur,de/clothing-men-shoes-business.html,https://baur.de/p/rieker-schnuerschuh-mit-stretch/AKLBB1560642575?nav-c=33815&sku=4090515920#nav-i=35&ref=mba&nav-p=P1&relevantProduct=false,https://bilder.baur.de/i/empiriecom/6102ee4e3bc3758dc0bb58cfed06316a.jpg
clothing,men,shoes,business,x,clothing-men-shoes-business,20230708-691-schuhe,de/clothing-men-shoes-business.html,https://www.schuhe.de/herren-business-schuhe/produkt/clarks-cp1538907.html,https://i3.schuhe.de//imgdb/img/_nmuecke/820492/cache/820492-list-s-04.jpg
clothing,men,shoes,business,x,clothing-men-shoes-business,20230708-691-baur,de/clothing-men-shoes-business.html,https://baur.de/p/henry-stevens-schnuerschuh-weston-co-businessschuh-schnuerer-herren-lederschuhe-handgefertigt-anzugschuhe-herren/AKLBB1668199498?nav-c=33815&sku=8810453493#nav-i=71&ref=mba&nav-p=P1&relevantProduct=false,https://bilder.baur.de/i/empiriecom/8a6c6efc45d791da174af497510b6523.jpg
clothing,men,shoes,business,x,clothing-men-shoes-business,20230708-687-schuhe,de/clothing-men-shoes-business.html,https://www.schuhe.de/herren-business-schuhe/produkt/bugatti-cp1606224.html,https://i0.schuhe.de//imgdb/img/_fsmedia20/A98788/cache/A98788-list-s-04.jpg
clothing,men,shoes,business,x,clothing-men-shoes-business,20230708-677-schuhe,de/clothing-men-shoes-business.html,https://www.schuhe.de/herren-business-schuhe/produkt/lloyd-cp1548620.html,https://i0.schuhe.de//imgdb/img/_fsmedia6/1620091536/cache/1620091536-list-s-04.jpg
clothing,men,shoes,business,x,clothing-men-shoes-business,20230708-675-baur,de/clothing-men-shoes-business.html,https://baur.de/p/bugatti-slipper-im-used-look-weite-g/AKLBB1713783807?nav-c=33815&sku=7687913593#nav-i=11&ref=mba&nav-p=P1&relevantProduct=false,https://bilder.baur.de/i/empiriecom/eaf9e5c134d88ae8d8c40dc695828dcb.jpg
clothing,men,shoes,business,x,clothing-men-shoes-business,20230708-672-schuhe,de/clothing-men-shoes-business.html,https://www.schuhe.de/herren-business-schuhe/produkt/melvin-hamilton-cp1544176.html,https://i1.schuhe.de//imgdb/img/_qbapp/336-130331033/cache/336-130331033-list-s-04.jpg
clothing,men,shoes,business,x,clothing-men-shoes-business,20230708-671-baur,de/clothing-men-shoes-business.html,https://baur.de/p/bugatti-schnuerschuh-mit-ziernaehten-in-weite-g/AKLBB1691096635?nav-c=33815&sku=9536154349#nav-i=38&ref=mba&nav-p=P1&relevantProduct=false,https://bilder.baur.de/i/empiriecom/3af90526c76c369eab03408c38b9b581.jpg
clothing,men,shoes,business,x,clothing-men-shoes-business,20230708-666-baur,de/clothing-men-shoes-business.html,https://baur.de/p/rieker-schnuerstiefelette-mit-kariertem-innenfutter/AKLBB1611648512?nav-c=33815&sku=4567465336#nav-i=29&ref=mba&nav-p=P1&relevantProduct=false,https://bilder.baur.de/i/empiriecom/fa521a957a7082743978fd36c70cf269.jpg
clothing,men,shoes,business,x,clothing-men-shoes-business,20230708-665-schuhe,de/clothing-men-shoes-business.html,https://www.schuhe.de/herren-business-schuhe/produkt/digel-cp1609789.html,https://i1.schuhe.de//imgdb/img/_fsmedia20/A99766/cache/A99766-list-s-04.jpg
clothing,men,shoes,business,x,clothing-men-shoes-business,20230708-659-schuhe,de/clothing-men-shoes-business.html,https://www.schuhe.de/herren-business-schuhe/produkt/ecco-cp599454.html,https://i3.schuhe.de//imgdb/img/_rissel/061293/cache/061293-list-s-04.jpg
clothing,men,shoes,business,x,clothing-men-shoes-business,20230708-654-schuhe,de/clothing-men-shoes-business.html,https://www.schuhe.de/herren-business-schuhe/produkt/bugatti-cp1568920.html,https://i2.schuhe.de//imgdb/img/_nmuecke/816746/cache/816746-list-s-04.jpg
clothing,men,shoes,business,x,clothing-men-shoes-business,20230708-647-baur,de/clothing-men-shoes-business.html,https://baur.de/p/rieker-schnuerschuh-mit-feiner-perforation-seitlich/AKLBB1660930472?nav-c=33815&sku=7580524092#nav-i=2&ref=mba&nav-p=P1&relevantProduct=false,https://bilder.baur.de/i/empiriecom/8934155c1f3b469b2d747a3cd29d9294.jpg
clothing,men,shoes,business,x,clothing-men-shoes-business,20230708-645-schuhe,de/clothing-men-shoes-business.html,https://www.schuhe.de/herren-business-schuhe/produkt/bullboxer-cp1613307.html,https://i1.schuhe.de//imgdb/img/_nmuecke/854352/cache/854352-list-s-04.jpg
clothing,men,shoes,business,x,clothing-men-shoes-business,20230708-643-schuhe,de/clothing-men-shoes-business.html,https://www.schuhe.de/herren-business-schuhe/produkt/bugatti-cp1511266.html,https://i1.schuhe.de//imgdb/img/_qbapp/162-13035003/cache/162-13035003-list-s-04.jpg
clothing,men,shoes,business,x,clothing-men-shoes-business,20230708-634-schuhe,de/clothing-men-shoes-business.html,https://www.schuhe.de/herren-business-schuhe/produkt/lloyd-cp1542125.html,https://i1.schuhe.de//imgdb/img/_fsmedia20/A97526/cache/A97526-list-s-04.jpg
clothing,men,shoes,business,x,clothing-men-shoes-business,20230708-633-schuhe,de/clothing-men-shoes-business.html,https://www.schuhe.de/herren-business-schuhe/produkt/lloyd-cp1544209.html,https://i1.schuhe.de//imgdb/img/_rissel/137001015/cache/137001015-list-s-04.jpg
clothing,men,shoes,business,x,clothing-men-shoes-business,20230708-630-schuhe,de/clothing-men-shoes-business.html,https://www.schuhe.de/herren-business-schuhe/produkt/bugatti-cp1545177.html,https://i2.schuhe.de//imgdb/img/_fsmedia7/096494/cache/096494-list-s-04.jpg
clothing,men,shoes,business,x,clothing-men-shoes-business,20230708-621-schuhe,de/clothing-men-shoes-business.html,https://www.schuhe.de/herren-business-schuhe/produkt/luca-benini-cp1531502.html,https://i3.schuhe.de//imgdb/img/_fsmedia20/A97520/cache/A97520-list-s-04.jpg
clothing,men,shoes,business,x,clothing-men-shoes-business,20230708-621-schuhe,de/clothing-men-shoes-business.html,https://www.schuhe.de/herren-business-schuhe/produkt/bugatti-cp1548725.html,https://i1.schuhe.de//imgdb/img/_fsmedia6/1620091539/cache/1620091539-list-s-04.jpg
clothing,men,shoes,business,x,clothing-men-shoes-business,20230708-621-schuhe,de/clothing-men-shoes-business.html,https://www.schuhe.de/herren-business-schuhe/produkt/flecs-cp1541572.html,https://i0.schuhe.de//imgdb/img/_fsmedia13_2/05710000024/cache/05710000024-list-s-04.jpg
clothing,men,shoes,business,x,clothing-men-shoes-business,20230708-619-schuhe,de/clothing-men-shoes-business.html,https://www.schuhe.de/herren-business-schuhe/produkt/flecs-cp1541567.html,https://i1.schuhe.de//imgdb/img/_fsmedia13_2/05740000009/cache/05740000009-list-s-04.jpg
clothing,men,shoes,business,x,clothing-men-shoes-business,20230708-613-baur,de/clothing-men-shoes-business.html,https://baur.de/p/lloyd-budapester-morton-mit-lyralochung/AKLBB1548604169?nav-c=33815&sku=6378156675#nav-i=53&ref=mba&nav-p=P1&relevantProduct=false,https://bilder.baur.de/i/empiriecom/f187928b91995486e05434c296f4a926.jpg
clothing,men,shoes,business,x,clothing-men-shoes-business,20230708-612-schuhe,de/clothing-men-shoes-business.html,https://www.schuhe.de/herren-business-schuhe/produkt/bugatti-cp1549493.html,https://i3.schuhe.de//imgdb/img/_qbapp/162-13035002/cache/162-13035002-list-s-04.jpg
clothing,men,shoes,business,x,clothing-men-shoes-business,20230708-611-schuhe,de/clothing-men-shoes-business.html,https://www.schuhe.de/herren-business-schuhe/produkt/lloyd-cp997626.html,https://i1.schuhe.de//imgdb/img/_fsmedia1/130000135/cache/130000135-list-s-04.jpg
clothing,men,shoes,business,x,clothing-men-shoes-business,20230708-605-schuhe,de/clothing-men-shoes-business.html,https://www.schuhe.de/herren-business-schuhe/produkt/ecco-cp599454.html,https://i0.schuhe.de//imgdb/img/_rissel/061293/cache/061293-list-s-04.jpg
clothing,men,shoes,business,x,clothing-men-shoes-business,20230708-597-schuhe,de/clothing-men-shoes-business.html,https://www.schuhe.de/herren-business-schuhe/produkt/bugatti-cp1574214.html,https://i3.schuhe.de//imgdb/img/_qbapp/119-132300910/cache/119-132300910-list-s-04.jpg
clothing,men,shoes,business,x,clothing-men-shoes-business,20230708-596-schuhe,de/clothing-men-shoes-business.html,https://www.schuhe.de/herren-business-schuhe/produkt/rieker-cp1614413.html,https://i0.schuhe.de//imgdb/img/_rieker/10304-25/cache/10304-25-list-s-04.jpg
clothing,men,shoes,business,x,clothing-men-shoes-business,20230708-595-schuhe,de/clothing-men-shoes-business.html,https://www.schuhe.de/herren-business-schuhe/produkt/bugatti-cp1512081.html,https://i1.schuhe.de//imgdb/img/_qbapp/162-13005003/cache/162-13005003-list-s-04.jpg
clothing,men,shoes,business,x,clothing-men-shoes-business,20230708-594-schuhe,de/clothing-men-shoes-business.html,https://www.schuhe.de/herren-business-schuhe/produkt/lloyd-cp1554061.html,https://i3.schuhe.de//imgdb/img/_fsmedia4/1620092248/cache/1620092248-list-s-04.jpg
clothing,men,shoes,business,x,clothing-men-shoes-business,20230708-591-schuhe,de/clothing-men-shoes-business.html,https://www.schuhe.de/herren-business-schuhe/produkt/salamander-cp1571077.html,https://i2.schuhe.de//imgdb/img/_nmuecke/826074/cache/826074-list-s-04.jpg
clothing,men,shoes,business,x,clothing-men-shoes-business,20230708-591-baur,de/clothing-men-shoes-business.html,https://baur.de/p/bugatti-schnuerschuh-mit-seitlicher-logopraegung/AKLBB1713811670?nav-c=33815&sku=6433746098#nav-i=10&ref=mba&nav-p=P1&relevantProduct=false,https://bilder.baur.de/i/empiriecom/862059f881c0bd1b8237b25432c59d8c.jpg
clothing,men,shoes,business,x,clothing-men-shoes-business,20230708-589-schuhe,de/clothing-men-shoes-business.html,https://www.schuhe.de/herren-business-schuhe/produkt/luca-benini-cp1512956.html,https://i2.schuhe.de//imgdb/img/_fsmedia20/A97519/cache/A97519-list-s-04.jpg
clothing,men,shoes,business,x,clothing-men-shoes-business,20230708-584-schuhe,de/clothing-men-shoes-business.html,https://www.schuhe.de/herren-business-schuhe/produkt/clarks-cp1613033.html,https://i3.schuhe.de//imgdb/img/_fsmedia20/A99242/cache/A99242-list-s-04.jpg
clothing,men,shoes,business,x,clothing-men-shoes-business,20230708-576-schuhe,de/clothing-men-shoes-business.html,https://www.schuhe.de/herren-business-schuhe/produkt/rieker-cp1614413.html,https://i2.schuhe.de//imgdb/img/_rieker/10304-25/cache/10304-25-list-s-04.jpg
clothing,men,shoes,business,x,clothing-men-shoes-business,20230708-574-baur,de/clothing-men-shoes-business.html,https://baur.de/p/bugatti-schnuerschuh-im-used-look/AKLBB1650861042?nav-c=33815&sku=3867171665#nav-i=61&ref=mba&nav-p=P1&relevantProduct=false,https://bilder.baur.de/i/empiriecom/0c0ffd137958668f59856efc3d0fa44e.jpg
clothing,men,shoes,business,x,clothing-men-shoes-business,20230708-569-schuhe,de/clothing-men-shoes-business.html,https://www.schuhe.de/herren-business-schuhe/produkt/lloyd-cp997626.html,https://i2.schuhe.de//imgdb/img/_fsmedia1/130000135/cache/130000135-list-s-04.jpg
clothing,men,shoes,business,x,clothing-men-shoes-business,20230708-568-schuhe,de/clothing-men-shoes-business.html,https://www.schuhe.de/herren-business-schuhe/produkt/flecs-cp1570200.html,https://i3.schuhe.de//imgdb/img/_nmuecke/829798/cache/829798-list-s-04.jpg
clothing,men,shoes,business,x,clothing-men-shoes-business,20230708-567-baur,de/clothing-men-shoes-business.html,https://baur.de/p/waldlaeufer-schnuerschuh-henry/AKLBB1216300661?nav-c=33815&sku=5563750741#nav-i=55&ref=mba&nav-p=P1&relevantProduct=false,https://bilder.baur.de/i/empiriecom/f1be743a282613170b975988cb4ee360.jpg
clothing,men,shoes,business,x,clothing-men-shoes-business,20230708-561-schuhe,de/clothing-men-shoes-business.html,https://www.schuhe.de/herren-business-schuhe/produkt/moma-cp1569631.html,https://i3.schuhe.de//imgdb/img/_nmuecke/829174/cache/829174-list-s-04.jpg
clothing,men,shoes,business,x,clothing-men-shoes-business,20230708-561-schuhe,de/clothing-men-shoes-business.html,https://www.schuhe.de/herren-business-schuhe/produkt/melvin-hamilton-cp1544178.html,https://i2.schuhe.de//imgdb/img/_qbapp/336-130591008/cache/336-130591008-list-s-04.jpg
clothing,men,shoes,business,x,clothing-men-shoes-business,20230708-559-baur,de/clothing-men-shoes-business.html,https://baur.de/p/bugatti-schnuerschuh-mit-seitlichem-logo/AKLBB1650880731?nav-c=33815&sku=7134982924#nav-i=49&ref=mba&nav-p=P1&relevantProduct=false,https://bilder.baur.de/i/empiriecom/fdb5b9d12a3a5eda1bb303342e12aebf.jpg
clothing,men,shoes,business,x,clothing-men-shoes-business,20230708-554-schuhe,de/clothing-men-shoes-business.html,https://www.schuhe.de/herren-business-schuhe/produkt/bugatti-cp1512407.html,https://i2.schuhe.de//imgdb/img/_fsmedia20/A98076/cache/A98076-list-s-04.jpg
clothing,men,shoes,business,x,clothing-men-shoes-business,20230708-547-schuhe,de/clothing-men-shoes-business.html,https://www.schuhe.de/herren-business-schuhe/produkt/lloyd-cp1546019.html,https://i3.schuhe.de//imgdb/img/_schreiber/132500006/cache/132500006-list-s-04.jpg
clothing,men,shoes,business,x,clothing-men-shoes-business,20230708-542-schuhe,de/clothing-men-shoes-business.html,https://www.schuhe.de/herren-business-schuhe/produkt/lloyd-cp1541399.html,https://i1.schuhe.de//imgdb/img/_rissel/137001016/cache/137001016-list-s-04.jpg
clothing,men,shoes,business,x,clothing-men-shoes-business,20230708-538-baur,de/clothing-men-shoes-business.html,https://baur.de/p/bugatti-schnuerschuh-mit-seitlichem-logoschriftzug/AKLBB1713811473?nav-c=33815&sku=2714396971#nav-i=51&ref=mba&nav-p=P1&relevantProduct=false,https://bilder.baur.de/i/empiriecom/6ab591b852149d54e9023ba0897f126e.jpg
clothing,men,shoes,business,x,clothing-men-shoes-business,20230708-537-schuhe,de/clothing-men-shoes-business.html,https://www.schuhe.de/herren-business-schuhe/produkt/digel-cp1542130.html,https://i0.schuhe.de//imgdb/img/_fsmedia20/A97512/cache/A97512-list-s-04.jpg
clothing,men,shoes,business,x,clothing-men-shoes-business,20230708-535-baur,de/clothing-men-shoes-business.html,https://baur.de/p/bugatti-schnuerschuh-mit-seitlichem-logoschriftzug/AKLBB1691096405?nav-c=33815&sku=7804010234#nav-i=3&ref=mba&nav-p=P1&relevantProduct=false,https://bilder.baur.de/i/empiriecom/e07866259aaef3d7dd2fc1faa6306774.jpg
clothing,men,shoes,business,x,clothing-men-shoes-business,20230708-532-baur,de/clothing-men-shoes-business.html,https://baur.de/p/rieker-slipper/AKLBB745310295?nav-c=33815&sku=8261816365#nav-i=48&ref=mba&nav-p=P1&relevantProduct=false,https://bilder.baur.de/i/empiriecom/1d1efca373a579b222945e5cc1467fc1.jpg
clothing,men,shoes,business,x,clothing-men-shoes-business,20230708-522-schuhe,de/clothing-men-shoes-business.html,https://www.schuhe.de/herren-business-schuhe/produkt/bugatti-cp1568936.html,https://i0.schuhe.de//imgdb/img/_nmuecke/815170/cache/815170-list-s-04.jpg
clothing,men,shoes,business,x,clothing-men-shoes-business,20230708-516-baur,de/clothing-men-shoes-business.html,https://baur.de/p/rieker-schnuerschuh-in-business-look/AKLBB1560642158?nav-c=33815&sku=1430482887#nav-i=1&ref=mba&nav-p=P1&relevantProduct=false,https://bilder.baur.de/i/empiriecom/da1f71ee8f0d97c81cf6c95f958b4a46.jpg
clothing,men,shoes,business,x,clothing-men-shoes-business,20230708-507-schuhe,de/clothing-men-shoes-business.html,https://www.schuhe.de/herren-business-schuhe/produkt/moma-cp1540945.html,https://i2.schuhe.de//imgdb/img/_fsmedia2/37062/cache/37062-list-s-04.jpg
clothing,men,shoes,business,x,clothing-men-shoes-business,20230708-499-schuhe,de/clothing-men-shoes-business.html,https://www.schuhe.de/herren-business-schuhe/produkt/lloyd-cp154343.html,https://i2.schuhe.de//imgdb/img/_hillenhinrichs/139001548/cache/139001548-list-s-04.jpg
clothing,men,shoes,business,x,clothing-men-shoes-business,20230708-491-baur,de/clothing-men-shoes-business.html,https://baur.de/p/rieker-schnuerstiefelette-im-business-look/AKLBB1611656939?nav-c=33815&sku=3843484797#nav-i=47&ref=mba&nav-p=P1&relevantProduct=false,https://bilder.baur.de/i/empiriecom/cf30bbd73ee26543a2ad13c5a4375cf1.jpg
clothing,men,shoes,business,x,clothing-men-shoes-business,20230708-487-baur,de/clothing-men-shoes-business.html,https://baur.de/p/rieker-schnuerstiefelette-in-eleganter-optik/AKLBB1595647788?nav-c=33815&sku=6457072198#nav-i=6&ref=mba&nav-p=P1&relevantProduct=false,https://bilder.baur.de/i/empiriecom/e373e618bd9b13737f3ac9699196f9b7.jpg
clothing,men,shoes,business,x,clothing-men-shoes-business,20230708-485-schuhe,de/clothing-men-shoes-business.html,https://www.schuhe.de/herren-business-schuhe/produkt/bugatti-cp1611628.html,https://i0.schuhe.de//imgdb/img/_leifer/133811002/cache/133811002-list-s-04.jpg
clothing,men,shoes,business,x,clothing-men-shoes-business,20230708-466-baur,de/clothing-men-shoes-business.html,https://baur.de/p/bugatti-schnuerschuh-mit-seitlicher-logopraegung/AKLBB1713784015?nav-c=33815&sku=3367350344#nav-i=42&ref=mba&nav-p=P1&relevantProduct=false,https://bilder.baur.de/i/empiriecom/333665ed949bc50fc13430aecc8d1a60.jpg
clothing,men,shoes,business,x,clothing-men-shoes-business,20230708-465-baur,de/clothing-men-shoes-business.html,https://baur.de/p/bugatti-schnuerschuh-mit-allover-praegung/AKLBB1713784265?nav-c=33815&sku=8984011481#nav-i=46&ref=mba&nav-p=P1&relevantProduct=false,https://bilder.baur.de/i/empiriecom/77cc58137f6ce5bf66056b4cb7b2af0c.jpg
clothing,men,shoes,business,x,clothing-men-shoes-business,20230708-464-baur,de/clothing-men-shoes-business.html,https://baur.de/p/daniel-hechter-schnuerschuh-mit-stretcheinsatz/AKLBB1691197877?nav-c=33815&sku=6204552719#nav-i=15&ref=mba&nav-p=P1&relevantProduct=false,https://bilder.baur.de/i/empiriecom/9011a0226e39a351b421af26acf5cba7.jpg
clothing,men,shoes,business,x,clothing-men-shoes-business,20230708-463-schuhe,de/clothing-men-shoes-business.html,https://www.schuhe.de/herren-business-schuhe/produkt/bugatti-cp1525943.html,https://i0.schuhe.de//imgdb/img/_fsmedia6/1624000005/cache/1624000005-list-s-04.jpg
clothing,men,shoes,business,x,clothing-men-shoes-business,20230708-461-schuhe,de/clothing-men-shoes-business.html,https://www.schuhe.de/herren-business-schuhe/produkt/lloyd-cp1511206.html,https://i0.schuhe.de//imgdb/img/_fsmedia6/1622191261/cache/1622191261-list-s-04.jpg
clothing,men,shoes,business,x,clothing-men-shoes-business,20230708-443-schuhe,de/clothing-men-shoes-business.html,https://www.schuhe.de/herren-business-schuhe/produkt/lloyd-cp154343.html,https://i3.schuhe.de//imgdb/img/_hillenhinrichs/139001548/cache/139001548-list-s-04.jpg
clothing,men,shoes,business,x,clothing-men-shoes-business,20230708-439-baur,de/clothing-men-shoes-business.html,https://baur.de/p/bugatti-schnuerschuh-mit-ziernaehten/AKLBB1713811637?nav-c=33815&sku=6530942893#nav-i=64&ref=mba&nav-p=P1&relevantProduct=false,https://bilder.baur.de/i/empiriecom/219bcdbd443d1b970af52524d49ec0ba.jpg
clothing,men,shoes,business,x,clothing-men-shoes-business,20230708-435-baur,de/clothing-men-shoes-business.html,https://baur.de/p/s-oliver-schnuerschuh-mit-seitlichem-stretcheinsatz/AKLBB1548609486?nav-c=33815&sku=3822451884#nav-i=16&ref=mba&nav-p=P1&relevantProduct=false,https://bilder.baur.de/i/empiriecom/2608e8270394e35fa1c6958a3393420b.jpg
clothing,men,shoes,business,x,clothing-men-shoes-business,20230708-434-schuhe,de/clothing-men-shoes-business.html,https://www.schuhe.de/herren-business-schuhe/produkt/lloyd-cp1612541.html,https://i0.schuhe.de//imgdb/img/_fsmedia19/163200127730/cache/163200127730-list-s-04.jpg
clothing,men,shoes,business,x,clothing-men-shoes-business,20230708-429-schuhe,de/clothing-men-shoes-business.html,https://www.schuhe.de/herren-business-schuhe/produkt/rieker-cp165223.html,https://i2.schuhe.de//imgdb/img/_anika/132001535/cache/132001535-list-s-04.jpg
clothing,men,shoes,business,x,clothing-men-shoes-business,20230708-426-schuhe,de/clothing-men-shoes-business.html,https://www.schuhe.de/herren-business-schuhe/produkt/bugatti-cp1606226.html,https://i0.schuhe.de//imgdb/img/_fsmedia20/A98784/cache/A98784-list-s-04.jpg
clothing,men,shoes,business,x,clothing-men-shoes-business,20230708-424-schuhe,de/clothing-men-shoes-business.html,https://www.schuhe.de/herren-business-schuhe/produkt/bugatti-cp1512081.html,https://i0.schuhe.de//imgdb/img/_qbapp/162-13005003/cache/162-13005003-list-s-04.jpg
clothing,men,shoes,business,x,clothing-men-shoes-business,20230708-424-schuhe,de/clothing-men-shoes-business.html,https://www.schuhe.de/herren-business-schuhe/produkt/digel-cp1542130.html,https://i2.schuhe.de//imgdb/img/_fsmedia20/A97512/cache/A97512-list-s-04.jpg
clothing,men,shoes,business,x,clothing-men-shoes-business,20230708-422-schuhe,de/clothing-men-shoes-business.html,https://www.schuhe.de/herren-business-schuhe/produkt/berwick-1707-cp1473589.html,https://i2.schuhe.de//imgdb/img/_fsmedia2/36536/cache/36536-list-s-04.jpg
clothing,men,shoes,business,x,clothing-men-shoes-business,20230708-420-schuhe,de/clothing-men-shoes-business.html,https://www.schuhe.de/herren-business-schuhe/produkt/bugatti-cp1574215.html,https://i3.schuhe.de//imgdb/img/_qbapp/119-132300908/cache/119-132300908-list-s-04.jpg
clothing,men,shoes,business,x,clothing-men-shoes-business,20230708-406-schuhe,de/clothing-men-shoes-business.html,https://www.schuhe.de/herren-business-schuhe/produkt/lloyd-cp1550571.html,https://i3.schuhe.de//imgdb/img/_qbapp/162-13035016/cache/162-13035016-list-s-04.jpg
clothing,men,shoes,business,x,clothing-men-shoes-business,20230708-403-schuhe,de/clothing-men-shoes-business.html,https://www.schuhe.de/herren-business-schuhe/produkt/imac-cp1550893.html,https://i2.schuhe.de//imgdb/img/_hofbauer/085047/cache/085047-list-s-04.jpg
clothing,men,shoes,business,x,clothing-men-shoes-business,20230708-399-schuhe,de/clothing-men-shoes-business.html,https://www.schuhe.de/herren-business-schuhe/produkt/luca-benini-cp1512956.html,https://i1.schuhe.de//imgdb/img/_fsmedia20/A97519/cache/A97519-list-s-04.jpg
clothing,men,shoes,business,x,clothing-men-shoes-business,20230708-397-schuhe,de/clothing-men-shoes-business.html,https://www.schuhe.de/herren-business-schuhe/produkt/bullboxer-cp1613307.html,https://i2.schuhe.de//imgdb/img/_nmuecke/854352/cache/854352-list-s-04.jpg
clothing,men,shoes,business,x,clothing-men-shoes-business,20230708-386-baur,de/clothing-men-shoes-business.html,https://baur.de/p/josef-seibel-budapester-alastair-14-in-extraweiter-form/AKLBB1722005626?nav-c=33815&sku=8252326521#nav-i=33&ref=mba&nav-p=P1&relevantProduct=false,https://bilder.baur.de/i/empiriecom/f71b2093931a948e090964096c904888.jpg
clothing,men,shoes,business,x,clothing-men-shoes-business,20230708-385-schuhe,de/clothing-men-shoes-business.html,https://www.schuhe.de/herren-business-schuhe/produkt/lloyd-cp1612541.html,https://i2.schuhe.de//imgdb/img/_fsmedia19/163200127730/cache/163200127730-list-s-04.jpg
clothing,men,shoes,business,x,clothing-men-shoes-business,20230708-380-baur,de/clothing-men-shoes-business.html,https://baur.de/p/rieker-schnuerschuh-in-eleganter-optik/AKLBB1560642608?nav-c=33815&sku=6868602315#nav-i=12&ref=mba&nav-p=P1&relevantProduct=false,https://bilder.baur.de/i/empiriecom/9c1a90bb49f386cef9b6dd39b9f01b39.jpg
clothing,men,shoes,business,x,clothing-men-shoes-business,20230708-378-schuhe,de/clothing-men-shoes-business.html,https://www.schuhe.de/herren-business-schuhe/produkt/sioux-cp362189.html,https://i2.schuhe.de//imgdb/img/_fsmedia4/1620011023/cache/1620011023-list-s-04.jpg
clothing,men,shoes,business,x,clothing-men-shoes-business,20230708-377-schuhe,de/clothing-men-shoes-business.html,https://www.schuhe.de/herren-business-schuhe/produkt/salamander-cp1568297.html,https://i2.schuhe.de//imgdb/img/_nmuecke/826595/cache/826595-list-s-04.jpg
clothing,men,shoes,business,x,clothing-men-shoes-business,20230708-367-schuhe,de/clothing-men-shoes-business.html,https://www.schuhe.de/herren-business-schuhe/produkt/jp-david-cp1559312.html,https://i3.schuhe.de//imgdb/img/_qbapp/759-137301170/cache/759-137301170-list-s-04.jpg
clothing,men,shoes,business,x,clothing-men-shoes-business,20230708-365-baur,de/clothing-men-shoes-business.html,https://baur.de/p/lloyd-schnuerschuh-fonda-mit-lederinnensohle/AKLBB1680230564?nav-c=33815&sku=1404033190#nav-i=40&ref=mba&nav-p=P1&relevantProduct=false,https://bilder.baur.de/i/empiriecom/b4b416b85ca767dbed87da4ee5e50c1e.jpg
clothing,men,shoes,business,x,clothing-men-shoes-business,20230708-361-schuhe,de/clothing-men-shoes-business.html,https://www.schuhe.de/herren-business-schuhe/produkt/bugatti-cp1568936.html,https://i1.schuhe.de//imgdb/img/_nmuecke/815170/cache/815170-list-s-04.jpg
clothing,men,shoes,business,x,clothing-men-shoes-business,20230708-361-baur,de/clothing-men-shoes-business.html,https://baur.de/p/jomos-schnuerschuh-strada/AKLBB1219411093?nav-c=33815&sku=9843181331#nav-i=14&ref=mba&nav-p=P1&relevantProduct=false,https://bilder.baur.de/i/empiriecom/13ccfd203e080b003af38148e5d1c417.jpg
clothing,men,shoes,business,x,clothing-men-shoes-business,20230708-360-schuhe,de/clothing-men-shoes-business.html,https://www.schuhe.de/herren-business-schuhe/produkt/bugatti-cp1606224.html,https://i3.schuhe.de//imgdb/img/_fsmedia20/A98788/cache/A98788-list-s-04.jpg
clothing,men,shoes,business,x,clothing-men-shoes-business,20230708-360-schuhe,de/clothing-men-shoes-business.html,https://www.schuhe.de/herren-business-schuhe/produkt/lloyd-cp1611851.html,https://i2.schuhe.de//imgdb/img/_fsmedia17/132301388/cache/132301388-list-s-04.jpg
clothing,men,shoes,business,x,clothing-men-shoes-business,20230708-358-schuhe,de/clothing-men-shoes-business.html,https://www.schuhe.de/herren-business-schuhe/produkt/lemargo-cp1559316.html,https://i2.schuhe.de//imgdb/img/_qbapp/759-130301079/cache/759-130301079-list-s-04.jpg
clothing,men,shoes,business,x,clothing-men-shoes-business,20230708-353-baur,de/clothing-men-shoes-business.html,https://baur.de/p/rieker-schnuerstiefelette-im-business-look/AKLBB1704911039?nav-c=33815&sku=3170490298#nav-i=56&ref=mba&nav-p=P1&relevantProduct=false,https://bilder.baur.de/i/empiriecom/5497e55fe7b6bd0f1e50207fe7291abf.jpg
clothing,men,shoes,business,x,clothing-men-shoes-business,20230708-350-baur,de/clothing-men-shoes-business.html,https://baur.de/p/rieker-schnuerschuh-mit-wasserabweisender-rieker-tex-ausstattung/AKLBB1704911328?nav-c=33815&sku=4727744351#nav-i=17&ref=mba&nav-p=P1&relevantProduct=false,https://bilder.baur.de/i/empiriecom/411ebbc543fc4596c4e3fa10de60e1d3.jpg
clothing,men,shoes,business,x,clothing-men-shoes-business,20230708-344-baur,de/clothing-men-shoes-business.html,https://baur.de/p/clarks-schnuerschuh-tilden-walk/AKLBB687110090?nav-c=33815&sku=9485525116#nav-i=28&ref=mba&nav-p=P1&relevantProduct=false,https://bilder.baur.de/i/empiriecom/6ab89cbd9bfcf29be0404ab4a65e602e.jpg
clothing,men,shoes,business,x,clothing-men-shoes-business,20230708-340-baur,de/clothing-men-shoes-business.html,https://baur.de/p/bugatti-schnuerschuh-in-spitz-zulaufender-form/AKLBB1673781715?nav-c=33815&sku=4569116568#nav-i=13&ref=mba&nav-p=P1&relevantProduct=false,https://bilder.baur.de/i/empiriecom/ecaf80cd0119399ad3afb5d38757b102.jpg
clothing,men,shoes,business,x,clothing-men-shoes-business,20230708-335-schuhe,de/clothing-men-shoes-business.html,https://www.schuhe.de/herren-business-schuhe/produkt/bugatti-cp1593343.html,https://i2.schuhe.de//imgdb/img/_nmuecke/836338/cache/836338-list-s-04.jpg
clothing,men,shoes,business,x,clothing-men-shoes-business,20230708-331-baur,de/clothing-men-shoes-business.html,https://baur.de/p/bugatti-schnuerschuh-mit-seitlichem-logoschriftzug/AKLBB1713783913?nav-c=33815&sku=5609601856#nav-i=39&ref=mba&nav-p=P1&relevantProduct=false,https://bilder.baur.de/i/empiriecom/547fe9aecbb6cc861caa201633025e5a.jpg
clothing,men,shoes,business,x,clothing-men-shoes-business,20230708-330-schuhe,de/clothing-men-shoes-business.html,https://www.schuhe.de/herren-business-schuhe/produkt/lloyd-cp1511206.html,https://i1.schuhe.de//imgdb/img/_fsmedia6/1622191261/cache/1622191261-list-s-04.jpg
clothing,men,shoes,business,x,clothing-men-shoes-business,20230708-324-schuhe,de/clothing-men-shoes-business.html,https://www.schuhe.de/herren-business-schuhe/produkt/digel-cp1542132.html,https://i3.schuhe.de//imgdb/img/_fsmedia20/A97513/cache/A97513-list-s-04.jpg
clothing,men,shoes,business,x,clothing-men-shoes-business,20230708-321-schuhe,de/clothing-men-shoes-business.html,https://www.schuhe.de/herren-business-schuhe/produkt/bugatti-cp1569286.html,https://i3.schuhe.de//imgdb/img/_nmuecke/816747/cache/816747-list-s-04.jpg
clothing,men,shoes,business,x,clothing-men-shoes-business,20230708-320-baur,de/clothing-men-shoes-business.html,https://baur.de/p/bugatti-schnuerschuh-mit-seitlichem-logo/AKLBB1691096222?nav-c=33815&sku=7117992966#nav-i=27&ref=mba&nav-p=P1&relevantProduct=false,https://bilder.baur.de/i/empiriecom/f83b1f736b73b71365d14ecd8040415b.jpg
clothing,men,shoes,business,x,clothing-men-shoes-business,20230708-314-schuhe,de/clothing-men-shoes-business.html,https://www.schuhe.de/herren-business-schuhe/produkt/berwick-1707-cp1560691.html,https://i1.schuhe.de//imgdb/img/_fsmedia2/37496/cache/37496-list-s-04.jpg
clothing,men,shoes,business,x,clothing-men-shoes-business,20230708-312-baur,de/clothing-men-shoes-business.html,https://baur.de/p/clarks-schnuerschuh-howard-walk-mit-lederinnensohle/AKLBB1687341006?nav-c=33815&sku=1377045851#nav-i=62&ref=mba&nav-p=P1&relevantProduct=false,https://bilder.baur.de/i/empiriecom/4371e73f25043d32902fbfc64d4bdaa9.jpg
clothing,men,shoes,business,x,clothing-men-shoes-business,20230708-311-baur,de/clothing-men-shoes-business.html,https://baur.de/p/bugatti-slipper-mit-perforierung-weite-g-weit/AKLBB1673781888?nav-c=33815&sku=2959170758#nav-i=21&ref=mba&nav-p=P1&relevantProduct=false,https://bilder.baur.de/i/empiriecom/8d22332a4113a5ee2d43d7300bb77c16.jpg
clothing,men,shoes,business,x,clothing-men-shoes-business,20230708-310-schuhe,de/clothing-men-shoes-business.html,https://www.schuhe.de/herren-business-schuhe/produkt/imac-cp1550893.html,https://i0.schuhe.de//imgdb/img/_hofbauer/085047/cache/085047-list-s-04.jpg
clothing,men,shoes,business,x,clothing-men-shoes-business,20230708-300-baur,de/clothing-men-shoes-business.html,https://baur.de/p/ecco-schnuerschuh-melbourne-amber-in-used-optik/AKLBB1349835406?nav-c=33815&sku=9880434688#nav-i=66&ref=mba&nav-p=P1&relevantProduct=false,https://bilder.baur.de/i/empiriecom/12fb1b667ae2e62035a26973b56ffe56.jpg
clothing,men,shoes,business,x,clothing-men-shoes-business,20230708-297-schuhe,de/clothing-men-shoes-business.html,https://www.schuhe.de/herren-business-schuhe/produkt/rieker-cp165223.html,https://i0.schuhe.de//imgdb/img/_anika/132001535/cache/132001535-list-s-04.jpg
clothing,men,shoes,business,x,clothing-men-shoes-business,20230708-297-baur,de/clothing-men-shoes-business.html,https://baur.de/p/melvin-hamilton-slipper-clive-1-aus-vegetabil-gegerbtem-leder/AKLBB1675482313?nav-c=33815&sku=9266442713#nav-i=58&ref=mba&nav-p=P1&relevantProduct=false,https://bilder.baur.de/i/empiriecom/ac0486e2734186cd1bc1565c4743bc58.jpg
clothing,men,shoes,business,x,clothing-men-shoes-business,20230708-286-schuhe,de/clothing-men-shoes-business.html,https://www.schuhe.de/herren-business-schuhe/produkt/soliver-cp1608016.html,https://i3.schuhe.de//imgdb/img/_nwortmann/5-13210-41-001-9992/cache/5-13210-41-001-9992-list-s-04.jpg
clothing,men,shoes,business,x,clothing-men-shoes-business,20230708-284-schuhe,de/clothing-men-shoes-business.html,https://www.schuhe.de/herren-business-schuhe/produkt/lloyd-cp1565027.html,https://i1.schuhe.de//imgdb/img/_fsmedia1/130300014/cache/130300014-list-s-04.jpg
clothing,men,shoes,business,x,clothing-men-shoes-business,20230708-280-schuhe,de/clothing-men-shoes-business.html,https://www.schuhe.de/herren-business-schuhe/produkt/flecs-cp1570200.html,https://i0.schuhe.de//imgdb/img/_nmuecke/829798/cache/829798-list-s-04.jpg
clothing,men,shoes,business,x,clothing-men-shoes-business,20230708-278-schuhe,de/clothing-men-shoes-business.html,https://www.schuhe.de/herren-business-schuhe/produkt/sioux-cp1576637.html,https://i1.schuhe.de//imgdb/img/_qbapp/634-200-20-0017/cache/634-200-20-0017-list-s-04.jpg
clothing,men,shoes,business,x,clothing-men-shoes-business,20230708-269-baur,de/clothing-men-shoes-business.html,https://baur.de/p/melvin-hamilton-schnuerschuh-toni-36-mit-gepolsterter-innensohle/AKLBB1675766945?nav-c=33815&sku=6134430912#nav-i=50&ref=mba&nav-p=P1&relevantProduct=false,https://bilder.baur.de/i/empiriecom/559fa3a1d23e79e44c8b8e0fe3e41f28.jpg
clothing,men,shoes,business,x,clothing-men-shoes-business,20230708-253-schuhe,de/clothing-men-shoes-business.html,https://www.schuhe.de/herren-business-schuhe/produkt/bugatti-cp1613009.html,https://i0.schuhe.de//imgdb/img/_nmuecke/836342/cache/836342-list-s-04.jpg
clothing,men,shoes,business,x,clothing-men-shoes-business,20230708-242-schuhe,de/clothing-men-shoes-business.html,https://www.schuhe.de/herren-business-schuhe/produkt/bugatti-cp1569439.html,https://i3.schuhe.de//imgdb/img/_nmuecke/817974/cache/817974-list-s-04.jpg
clothing,men,shoes,business,x,clothing-men-shoes-business,20230708-235-schuhe,de/clothing-men-shoes-business.html,https://www.schuhe.de/herren-business-schuhe/produkt/lloyd-cp1505495.html,https://i3.schuhe.de//imgdb/img/_fsmedia10/131201800/cache/131201800-list-s-04.jpg
clothing,men,shoes,business,x,clothing-men-shoes-business,20230708-229-schuhe,de/clothing-men-shoes-business.html,https://www.schuhe.de/herren-business-schuhe/produkt/bugatti-cp1548725.html,https://i0.schuhe.de//imgdb/img/_fsmedia6/1620091539/cache/1620091539-list-s-04.jpg
clothing,men,shoes,business,x,clothing-men-shoes-business,20230708-225-schuhe,de/clothing-men-shoes-business.html,https://www.schuhe.de/herren-business-schuhe/produkt/bugatti-cp1532551.html,https://i2.schuhe.de//imgdb/img/_hofbauer/085026/cache/085026-list-s-04.jpg
clothing,men,shoes,business,x,clothing-men-shoes-business,20230708-224-schuhe,de/clothing-men-shoes-business.html,https://www.schuhe.de/herren-business-schuhe/produkt/bugatti-cp1540444.html,https://i3.schuhe.de//imgdb/img/_hofbauer/085017/cache/085017-list-s-04.jpg
clothing,men,shoes,business,x,clothing-men-shoes-business,20230708-222-baur,de/clothing-men-shoes-business.html,https://baur.de/p/bugatti-schnuerschuh-mit-seitlichem-logoschriftzug/AKLBB1673783169?nav-c=33815&sku=9263146377#nav-i=43&ref=mba&nav-p=P1&relevantProduct=false,https://bilder.baur.de/i/empiriecom/73d648b31e4439a16f633e645e2dd776.jpg
clothing,men,shoes,business,x,clothing-men-shoes-business,20230708-208-baur,de/clothing-men-shoes-business.html,https://baur.de/p/lloyd-schnuerschuh-messino-mit-fersenpolster/AKLBB1680231714?nav-c=33815&sku=7968674381#nav-i=57&ref=mba&nav-p=P1&relevantProduct=false,https://bilder.baur.de/i/empiriecom/e97fadc278c80c865df74f946d37e4d8.jpg
clothing,men,shoes,business,x,clothing-men-shoes-business,20230708-205-schuhe,de/clothing-men-shoes-business.html,https://www.schuhe.de/herren-business-schuhe/produkt/lloyd-cp1611851.html,https://i1.schuhe.de//imgdb/img/_fsmedia17/132301388/cache/132301388-list-s-04.jpg
clothing,men,shoes,business,x,clothing-men-shoes-business,20230708-204-baur,de/clothing-men-shoes-business.html,https://baur.de/p/geox-schnuerstiefel-u-jaylon-mit-seitlicher-zierschnalle/AKLBB1556296093?nav-c=33815&sku=2540085038#nav-i=60&ref=mba&nav-p=P1&relevantProduct=false,https://bilder.baur.de/i/empiriecom/c7c384d09e8ba9671441b6d6dc16f871.jpg
clothing,men,shoes,business,x,clothing-men-shoes-business,20230708-193-schuhe,de/clothing-men-shoes-business.html,https://www.schuhe.de/herren-business-schuhe/produkt/flecs-cp1570980.html,https://i1.schuhe.de//imgdb/img/_nmuecke/829800/cache/829800-list-s-04.jpg
clothing,men,shoes,business,x,clothing-men-shoes-business,20230708-186-schuhe,de/clothing-men-shoes-business.html,https://www.schuhe.de/herren-business-schuhe/produkt/rieker-cp1613321.html,https://i3.schuhe.de//imgdb/img/_rieker/10304-00/cache/10304-00-list-s-04.jpg
clothing,men,shoes,business,x,clothing-men-shoes-business,20230708-186-baur,de/clothing-men-shoes-business.html,https://baur.de/p/ecco-schnuerschuh-melbourne/AKLBB690062599?nav-c=33815&sku=6621245722#nav-i=44&ref=mba&nav-p=P1&relevantProduct=false,https://bilder.baur.de/i/empiriecom/ac46f32bff31cb3f40bc06ede5d8edce.jpg
clothing,men,shoes,business,x,clothing-men-shoes-business,20230708-184-schuhe,de/clothing-men-shoes-business.html,https://www.schuhe.de/herren-business-schuhe/produkt/bugatti-cp1569439.html,https://i2.schuhe.de//imgdb/img/_nmuecke/817974/cache/817974-list-s-04.jpg
clothing,men,shoes,business,x,clothing-men-shoes-business,20230708-183-schuhe,de/clothing-men-shoes-business.html,https://www.schuhe.de/herren-business-schuhe/produkt/digel-cp1612296.html,https://i2.schuhe.de//imgdb/img/_fsmedia19/163220127340/cache/163220127340-list-s-04.jpg
clothing,men,shoes,business,x,clothing-men-shoes-business,20230708-181-schuhe,de/clothing-men-shoes-business.html,https://www.schuhe.de/herren-business-schuhe/produkt/bugatti-cp1558501.html,https://i3.schuhe.de//imgdb/img/_paradies/141992/cache/141992-list-s-04.jpg
clothing,men,shoes,business,x,clothing-men-shoes-business,20230708-178-schuhe,de/clothing-men-shoes-business.html,https://www.schuhe.de/herren-business-schuhe/produkt/bugatti-cp1613123.html,https://i2.schuhe.de//imgdb/img/_nmuecke/836345/cache/836345-list-s-04.jpg
clothing,men,shoes,business,x,clothing-men-shoes-business,20230708-177-schuhe,de/clothing-men-shoes-business.html,https://www.schuhe.de/herren-business-schuhe/produkt/bugatti-cp1550205.html,https://i3.schuhe.de//imgdb/img/_fsmedia20/A97068/cache/A97068-list-s-04.jpg
clothing,men,shoes,business,x,clothing-men-shoes-business,20230708-158-schuhe,de/clothing-men-shoes-business.html,https://www.schuhe.de/herren-business-schuhe/produkt/lloyd-cp1551788.html,https://i1.schuhe.de//imgdb/img/_schreiber/132000013/cache/132000013-list-s-04.jpg
clothing,men,shoes,business,x,clothing-men-shoes-business,20230708-154-schuhe,de/clothing-men-shoes-business.html,https://www.schuhe.de/herren-business-schuhe/produkt/lloyd-cp1554061.html,https://i1.schuhe.de//imgdb/img/_fsmedia4/1620092248/cache/1620092248-list-s-04.jpg
clothing,men,shoes,business,x,clothing-men-shoes-business,20230708-151-schuhe,de/clothing-men-shoes-business.html,https://www.schuhe.de/herren-business-schuhe/produkt/lloyd-cp1532060.html,https://i2.schuhe.de//imgdb/img/_hillenhinrichs/130331527/cache/130331527-list-s-04.jpg
clothing,men,shoes,business,x,clothing-men-shoes-business,20230708-149-schuhe,de/clothing-men-shoes-business.html,https://www.schuhe.de/herren-business-schuhe/produkt/flecs-cp1570980.html,https://i3.schuhe.de//imgdb/img/_nmuecke/829800/cache/829800-list-s-04.jpg
clothing,men,shoes,business,x,clothing-men-shoes-business,20230708-144-baur,de/clothing-men-shoes-business.html,https://baur.de/p/krisbut-schnuerschuh-mit-gepolsterter-innensohle/AKLBB1725820340?nav-c=33815&sku=4105914511#nav-i=45&ref=mba&nav-p=P1&relevantProduct=false,https://bilder.baur.de/i/empiriecom/85b03e38b4ee6d218ec03722335e411d.jpg
clothing,men,shoes,business,x,clothing-men-shoes-business,20230708-135-schuhe,de/clothing-men-shoes-business.html,https://www.schuhe.de/herren-business-schuhe/produkt/sioux-cp1576637.html,https://i3.schuhe.de//imgdb/img/_qbapp/634-200-20-0017/cache/634-200-20-0017-list-s-04.jpg
clothing,men,shoes,business,x,clothing-men-shoes-business,20230708-134-schuhe,de/clothing-men-shoes-business.html,https://www.schuhe.de/herren-business-schuhe/produkt/bugatti-cp1611628.html,https://i2.schuhe.de//imgdb/img/_leifer/133811002/cache/133811002-list-s-04.jpg
clothing,men,shoes,business,x,clothing-men-shoes-business,20230708-133-baur,de/clothing-men-shoes-business.html,https://baur.de/p/bugatti-schnuerschuh-mit-perforierung/AKLBB1673782324?nav-c=33815&sku=3695664398#nav-i=20&ref=mba&nav-p=P1&relevantProduct=false,https://bilder.baur.de/i/empiriecom/42fbab6e1d84533f382fc0bbaadc43c9.jpg
clothing,men,shoes,business,x,clothing-men-shoes-business,20230708-131-schuhe,de/clothing-men-shoes-business.html,https://www.schuhe.de/herren-business-schuhe/produkt/bugatti-cp1545177.html,https://i1.schuhe.de//imgdb/img/_fsmedia7/096494/cache/096494-list-s-04.jpg
clothing,men,shoes,business,x,clothing-men-shoes-business,20230708-128-schuhe,de/clothing-men-shoes-business.html,https://www.schuhe.de/herren-business-schuhe/produkt/rieker-cp1511374.html,https://i3.schuhe.de//imgdb/img/_rieker/13516-22/cache/13516-22-list-s-04.jpg
clothing,men,shoes,business,x,clothing-men-shoes-business,20230708-126-schuhe,de/clothing-men-shoes-business.html,https://www.schuhe.de/herren-business-schuhe/produkt/moma-cp1540328.html,https://i3.schuhe.de//imgdb/img/_fsmedia15_2/133-80-44-02/cache/133-80-44-02-list-s-04.jpg
clothing,men,shoes,business,x,clothing-men-shoes-business,20230708-117-schuhe,de/clothing-men-shoes-business.html,https://www.schuhe.de/herren-business-schuhe/produkt/lloyd-cp1605922.html,https://i0.schuhe.de//imgdb/img/_fsmedia19/163000130060/cache/163000130060-list-s-04.jpg
clothing,men,shoes,business,x,clothing-men-shoes-business,20230708-116-schuhe,de/clothing-men-shoes-business.html,https://www.schuhe.de/herren-business-schuhe/produkt/lloyd-cp1532060.html,https://i3.schuhe.de//imgdb/img/_hillenhinrichs/130331527/cache/130331527-list-s-04.jpg
clothing,men,shoes,business,x,clothing-men-shoes-business,20230708-110-schuhe,de/clothing-men-shoes-business.html,https://www.schuhe.de/herren-business-schuhe/produkt/luca-benini-cp1531502.html,https://i0.schuhe.de//imgdb/img/_fsmedia20/A97520/cache/A97520-list-s-04.jpg
clothing,men,shoes,business,x,clothing-men-shoes-business,20230708-107-schuhe,de/clothing-men-shoes-business.html,https://www.schuhe.de/herren-business-schuhe/produkt/lloyd-cp1542125.html,https://i0.schuhe.de//imgdb/img/_fsmedia20/A97526/cache/A97526-list-s-04.jpg
clothing,men,shoes,business,x,clothing-men-shoes-business,20230708-105-schuhe,de/clothing-men-shoes-business.html,https://www.schuhe.de/herren-business-schuhe/produkt/bugatti-cp1428165.html,https://i2.schuhe.de//imgdb/img/_nmuecke/811249/cache/811249-list-s-04.jpg
clothing,men,shoes,business,x,clothing-men-shoes-business,20230708-103-schuhe,de/clothing-men-shoes-business.html,https://www.schuhe.de/herren-business-schuhe/produkt/lloyd-cp1550571.html,https://i1.schuhe.de//imgdb/img/_qbapp/162-13035016/cache/162-13035016-list-s-04.jpg
clothing,men,shoes,business,x,clothing-men-shoes-business,20230708-102-baur,de/clothing-men-shoes-business.html,https://baur.de/p/ecco-schnuerschuh-helsinki-2-mit-herausnehmbarem-fussbett/AKLBB1611799303?nav-c=33815&sku=5766573981#nav-i=22&ref=mba&nav-p=P1&relevantProduct=false,https://bilder.baur.de/i/empiriecom/1ff4c9effed073053cfedd224ae3b0e5.jpg
