clothing,men,sweaters,x,x,clothing-men-sweaters,20230709-961-baur,de/clothing-men-sweaters.html,https://baur.de/p/ajc-strickpullover-in-melierter-optik/AKLBB1606607444?nav-c=2121&sku=7909362785#nav-i=26&ref=mba&nav-p=P1&relevantProduct=false,https://bilder.baur.de/i/empiriecom/dce09906a090afe40ea567b1a7f86afb.jpg
clothing,men,sweaters,x,x,clothing-men-sweaters,20230709-955-baur,de/clothing-men-sweaters.html,https://baur.de/p/tommy-hilfiger-troyer-spring-grid-zip-mock-in-waffelstruktur/AKLBB1666361839?nav-c=2121&sku=9418593498#nav-i=68&ref=mba&nav-p=P1&relevantProduct=false,https://bilder.baur.de/i/empiriecom/0ed0e443bb4b928c1fa392684443ed51.jpg
clothing,men,sweaters,x,x,clothing-men-sweaters,20230709-949-baur,de/clothing-men-sweaters.html,https://baur.de/p/cipo-baxx-strickpullover-mit-modischem-strick-look/AKLBB1702935366?nav-c=2121&sku=8693660993#nav-i=72&ref=mba&nav-p=P1&relevantProduct=false,https://bilder.baur.de/i/empiriecom/66c1a6e1a565ffde2e1dc3b45bf0eb31.jpg
clothing,men,sweaters,x,x,clothing-men-sweaters,20230709-886-baur,de/clothing-men-sweaters.html,https://baur.de/p/tom-tailor-denim-strickpullover-mit-dezenter-struktur/AKLBB988026655?nav-c=2121&sku=6854693736#nav-i=38&ref=mba&nav-p=P1&relevantProduct=false,https://bilder.baur.de/i/empiriecom/8bd975cf6a4f542c54a94983b4ff252f.jpg
clothing,men,sweaters,x,x,clothing-men-sweaters,20230709-687-baur,de/clothing-men-sweaters.html,https://baur.de/p/jack-jones-rundhalspullover-classic-waffle-knit-crew-neck/AKLBB1597938918?nav-c=2121&sku=9051191578#nav-i=45&ref=mba&nav-p=P1&relevantProduct=false,https://bilder.baur.de/i/empiriecom/440ff4562cc0517ed467478df18effc5.jpg
clothing,men,sweaters,x,x,clothing-men-sweaters,20230709-542-baur,de/clothing-men-sweaters.html,https://baur.de/p/alessandro-salvarini-kapuzenpullover-asremii-hoodie-mit-kapuze/AKLBB1735910603?nav-c=2121&sku=1149542993#nav-i=72&ref=mba&nav-p=P1&relevantProduct=false,https://bilder.baur.de/i/empiriecom/fe3b9fea43fc1d4b7cb283d6cb9d1869.jpg
clothing,men,sweaters,x,x,clothing-men-sweaters,20230709-384-baur,de/clothing-men-sweaters.html,https://baur.de/p/jack-jones-rundhalspullover-hill-knit/AKLBB873758065?nav-c=2121&sku=6145494926#nav-i=66&ref=mba&nav-p=P1&relevantProduct=false,https://bilder.baur.de/i/empiriecom/32d9771c5458659e870f6820f1539a73.jpg
clothing,men,sweaters,x,x,clothing-men-sweaters,20230709-336-baur,de/clothing-men-sweaters.html,https://baur.de/p/tom-tailor-polo-team-v-ausschnitt-pullover/AKLBB1127769378?nav-c=2121&sku=4223294092#nav-i=41&ref=mba&nav-p=P1&relevantProduct=false,https://bilder.baur.de/i/empiriecom/baf78a1d591e4ecdcba1cf41b56a8e2c.jpg
clothing,men,sweaters,x,x,clothing-men-sweaters,20230709-329-baur,de/clothing-men-sweaters.html,https://baur.de/p/tom-tailor-denim-strickpullover/AKLBB1627929537?nav-c=2121&sku=5459482763#nav-i=70&ref=mba&nav-p=P1&relevantProduct=false,https://bilder.baur.de/i/empiriecom/d3b7516f9a5d0c4b9f2424d885e1ec60.jpg
clothing,men,sweaters,x,x,clothing-men-sweaters,20230709-310-baur,de/clothing-men-sweaters.html,https://baur.de/p/cipo-baxx-rollkragenpullover-mit-kariertem-strickmuster/AKLBB1520050740?nav-c=2121&sku=9997945099#nav-i=59&ref=mba&nav-p=P1&relevantProduct=false,https://bilder.baur.de/i/empiriecom/9e9228db94dd665f4bec27176e5d8230.jpg
clothing,men,sweaters,x,x,clothing-men-sweaters,20230709-253-baur,de/clothing-men-sweaters.html,https://baur.de/p/mans-world-kaschmirpullover/AKLBB1457059816?nav-c=2121&sku=8272865424#nav-i=65&ref=mba&nav-p=P1&relevantProduct=false,https://bilder.baur.de/i/empiriecom/800ccabe532fd85a379bc211fc78e849.jpg
clothing,men,sweaters,x,x,clothing-men-sweaters,20230709-195-baur,de/clothing-men-sweaters.html,https://baur.de/p/lerros-rundhalspullover/AKLBB1667981565?nav-c=2121&sku=6506500773#nav-i=43&ref=mba&nav-p=P1&relevantProduct=false,https://bilder.baur.de/i/empiriecom/577b08e82634b591fc015f94d26f9ea9.jpg
clothing,men,sweaters,x,x,clothing-men-sweaters,20230708-979-baur,de/clothing-men-sweaters.html,https://baur.de/p/behype-strickpullover-mkboni-mit-kurzem-stehkragen/AKLBB1693580150?nav-c=2121&sku=1916145593#nav-i=59&ref=mba&nav-p=P1&relevantProduct=false,https://bilder.baur.de/i/empiriecom/67b572c8f12e3478999155f3b593189a.jpg
clothing,men,sweaters,x,x,clothing-men-sweaters,20230708-948-baur,de/clothing-men-sweaters.html,https://baur.de/p/mans-world-strickpullover/AKLBB1135130614?nav-c=2121&sku=9741171089#nav-i=67&ref=mba&nav-p=P1&relevantProduct=false,https://bilder.baur.de/i/empiriecom/b51b604bf5cd2844969fcb3d99bd9a0e.jpg
clothing,men,sweaters,x,x,clothing-men-sweaters,20230708-934-baur,de/clothing-men-sweaters.html,https://baur.de/p/h-i-s-v-ausschnitt-pullover-feinstrick-in-legerer-form/AKLBB1636374572?nav-c=2121&sku=6294093530#nav-i=31&ref=mba&nav-p=P1&relevantProduct=false,https://bilder.baur.de/i/empiriecom/c1f0b43517b2082bdf2ec832a78dcaf8.jpg
clothing,men,sweaters,x,x,clothing-men-sweaters,20230708-928-baur,de/clothing-men-sweaters.html,https://baur.de/p/tommy-hilfiger-rundhalspullover-interlaced-structure-crew-neck-mit-kleinem-strukturmuster/AKLBB1687563327?nav-c=2121&sku=7545016728#nav-i=29&ref=mba&nav-p=P1&relevantProduct=false,https://bilder.baur.de/i/empiriecom/d19199a1f931a5fb197a80c8eb9f91db.jpg
clothing,men,sweaters,x,x,clothing-men-sweaters,20230708-924-baur,de/clothing-men-sweaters.html,https://baur.de/p/tom-tailor-troyer-mit-kleinem-stehkragen-und-zipper/AKLBB1626943125?nav-c=2121&sku=4223566953#nav-i=23&ref=mba&nav-p=P1&relevantProduct=false,https://bilder.baur.de/i/empiriecom/cd7bac18fcc4b9cf3242239c49a2145d.jpg
clothing,men,sweaters,x,x,clothing-men-sweaters,20230708-897-baur,de/clothing-men-sweaters.html,https://baur.de/p/killtec-strickjacke-kos-72-mn-flx-jckt/AKLBB1723449295?nav-c=2121&sku=4019415299#nav-i=34&ref=mba&nav-p=P1&relevantProduct=false,https://bilder.baur.de/i/empiriecom/500cbdbf2198ade4ce3329abff44f971.jpg
clothing,men,sweaters,x,x,clothing-men-sweaters,20230708-893-baur,de/clothing-men-sweaters.html,https://baur.de/p/killtec-strickjacke-kow-85-mn-flx-jckt/AKLBB1684470800?nav-c=2121&sku=9296514999#nav-i=13&ref=mba&nav-p=P1&relevantProduct=false,https://bilder.baur.de/i/empiriecom/c06417e1c3affa5ff992ac2d602fa006.jpg
clothing,men,sweaters,x,x,clothing-men-sweaters,20230708-879-baur,de/clothing-men-sweaters.html,https://baur.de/p/tom-tailor-strickpullover/AKLBB1626946775?nav-c=2121&sku=8155582225#nav-i=68&ref=mba&nav-p=P1&relevantProduct=false,https://bilder.baur.de/i/empiriecom/b9fed927a73b2bb17f6440ca316294d6.jpg
clothing,men,sweaters,x,x,clothing-men-sweaters,20230708-867-baur,de/clothing-men-sweaters.html,https://baur.de/p/h-i-s-kapuzenpullover-feinstrick-in-legerer-form/AKLBB1612361403?nav-c=2121&sku=1711011081#nav-i=39&ref=mba&nav-p=P1&relevantProduct=false,https://bilder.baur.de/i/empiriecom/351714692609102921559900bc52b50d.jpg
clothing,men,sweaters,x,x,clothing-men-sweaters,20230708-863-baur,de/clothing-men-sweaters.html,https://baur.de/p/gant-v-ausschnitt-pullover-classic-cotton-v-neck-new/AKLBB1458694249?nav-c=2121&sku=7910122842#nav-i=50&ref=mba&nav-p=P1&relevantProduct=false,https://bilder.baur.de/i/empiriecom/de85b10673e6ffd970dc1290c894ff38.jpg
clothing,men,sweaters,x,x,clothing-men-sweaters,20230708-823-baur,de/clothing-men-sweaters.html,https://baur.de/p/bruno-banani-strickpullover-mit-modischer-struktur/AKLBB1241512976?nav-c=2121&sku=9922524072#nav-i=33&ref=mba&nav-p=P1&relevantProduct=false,https://bilder.baur.de/i/empiriecom/150aabcea0d8c147cf2002eb80ca3ba4.jpg
clothing,men,sweaters,x,x,clothing-men-sweaters,20230708-821-baur,de/clothing-men-sweaters.html,https://baur.de/p/mans-world-troyer/AKLBB405112719?nav-c=2121&sku=27823587#nav-i=24&ref=mba&nav-p=P1&relevantProduct=false,https://bilder.baur.de/i/empiriecom/8d32a69cd5e674a026114459202350bd.jpg
clothing,men,sweaters,x,x,clothing-men-sweaters,20230708-820-baur,de/clothing-men-sweaters.html,https://baur.de/p/olymp-rundhalspullover-level-5-body-fit-crew-neck/AKLBB1468255765?nav-c=2121&sku=9267183383#nav-i=17&ref=mba&nav-p=P1&relevantProduct=false,https://bilder.baur.de/i/empiriecom/2ec5a5c83886afd1996b57dfc6436202.jpg
clothing,men,sweaters,x,x,clothing-men-sweaters,20230708-739-baur,de/clothing-men-sweaters.html,https://baur.de/p/marc-opolo-rundhalspullover-im-cleanen-feinstrick/AKLBB1666330578?nav-c=2121&sku=8492145254#nav-i=53&ref=mba&nav-p=P1&relevantProduct=false,https://bilder.baur.de/i/empiriecom/f2006a8eaa8076798b3fe2e6ca5d4c48.jpg
clothing,men,sweaters,x,x,clothing-men-sweaters,20230708-714-baur,de/clothing-men-sweaters.html,https://baur.de/p/mans-world-rundhalspullover/AKLBB1384161415?nav-c=2121&sku=3041505076#nav-i=30&ref=mba&nav-p=P1&relevantProduct=false,https://bilder.baur.de/i/empiriecom/6368786a51498710bee696dce3066576.jpg
clothing,men,sweaters,x,x,clothing-men-sweaters,20230708-705-baur,de/clothing-men-sweaters.html,https://baur.de/p/tommy-hilfiger-tailored-strickpullover-fine-gauge-merino-mock-neck-aus-reiner-wolle/AKLBB1632571187?nav-c=2121&sku=4177674596#nav-i=69&ref=mba&nav-p=P1&relevantProduct=false,https://bilder.baur.de/i/empiriecom/ce03ee0949d36c9e399747f7ee91155a.jpg
clothing,men,sweaters,x,x,clothing-men-sweaters,20230708-698-baur,de/clothing-men-sweaters.html,https://baur.de/p/g-i-g-a-dx-by-killtec-fleecejacke-gs-175-mn-kntflc-jckt/AKLBB1740145824?nav-c=2121&sku=2828155799#nav-i=62&ref=mba&nav-p=P1&relevantProduct=false,https://bilder.baur.de/i/empiriecom/3108ea54252fe73f2e15380e562f161b.jpg
clothing,men,sweaters,x,x,clothing-men-sweaters,20230708-662-baur,de/clothing-men-sweaters.html,https://baur.de/p/killtec-strickjacke-kos-80-mn-flx-jckt/AKLBB1723442239?nav-c=2121&sku=3754066999#nav-i=4&ref=mba&nav-p=P1&relevantProduct=false,https://bilder.baur.de/i/empiriecom/ef113f6cd699b89c13d80764c3de1826.jpg
clothing,men,sweaters,x,x,clothing-men-sweaters,20230708-649-baur,de/clothing-men-sweaters.html,https://baur.de/p/gant-rundhalspullover-1-tlg-mit-logostickerei/AKLBB1667310423?nav-c=2121&sku=6559306857#nav-i=49&ref=mba&nav-p=P1&relevantProduct=false,https://bilder.baur.de/i/empiriecom/07f76f3a1f89e5bdf50ef4bafb03f9ed.jpg
clothing,men,sweaters,x,x,clothing-men-sweaters,20230708-631-baur,de/clothing-men-sweaters.html,https://baur.de/p/ajc-strickpullover-mit-kontrastfarbenen-elementen-im-streifenmuster/AKLBB1605528311?nav-c=2121&sku=4777625874#nav-i=40&ref=mba&nav-p=P1&relevantProduct=false,https://bilder.baur.de/i/empiriecom/6222a0e8a75fa67b5e8bef851cd70d50.jpg
clothing,men,sweaters,x,x,clothing-men-sweaters,20230708-627-baur,de/clothing-men-sweaters.html,https://baur.de/p/fynch-hatton-troyer-mit-logostickerei/AKLBB1392091890?nav-c=2121&sku=8623371492#nav-i=27&ref=mba&nav-p=P1&relevantProduct=false,https://bilder.baur.de/i/empiriecom/9e880889c7e198adecd8b6153cf1cadb.jpg
clothing,men,sweaters,x,x,clothing-men-sweaters,20230708-621-baur,de/clothing-men-sweaters.html,https://baur.de/p/fynch-hatton-strickpullover-fynch-hatton-langarmpullover-1-tlg-mit-logostickerei/AKLBB1589743833?nav-c=2121&sku=6029962497#nav-i=28&ref=mba&nav-p=P1&relevantProduct=false,https://bilder.baur.de/i/empiriecom/160180453660fbaca4af3f1afa1c5f7f.jpg
clothing,men,sweaters,x,x,clothing-men-sweaters,20230708-583-baur,de/clothing-men-sweaters.html,https://baur.de/p/tom-tailor-rundhalspullover/AKLBB1666601782?nav-c=2121&sku=3961234247#nav-i=66&ref=mba&nav-p=P1&relevantProduct=false,https://bilder.baur.de/i/empiriecom/8e3ef69038c6d1527cd0e4126f6a724f.jpg
clothing,men,sweaters,x,x,clothing-men-sweaters,20230708-579-baur,de/clothing-men-sweaters.html,https://baur.de/p/killtec-strickjacke-kow-84-mn-flx-jckt/AKLBB1684462614?nav-c=2121&sku=4740681599#nav-i=7&ref=mba&nav-p=P1&relevantProduct=false,https://bilder.baur.de/i/empiriecom/60ba304a62a01fc166db9282eb0a47b4.jpg
clothing,men,sweaters,x,x,clothing-men-sweaters,20230708-573-baur,de/clothing-men-sweaters.html,https://baur.de/p/boss-orange-strickpullover-kruy-10246063-01-1-tlg-mit-inside-out-aermelnaehten/AKLBB1656739370?nav-c=2121&sku=6108510541#nav-i=5&ref=mba&nav-p=P1&relevantProduct=false,https://bilder.baur.de/i/empiriecom/23ad7515a496c07c827f74179c01e8a0.jpg
clothing,men,sweaters,x,x,clothing-men-sweaters,20230708-537-baur,de/clothing-men-sweaters.html,https://baur.de/p/tom-tailor-strickpullover/AKLBB1626946532?nav-c=2121&sku=2884550161#nav-i=65&ref=mba&nav-p=P1&relevantProduct=false,https://bilder.baur.de/i/empiriecom/f757fee5487744886957c7fd6379f2a4.jpg
clothing,men,sweaters,x,x,clothing-men-sweaters,20230708-535-baur,de/clothing-men-sweaters.html,https://baur.de/p/boss-orange-strickpullover-kanovano-10242235-01-mit-kaschmiranteil/AKLBB1656734113?nav-c=2121&sku=8197020242#nav-i=14&ref=mba&nav-p=P1&relevantProduct=false,https://bilder.baur.de/i/empiriecom/86ac8033b23c103ebe3ce6422af2f32a.jpg
clothing,men,sweaters,x,x,clothing-men-sweaters,20230708-523-baur,de/clothing-men-sweaters.html,https://baur.de/p/tom-tailor-strickpullover/AKLBB1626946641?nav-c=2121&sku=1177852295#nav-i=44&ref=mba&nav-p=P1&relevantProduct=false,https://bilder.baur.de/i/empiriecom/d983bf2ee594e5b281dc6913b1704515.jpg
clothing,men,sweaters,x,x,clothing-men-sweaters,20230708-513-baur,de/clothing-men-sweaters.html,https://baur.de/p/tommy-hilfiger-rundhalspullover-1985-crew-neck-sweater-von-der-kollektion-aus-1985-inspiriert/AKLBB1388306510?nav-c=2121&sku=1787804640#nav-i=3&ref=mba&nav-p=P1&relevantProduct=false,https://bilder.baur.de/i/empiriecom/4a6f6fac6e0aa2bb80c7bb6a2673d8d6.jpg
clothing,men,sweaters,x,x,clothing-men-sweaters,20230708-508-baur,de/clothing-men-sweaters.html,https://baur.de/p/tommy-hilfiger-rundhalspullover-mouline-gs-striped-crew-neck-mit-tommy-hilfiger-stickereien-auf-brust-und-an-den-aermeln/AKLBB1666360723?nav-c=2121&sku=4415295011#nav-i=41&ref=mba&nav-p=P1&relevantProduct=false,https://bilder.baur.de/i/empiriecom/0e412c6ca5d0fcbcd2bf4d9a867eee1d.jpg
clothing,men,sweaters,x,x,clothing-men-sweaters,20230708-493-baur,de/clothing-men-sweaters.html,https://baur.de/p/ajc-stehkragenpullover-mit-hohem-stehkragen-mit-kordelzug/AKLBB1606605619?nav-c=2121&sku=2506690136#nav-i=70&ref=mba&nav-p=P1&relevantProduct=false,https://bilder.baur.de/i/empiriecom/82dc853f9b00e11f3ae36a6880b6a08e.jpg
clothing,men,sweaters,x,x,clothing-men-sweaters,20230708-472-baur,de/clothing-men-sweaters.html,https://baur.de/p/jack-jones-rundhalspullover-jjtheodor-spring-knit-crew-neck/AKLBB1636679108?nav-c=2121&sku=5062435962#nav-i=52&ref=mba&nav-p=P1&relevantProduct=false,https://bilder.baur.de/i/empiriecom/d9229583f65af92252af410fab169bc5.jpg
clothing,men,sweaters,x,x,clothing-men-sweaters,20230708-450-baur,de/clothing-men-sweaters.html,https://baur.de/p/tom-tailor-strickpullover/AKLBB1583673274?nav-c=2121&sku=9112531219#nav-i=21&ref=mba&nav-p=P1&relevantProduct=false,https://bilder.baur.de/i/empiriecom/956aa6c91e01eb10bad00c2c94122268.jpg
clothing,men,sweaters,x,x,clothing-men-sweaters,20230708-436-baur,de/clothing-men-sweaters.html,https://baur.de/p/h-i-s-rundhalspullover-mit-schmalen-streifen/AKLBB1138289744?nav-c=2121&sku=9233344422#nav-i=38&ref=mba&nav-p=P1&relevantProduct=false,https://bilder.baur.de/i/empiriecom/b1f12d9faf1d96b6c2265a0287dfcc55.jpg
clothing,men,sweaters,x,x,clothing-men-sweaters,20230708-428-baur,de/clothing-men-sweaters.html,https://baur.de/p/southpole-kapuzenpullover-herren-southpole-chenille-hoody-1-tlg/AKLBB1725067871?nav-c=2121&sku=5372666193#nav-i=61&ref=mba&nav-p=P1&relevantProduct=false,https://bilder.baur.de/i/empiriecom/25d63d146984920eb73d9cad4848bd44.jpg
clothing,men,sweaters,x,x,clothing-men-sweaters,20230708-413-baur,de/clothing-men-sweaters.html,https://baur.de/p/jack-jones-rundhalspullover-leo/AKLBB1007476956?nav-c=2121&sku=3131131181#nav-i=32&ref=mba&nav-p=P1&relevantProduct=false,https://bilder.baur.de/i/empiriecom/30bb75d63caed0f48d83f594f7320db3.jpg
clothing,men,sweaters,x,x,clothing-men-sweaters,20230708-411-baur,de/clothing-men-sweaters.html,https://baur.de/p/alessandro-salvarini-kapuzenpullover-asduori-mit-dickem-kordelzug/AKLBB1764713687?nav-c=2121&sku=2803174493#nav-i=57&ref=mba&nav-p=P1&relevantProduct=false,https://bilder.baur.de/i/empiriecom/05fda3dde2785afa58562745a6853f91.jpg
clothing,men,sweaters,x,x,clothing-men-sweaters,20230708-405-baur,de/clothing-men-sweaters.html,https://baur.de/p/boss-orange-rundhalspullover-kinillo-10246049-01-1-tlg-mit-weich-angerauter-oberflaeche/AKLBB1656740481?nav-c=2121&sku=6914391361#nav-i=55&ref=mba&nav-p=P1&relevantProduct=false,https://bilder.baur.de/i/empiriecom/aed59a3b7c75feed3548a5276416b2fe.jpg
clothing,men,sweaters,x,x,clothing-men-sweaters,20230708-401-baur,de/clothing-men-sweaters.html,https://baur.de/p/tommy-hilfiger-strickpullover-1985-v-neck-sweater-mit-v-ausschnitt/AKLBB1632551878?nav-c=2121&sku=7204781964#nav-i=72&ref=mba&nav-p=P1&relevantProduct=false,https://bilder.baur.de/i/empiriecom/a57ff9c594c946ea1ebd9321cf537be5.jpg
clothing,men,sweaters,x,x,clothing-men-sweaters,20230708-394-baur,de/clothing-men-sweaters.html,https://baur.de/p/h-i-s-rundhalspullover-feinstrick-in-legerer-form/AKLBB1612361402?nav-c=2121&sku=5976533368#nav-i=6&ref=mba&nav-p=P1&relevantProduct=false,https://bilder.baur.de/i/empiriecom/40ab335a4418deb1cfa69fe6626793d5.jpg
clothing,men,sweaters,x,x,clothing-men-sweaters,20230708-389-baur,de/clothing-men-sweaters.html,https://baur.de/p/top-gun-kapuzenpullover-pp201018/AKLBB1623388770?nav-c=2121&sku=5135055134#nav-i=22&ref=mba&nav-p=P1&relevantProduct=false,https://bilder.baur.de/i/empiriecom/b51b783910ae11ed98cedaed5738589d.jpg
clothing,men,sweaters,x,x,clothing-men-sweaters,20230708-383-baur,de/clothing-men-sweaters.html,https://baur.de/p/s-oliver-strickpullover-unifarben/AKLBB1662819904?nav-c=2121&sku=6063523768#nav-i=63&ref=mba&nav-p=P1&relevantProduct=false,https://bilder.baur.de/i/empiriecom/b2739255a7741c0b3aa9af67a6ef1edd.jpg
clothing,men,sweaters,x,x,clothing-men-sweaters,20230708-380-baur,de/clothing-men-sweaters.html,https://baur.de/p/g-i-g-a-dx-by-killtec-fleecejacke-gs-145-mn-kntflc-jckt/AKLBB1733168504?nav-c=2121&sku=8302640599#nav-i=11&ref=mba&nav-p=P1&relevantProduct=false,https://bilder.baur.de/i/empiriecom/ce91108e682b3ab6450b7fcf8f5614f4.jpg
clothing,men,sweaters,x,x,clothing-men-sweaters,20230708-365-baur,de/clothing-men-sweaters.html,https://baur.de/p/top-gun-kapuzenpullover-defender-tg20191012/AKLBB1623386003?nav-c=2121&sku=8505964427#nav-i=12&ref=mba&nav-p=P1&relevantProduct=false,https://bilder.baur.de/i/empiriecom/c5e2c45d264f9abf09a4ec15d1fbd416.jpg
clothing,men,sweaters,x,x,clothing-men-sweaters,20230708-319-baur,de/clothing-men-sweaters.html,https://baur.de/p/tom-tailor-strickpullover/AKLBB1666600252?nav-c=2121&sku=7831381142#nav-i=25&ref=mba&nav-p=P1&relevantProduct=false,https://bilder.baur.de/i/empiriecom/38748900a62f5e929f457944b298956e.jpg
clothing,men,sweaters,x,x,clothing-men-sweaters,20230708-319-baur,de/clothing-men-sweaters.html,https://baur.de/p/alessandro-salvarini-kapuzenpullover-alessandro-salvarini-herren-hoodie-as315/AKLBB1732659444?nav-c=2121&sku=1073114593#nav-i=37&ref=mba&nav-p=P1&relevantProduct=false,https://bilder.baur.de/i/empiriecom/f03ad6df76cfaa023324792c95b31c7e.jpg
clothing,men,sweaters,x,x,clothing-men-sweaters,20230708-313-baur,de/clothing-men-sweaters.html,https://baur.de/p/lerros-troyer-lerros-stricktroyer/AKLBB1684014267?nav-c=2121&sku=7085953599#nav-i=48&ref=mba&nav-p=P1&relevantProduct=false,https://bilder.baur.de/i/empiriecom/1829f36347da7f411d77af4e8dafd95c.jpg
clothing,men,sweaters,x,x,clothing-men-sweaters,20230708-302-baur,de/clothing-men-sweaters.html,https://baur.de/p/tommy-hilfiger-strickpullover-cross-structure-crew-neck-im-strukturiertem-design/AKLBB1632551954?nav-c=2121&sku=6615661952#nav-i=15&ref=mba&nav-p=P1&relevantProduct=false,https://bilder.baur.de/i/empiriecom/4a46824ef939f9876c6b22cbf1622752.jpg
clothing,men,sweaters,x,x,clothing-men-sweaters,20230708-280-baur,de/clothing-men-sweaters.html,https://baur.de/p/mavi-kapuzenpullover-natural-dyed-sweatshirt-natural-dye-kapuzenpullover/AKLBB1766836080?nav-c=2121&sku=7099066093#nav-i=51&ref=mba&nav-p=P1&relevantProduct=false,https://bilder.baur.de/i/empiriecom/fd6db8f124169528e5398299f1b42947.jpg
clothing,men,sweaters,x,x,clothing-men-sweaters,20230708-270-baur,de/clothing-men-sweaters.html,https://baur.de/p/boss-orange-strickpullover-kapoki-10246068-01-1-tlg-mit-sichtbaren-raglannahtkanten/AKLBB1656739875?nav-c=2121&sku=8451835045#nav-i=43&ref=mba&nav-p=P1&relevantProduct=false,https://bilder.baur.de/i/empiriecom/d0f1c0caa083eb08795dfcc2bd044718.jpg
clothing,men,sweaters,x,x,clothing-men-sweaters,20230708-257-baur,de/clothing-men-sweaters.html,https://baur.de/p/delmao-rundhalspullover-mit-zopfmuster-und-logo-stickerei-neue-marke/AKLBB1652052596?nav-c=2121&sku=7524963310#nav-i=9&ref=mba&nav-p=P1&relevantProduct=false,https://bilder.baur.de/i/empiriecom/1068f6c6da07fb089e2dd8e828378f4d.jpg
clothing,men,sweaters,x,x,clothing-men-sweaters,20230708-256-baur,de/clothing-men-sweaters.html,https://baur.de/p/ajc-strickpullover-in-melierter-optik/AKLBB1606607444?nav-c=2121&sku=3022510137#nav-i=35&ref=mba&nav-p=P1&relevantProduct=false,https://bilder.baur.de/i/empiriecom/ea14645cc31f014dfd04dc80a688fdb1.jpg
clothing,men,sweaters,x,x,clothing-men-sweaters,20230708-238-baur,de/clothing-men-sweaters.html,https://baur.de/p/the-north-face-kapuzenpullover-drew-peak-grosser-logo-print/AKLBB713527879?nav-c=2121&sku=1894282589#nav-i=16&ref=mba&nav-p=P1&relevantProduct=false,https://bilder.baur.de/i/empiriecom/2eb4e4487395cf8cc4143ba6eb9a20f3.jpg
clothing,men,sweaters,x,x,clothing-men-sweaters,20230708-229-baur,de/clothing-men-sweaters.html,https://baur.de/p/bugatti-rundhalspullover-mit-ton-in-ton-stickerei/AKLBB1669618144?nav-c=2121&sku=2604283830#nav-i=36&ref=mba&nav-p=P1&relevantProduct=false,https://bilder.baur.de/i/empiriecom/ce987f24f4c98c80abf902d0e8574ba4.jpg
clothing,men,sweaters,x,x,clothing-men-sweaters,20230708-186-baur,de/clothing-men-sweaters.html,https://baur.de/p/tommy-hilfiger-strickpullover-spring-grid-structured-crew-neck-in-besonderem-strukturstrick/AKLBB1666361198?nav-c=2121&sku=9105744662#nav-i=56&ref=mba&nav-p=P1&relevantProduct=false,https://bilder.baur.de/i/empiriecom/4f75749927fe17f918442895c8b060f0.jpg
clothing,men,sweaters,x,x,clothing-men-sweaters,20230708-181-baur,de/clothing-men-sweaters.html,https://baur.de/p/rusty-neal-strickpullover-in-modischem-grobstrick-design/AKLBB1654134813?nav-c=2121&sku=6323026699#nav-i=60&ref=mba&nav-p=P1&relevantProduct=false,https://bilder.baur.de/i/empiriecom/05c5bff5f831ff2c0c558017e4418d3e.jpg
clothing,men,sweaters,x,x,clothing-men-sweaters,20230708-166-baur,de/clothing-men-sweaters.html,https://baur.de/p/jack-jones-rundhalspullover-jjemil-knit-stripe-crew-neck/AKLBB1636683472?nav-c=2121&sku=1153621487#nav-i=46&ref=mba&nav-p=P1&relevantProduct=false,https://bilder.baur.de/i/empiriecom/3c4fc500f359eb5ca5808784b958deef.jpg
clothing,men,sweaters,x,x,clothing-men-sweaters,20230708-153-baur,de/clothing-men-sweaters.html,https://baur.de/p/gant-troyer-classic-cotton-half-zip/AKLBB1381962079?nav-c=2121&sku=2349460082#nav-i=58&ref=mba&nav-p=P1&relevantProduct=false,https://bilder.baur.de/i/empiriecom/25e7fafeea423ef80cb806637de9e262.jpg
clothing,men,sweaters,x,x,clothing-men-sweaters,20230708-152-baur,de/clothing-men-sweaters.html,https://baur.de/p/ajc-strickpullover-aus-strukturstrick/AKLBB1623405703?nav-c=2121&sku=5349675416#nav-i=64&ref=mba&nav-p=P1&relevantProduct=false,https://bilder.baur.de/i/empiriecom/befbaac4b48820aa82e383bad8d48165.jpg
clothing,men,sweaters,x,x,clothing-men-sweaters,20230708-138-baur,de/clothing-men-sweaters.html,https://baur.de/p/tommy-hilfiger-rundhalspullover-hilfiger-flag-cuff-crew-neck-mit-kontrastfarbenen-aermelenden/AKLBB1632552156?nav-c=2121&sku=2409550929#nav-i=71&ref=mba&nav-p=P1&relevantProduct=false,https://bilder.baur.de/i/empiriecom/1e1df9d25325601077b2ec0a4b0d11c6.jpg
