clothing,women,knit_jackets,x,x,clothing-women-knit_jackets,20230711-944-baur,de/clothing-women-knit_jackets.html,https://baur.de/p/decay-strickjacke-in-tollem-design/AKLBB1548673139?nav-c=413&sku=2794980099#nav-i=35&ref=mba&nav-p=P1&relevantProduct=false,https://bilder.baur.de/i/empiriecom/5fbe33bf68c6dcf8554e953dc576807a.jpg
clothing,women,knit_jackets,x,x,clothing-women-knit_jackets,20230711-927-baur,de/clothing-women-knit_jackets.html,https://baur.de/p/heine-longstrickjacke/AKLBB1389227431?nav-c=413&sku=2280830858#nav-i=50&ref=mba&nav-p=P1&relevantProduct=false,https://bilder.baur.de/i/empiriecom/b754070f7e8d2e25dd68adf2c5f127e2.jpg
clothing,women,knit_jackets,x,x,clothing-women-knit_jackets,20230711-917-baur,de/clothing-women-knit_jackets.html,https://baur.de/p/classic-basics-boleroblazer-mit-dekorativem-wellenabschluss/AKLBB1349678195?nav-c=413&sku=5651316829#nav-i=67&ref=mba&nav-p=P1&relevantProduct=false,https://bilder.baur.de/i/empiriecom/5dba6f580f4fd830a70b6fd810c275c5.jpg
clothing,women,knit_jackets,x,x,clothing-women-knit_jackets,20230711-888-baur,de/clothing-women-knit_jackets.html,https://baur.de/p/lascana-wickelstrickjacke/AKLBB1676980725?nav-c=413&sku=9888963261#nav-i=53&ref=mba&nav-p=P1&relevantProduct=false,https://bilder.baur.de/i/empiriecom/2a940657c7896cd24161bbc41eb58fb3.jpg
clothing,women,knit_jackets,x,x,clothing-women-knit_jackets,20230711-747-baur,de/clothing-women-knit_jackets.html,https://baur.de/p/linea-tesini-by-heine-strickjacke/AKLBB1315016742?nav-c=413&sku=6432556050#nav-i=69&ref=mba&nav-p=P1&relevantProduct=false,https://bilder.baur.de/i/empiriecom/2670c169e7cb1b493275af3ad5dbf198.jpg
clothing,women,knit_jackets,x,x,clothing-women-knit_jackets,20230711-606-baur,de/clothing-women-knit_jackets.html,https://baur.de/p/brax-strickjacke-style-amelia/AKLBB1719322828?nav-c=413&sku=2296303293#nav-i=72&ref=mba&nav-p=P1&relevantProduct=false,https://bilder.baur.de/i/empiriecom/beb4cdb9e0f494913847c2c0be96581b.jpg
clothing,women,knit_jackets,x,x,clothing-women-knit_jackets,20230711-516-baur,de/clothing-women-knit_jackets.html,https://baur.de/p/aniston-casual-strickjacke-in-longform/AKLBB1136116638?nav-c=413&sku=1598756026#nav-i=65&ref=mba&nav-p=P1&relevantProduct=false,https://bilder.baur.de/i/empiriecom/f05feab0a6897a008663f065b0b18d55.jpg
clothing,women,knit_jackets,x,x,clothing-women-knit_jackets,20230711-194-baur,de/clothing-women-knit_jackets.html,https://baur.de/p/base-level-longstrickjacke-yayla-long-bequem-und-lang-geschnitten/AKLBB1389379880?nav-c=413&sku=7235981315#nav-i=5&ref=mba&nav-p=P1&relevantProduct=false,https://bilder.baur.de/i/empiriecom/b40555adc385d938d9e18e632a442df9.jpg
clothing,women,knit_jackets,x,x,clothing-women-knit_jackets,20230710-524-baur,de/clothing-women-knit_jackets.html,https://baur.de/p/laura-scott-longstrickjacke-mit-lochstrickmuster/AKLBB1407155393?nav-c=413&sku=6033043041#nav-i=57&ref=mba&nav-p=P1&relevantProduct=false,https://bilder.baur.de/i/empiriecom/f8136c4afd45df0211c40e3dfb822d0c.jpg
clothing,women,knit_jackets,x,x,clothing-women-knit_jackets,20230710-505-baur,de/clothing-women-knit_jackets.html,https://baur.de/p/felicitas-trachtenstrickjacke-1-tlg-damen-vielseitig-kombinierbar/AKLBB1673138871?nav-c=413&sku=6552992321#nav-i=71&ref=mba&nav-p=P1&relevantProduct=false,https://bilder.baur.de/i/empiriecom/163007e4673721446a702e1dbefc0f38.jpg
clothing,women,knit_jackets,x,x,clothing-women-knit_jackets,20230710-297-baur,de/clothing-women-knit_jackets.html,https://baur.de/p/strickmantel-mit-seitenschlitze/AKLBB1243413863?nav-c=413&sku=3490141186#nav-i=59&ref=mba&nav-p=P1&relevantProduct=false,https://bilder.baur.de/i/empiriecom/908bc6ea6845332e8423229d2740b306.jpg
clothing,women,knit_jackets,x,x,clothing-women-knit_jackets,20230710-218-baur,de/clothing-women-knit_jackets.html,https://baur.de/p/kangaroos-longstrickjacke-mit-trendigem-zopfmuster-und-taschen/AKLBB1501546055?nav-c=413&sku=7679341529#nav-i=51&ref=mba&nav-p=P1&relevantProduct=false,https://bilder.baur.de/i/empiriecom/cdcca2a314f1b12846fe0657c52deac1.jpg
clothing,women,knit_jackets,x,x,clothing-women-knit_jackets,20230710-206-baur,de/clothing-women-knit_jackets.html,https://baur.de/p/kangaroos-ajourstrickjacke-im-suessen-strickmuster-mit-transparenten-elementen-neue-kollektion/AKLBB1639032203?nav-c=413&sku=6210490795#nav-i=61&ref=mba&nav-p=P1&relevantProduct=false,https://bilder.baur.de/i/empiriecom/c9745aaa3d5a525c93a4b35f20bc2006.jpg
clothing,women,knit_jackets,x,x,clothing-women-knit_jackets,20230709-908-baur,de/clothing-women-knit_jackets.html,https://baur.de/p/heine-longstrickjacke/AKLBB1389726912?nav-c=413&sku=1604796845#nav-i=20&ref=mba&nav-p=P1&relevantProduct=false,https://bilder.baur.de/i/empiriecom/bfe7c59f93fafdcd1caa4e396d6d2672.jpg
clothing,women,knit_jackets,x,x,clothing-women-knit_jackets,20230709-752-baur,de/clothing-women-knit_jackets.html,https://baur.de/p/laura-scott-longstrickjacke-aus-kuscheliger-strickqualitaet/AKLBB1176560458?nav-c=413&sku=9333816215#nav-i=44&ref=mba&nav-p=P1&relevantProduct=false,https://bilder.baur.de/i/empiriecom/8d9365963fd86f8774c9f7c2692506f6.jpg
clothing,women,knit_jackets,x,x,clothing-women-knit_jackets,20230709-672-baur,de/clothing-women-knit_jackets.html,https://baur.de/p/heine-strickjacke/AKLBB1359668772?nav-c=413&sku=8746786249#nav-i=28&ref=mba&nav-p=P1&relevantProduct=false,https://bilder.baur.de/i/empiriecom/9af35038871abbb96be5eccd71d10ec7.jpg
clothing,women,knit_jackets,x,x,clothing-women-knit_jackets,20230709-635-baur,de/clothing-women-knit_jackets.html,https://baur.de/p/casual-looks-strickjacke/AKLBB1691828156?nav-c=413&sku=5104356426#nav-i=70&ref=mba&nav-p=P1&relevantProduct=false,https://bilder.baur.de/i/empiriecom/e61b9984379ef4311eb1e18e9caef3a4.jpg
clothing,women,knit_jackets,x,x,clothing-women-knit_jackets,20230709-612-baur,de/clothing-women-knit_jackets.html,https://baur.de/p/lady-bolero/AKLBB1243393735?nav-c=413&sku=7764350178#nav-i=69&ref=mba&nav-p=P1&relevantProduct=false,https://bilder.baur.de/i/empiriecom/02a0f1b60f99316c43d8b582408cda63.jpg
clothing,women,knit_jackets,x,x,clothing-women-knit_jackets,20230709-551-baur,de/clothing-women-knit_jackets.html,https://baur.de/p/classic-basics-strickjacke/AKLBB1289039753?nav-c=413&sku=4877115868#nav-i=14&ref=mba&nav-p=P1&relevantProduct=false,https://bilder.baur.de/i/empiriecom/fb4b21832aaaf27dde1f6743441201d7.jpg
clothing,women,knit_jackets,x,x,clothing-women-knit_jackets,20230709-479-baur,de/clothing-women-knit_jackets.html,https://baur.de/p/inspirationen-long-strickjacke-aus-reiner-baumwolle/AKLBB1137936635?nav-c=413&sku=6060113860#nav-i=39&ref=mba&nav-p=P1&relevantProduct=false,https://bilder.baur.de/i/empiriecom/7a3a3dc4476698f11053699f596e1cec.jpg
clothing,women,knit_jackets,x,x,clothing-women-knit_jackets,20230709-332-baur,de/clothing-women-knit_jackets.html,https://baur.de/p/classic-basics-boleroblazer-mit-dekorativem-wellenabschluss/AKLBB1349678195?nav-c=413&sku=32855680#nav-i=72&ref=mba&nav-p=P1&relevantProduct=false,https://bilder.baur.de/i/empiriecom/c5c88109907e8c1eec1a904dfa62c6e2.jpg
clothing,women,knit_jackets,x,x,clothing-women-knit_jackets,20230709-315-baur,de/clothing-women-knit_jackets.html,https://baur.de/p/decay-strickjacke-in-tollem-design/AKLBB1543276173?nav-c=413&sku=4294994499#nav-i=16&ref=mba&nav-p=P1&relevantProduct=false,https://bilder.baur.de/i/empiriecom/26079f45d6700b24450d9bc1c41e7b55.jpg
clothing,women,knit_jackets,x,x,clothing-women-knit_jackets,20230709-219-baur,de/clothing-women-knit_jackets.html,https://baur.de/p/inspirationen-strickjacke/AKLBB1589576279?nav-c=413&sku=9680021566#nav-i=67&ref=mba&nav-p=P1&relevantProduct=false,https://bilder.baur.de/i/empiriecom/ab176bb2993c6dda7ee7b2a8c7abd0b2.jpg
clothing,women,knit_jackets,x,x,clothing-women-knit_jackets,20230709-197-baur,de/clothing-women-knit_jackets.html,https://baur.de/p/delmao-strickjacke-in-trendiger-grobstrick-optik-neue-marke/AKLBB1641991056?nav-c=413&sku=8890115047#nav-i=54&ref=mba&nav-p=P1&relevantProduct=false,https://bilder.baur.de/i/empiriecom/53e457b8964ecd52f16b743d8e332bb7.jpg
clothing,women,knit_jackets,x,x,clothing-women-knit_jackets,20230709-132-baur,de/clothing-women-knit_jackets.html,https://baur.de/p/sheego-bolerojacke-grosse-groessen-masse-ca-250x65-cm/AKLBB1678390658?nav-c=413&sku=5219873593#nav-i=61&ref=mba&nav-p=P1&relevantProduct=false,https://bilder.baur.de/i/empiriecom/a16fbd392e0e3c7417858934eaf2d742.jpg
clothing,women,knit_jackets,x,x,clothing-women-knit_jackets,20230709-109-baur,de/clothing-women-knit_jackets.html,https://baur.de/p/base-level-strickjacke-bas-yala-cardigan-kurz-in-elastischem-feinstrick/AKLBB1393764138?nav-c=413&sku=5154636092#nav-i=13&ref=mba&nav-p=P1&relevantProduct=false,https://bilder.baur.de/i/empiriecom/ee7aea6a0c5116d0f79aa80121bd1a58.jpg
clothing,women,knit_jackets,x,x,clothing-women-knit_jackets,20230708-995-baur,de/clothing-women-knit_jackets.html,https://baur.de/p/hechter-paris-cardigan-in-longform/AKLBB1617865894?nav-c=413&sku=7380136737#nav-i=64&ref=mba&nav-p=P1&relevantProduct=false,https://bilder.baur.de/i/empiriecom/42c5a37dda2938e7c30e163216847cc4.jpg
clothing,women,knit_jackets,x,x,clothing-women-knit_jackets,20230708-984-baur,de/clothing-women-knit_jackets.html,https://baur.de/p/creation-l-strickjacke/AKLBB1741009966?nav-c=413&sku=5021061867#nav-i=49&ref=mba&nav-p=P1&relevantProduct=false,https://bilder.baur.de/i/empiriecom/d6b1e13ddf2644f37422745e99a50711.jpg
clothing,women,knit_jackets,x,x,clothing-women-knit_jackets,20230708-959-baur,de/clothing-women-knit_jackets.html,https://baur.de/p/heine-longstrickjacke/AKLBB1389227431?nav-c=413&sku=5600455055#nav-i=61&ref=mba&nav-p=P1&relevantProduct=false,https://bilder.baur.de/i/empiriecom/48ee78322878e20d283085e0d2af92f3.jpg
clothing,women,knit_jackets,x,x,clothing-women-knit_jackets,20230708-947-baur,de/clothing-women-knit_jackets.html,https://baur.de/p/vila-longstrickjacke-viril-long-l-s-knit-cardigan-noos-in-knielanger-form/AKLBB666572156?nav-c=413&sku=8454943317#nav-i=43&ref=mba&nav-p=P1&relevantProduct=false,https://bilder.baur.de/i/empiriecom/7b73914c4b50f3752cf715dfa149a692.jpg
clothing,women,knit_jackets,x,x,clothing-women-knit_jackets,20230708-946-baur,de/clothing-women-knit_jackets.html,https://baur.de/p/base-level-strickjacke-bas-yala-cardigan-kurz-in-elastischem-feinstrick/AKLBB1393764138?nav-c=413&sku=8730524080#nav-i=21&ref=mba&nav-p=P1&relevantProduct=false,https://bilder.baur.de/i/empiriecom/d96c37654c179e935581eb06a4bba6ce.jpg
clothing,women,knit_jackets,x,x,clothing-women-knit_jackets,20230708-943-baur,de/clothing-women-knit_jackets.html,https://baur.de/p/inspirationen-strickjacke/AKLBB1524581432?nav-c=413&sku=8507581281#nav-i=70&ref=mba&nav-p=P1&relevantProduct=false,https://bilder.baur.de/i/empiriecom/ffdfee3d85967668d5a7e4476b7fe5f6.jpg
clothing,women,knit_jackets,x,x,clothing-women-knit_jackets,20230708-922-baur,de/clothing-women-knit_jackets.html,https://baur.de/p/inspirationen-long-strickjacke-aus-reiner-baumwolle/AKLBB1137936635?nav-c=413&sku=4596431029#nav-i=52&ref=mba&nav-p=P1&relevantProduct=false,https://bilder.baur.de/i/empiriecom/85e12bd96e4ed46d9d13d97f9746d4e3.jpg
clothing,women,knit_jackets,x,x,clothing-women-knit_jackets,20230708-916-baur,de/clothing-women-knit_jackets.html,https://baur.de/p/casual-looks-strickjacke/AKLBB1734683667?nav-c=413&sku=7845744773#nav-i=19&ref=mba&nav-p=P1&relevantProduct=false,https://bilder.baur.de/i/empiriecom/664211561d3021dbdf51291a0801bedb.jpg
clothing,women,knit_jackets,x,x,clothing-women-knit_jackets,20230708-877-baur,de/clothing-women-knit_jackets.html,https://baur.de/p/casual-looks-strickjacke-in-trageangenehmem-materialmix/AKLBB436199094?nav-c=413&sku=22141789#nav-i=4&ref=mba&nav-p=P1&relevantProduct=false,https://bilder.baur.de/i/empiriecom/814135a8f90c9a81f13fd3f556068118.jpg
clothing,women,knit_jackets,x,x,clothing-women-knit_jackets,20230708-863-baur,de/clothing-women-knit_jackets.html,https://baur.de/p/casual-looks-cardigan/AKLBB1764040534?nav-c=413&sku=6929306691#nav-i=32&ref=mba&nav-p=P1&relevantProduct=false,https://bilder.baur.de/i/empiriecom/efcffa3d66b41991476baecf2bb333c8.jpg
clothing,women,knit_jackets,x,x,clothing-women-knit_jackets,20230708-850-baur,de/clothing-women-knit_jackets.html,https://baur.de/p/ajc-strickjacke/AKLBB1607059146?nav-c=413&sku=8466543815#nav-i=36&ref=mba&nav-p=P1&relevantProduct=false,https://bilder.baur.de/i/empiriecom/c1215b688605521a7800b20f595a4d00.jpg
clothing,women,knit_jackets,x,x,clothing-women-knit_jackets,20230708-824-baur,de/clothing-women-knit_jackets.html,https://baur.de/p/lady-bolero/AKLBB1387488454?nav-c=413&sku=5969096338#nav-i=59&ref=mba&nav-p=P1&relevantProduct=false,https://bilder.baur.de/i/empiriecom/f2b668d8fb839bd2412d4bcc5b3e60f2.jpg
clothing,women,knit_jackets,x,x,clothing-women-knit_jackets,20230708-823-baur,de/clothing-women-knit_jackets.html,https://baur.de/p/tamaris-cardigan-mit-taschen/AKLBB1007429146?nav-c=413&sku=7325644621#nav-i=34&ref=mba&nav-p=P1&relevantProduct=false,https://bilder.baur.de/i/empiriecom/8f0775aa4a287e66ca3268e2b15ec841.jpg
clothing,women,knit_jackets,x,x,clothing-women-knit_jackets,20230708-818-baur,de/clothing-women-knit_jackets.html,https://baur.de/p/lascana-strickmantel-in-langer-form-mit-bindeguertel/AKLBB1583562587?nav-c=413&sku=9781112041#nav-i=14&ref=mba&nav-p=P1&relevantProduct=false,https://bilder.baur.de/i/empiriecom/2d19cb2db82a1e2405b11205c61a370f.jpg
clothing,women,knit_jackets,x,x,clothing-women-knit_jackets,20230708-783-baur,de/clothing-women-knit_jackets.html,https://baur.de/p/s-oliver-strickjacke/AKLBB535100904?nav-c=413&sku=9299644925#nav-i=33&ref=mba&nav-p=P1&relevantProduct=false,https://bilder.baur.de/i/empiriecom/c0e621f5b60234dd362ed867c5d8631b.jpg
clothing,women,knit_jackets,x,x,clothing-women-knit_jackets,20230708-767-baur,de/clothing-women-knit_jackets.html,https://baur.de/p/lascana-wickelstrickjacke/AKLBB1676980725?nav-c=413&sku=2658222961#nav-i=69&ref=mba&nav-p=P1&relevantProduct=false,https://bilder.baur.de/i/empiriecom/820e892d39fbcd78ce94934f97c395c7.jpg
clothing,women,knit_jackets,x,x,clothing-women-knit_jackets,20230708-761-baur,de/clothing-women-knit_jackets.html,https://baur.de/p/lascana-strickjacke-mit-knoepfen-in-perlmuttoptik/AKLBB1355933409?nav-c=413&sku=4886590764#nav-i=67&ref=mba&nav-p=P1&relevantProduct=false,https://bilder.baur.de/i/empiriecom/560aff7ce9cf723ebcb4d0a51b6a4ba1.jpg
clothing,women,knit_jackets,x,x,clothing-women-knit_jackets,20230708-755-baur,de/clothing-women-knit_jackets.html,https://baur.de/p/heine-strickjacke/AKLBB1359668772?nav-c=413&sku=1252033424#nav-i=26&ref=mba&nav-p=P1&relevantProduct=false,https://bilder.baur.de/i/empiriecom/f342b6a74dc7cadb615605e108ba7689.jpg
clothing,women,knit_jackets,x,x,clothing-women-knit_jackets,20230708-738-baur,de/clothing-women-knit_jackets.html,https://baur.de/p/kangaroos-kapuzenstrickjacke-mit-aufgesetzten-taschen-und-breiten-rippbuendchen/AKLBB802281456?nav-c=413&sku=1565255697#nav-i=42&ref=mba&nav-p=P1&relevantProduct=false,https://bilder.baur.de/i/empiriecom/06ae9cae198c234e4c136237315f9ac4.jpg
clothing,women,knit_jackets,x,x,clothing-women-knit_jackets,20230708-731-baur,de/clothing-women-knit_jackets.html,https://baur.de/p/delmao-bolero-neue-marke/AKLBB1641991078?nav-c=413&sku=1610653929#nav-i=66&ref=mba&nav-p=P1&relevantProduct=false,https://bilder.baur.de/i/empiriecom/17e8fd364be9c62240b721e846438789.jpg
clothing,women,knit_jackets,x,x,clothing-women-knit_jackets,20230708-701-baur,de/clothing-women-knit_jackets.html,https://baur.de/p/base-level-curvy-longstrickjacke-ayla-long-figurumspielende-weiche-strickqualitaet/AKLBB1403400863?nav-c=413&sku=7406994868#nav-i=51&ref=mba&nav-p=P1&relevantProduct=false,https://bilder.baur.de/i/empiriecom/cfc0f50e0422612fedefd86205abdc8d.jpg
clothing,women,knit_jackets,x,x,clothing-women-knit_jackets,20230708-693-baur,de/clothing-women-knit_jackets.html,https://baur.de/p/lady-bolero/AKLBB1524577497?nav-c=413&sku=2196454283#nav-i=62&ref=mba&nav-p=P1&relevantProduct=false,https://bilder.baur.de/i/empiriecom/2815d7824e6c6fd438029511d83a3b81.jpg
clothing,women,knit_jackets,x,x,clothing-women-knit_jackets,20230708-678-baur,de/clothing-women-knit_jackets.html,https://baur.de/p/aniston-casual-strickjacke-im-trendigem-netzstrickmuster/AKLBB1657432565?nav-c=413&sku=1763135791#nav-i=18&ref=mba&nav-p=P1&relevantProduct=false,https://bilder.baur.de/i/empiriecom/3f234a393c14f3914d3fc8227332f620.jpg
clothing,women,knit_jackets,x,x,clothing-women-knit_jackets,20230708-675-baur,de/clothing-women-knit_jackets.html,https://baur.de/p/laura-scott-longstrickjacke-aus-kuscheliger-strickqualitaet/AKLBB1176560458?nav-c=413&sku=9319191984#nav-i=71&ref=mba&nav-p=P1&relevantProduct=false,https://bilder.baur.de/i/empiriecom/09a5a63982f896bbbfd6fc4976677e9c.jpg
clothing,women,knit_jackets,x,x,clothing-women-knit_jackets,20230708-672-baur,de/clothing-women-knit_jackets.html,https://baur.de/p/aniston-casual-strickjacke-mit-ajourstrickmuster/AKLBB1251555475?nav-c=413&sku=5962196697#nav-i=24&ref=mba&nav-p=P1&relevantProduct=false,https://bilder.baur.de/i/empiriecom/03ca2cb8051512915b01443be2447532.jpg
clothing,women,knit_jackets,x,x,clothing-women-knit_jackets,20230708-664-baur,de/clothing-women-knit_jackets.html,https://baur.de/p/sheego-bolerojacke-grosse-groessen-aus-chiffon/AKLBB1641152536?nav-c=413&sku=6397725265#nav-i=40&ref=mba&nav-p=P1&relevantProduct=false,https://bilder.baur.de/i/empiriecom/d4f941c892b8a37bfdac767d60c718a6.jpg
clothing,women,knit_jackets,x,x,clothing-women-knit_jackets,20230708-644-baur,de/clothing-women-knit_jackets.html,https://baur.de/p/creation-l-strickjacke/AKLBB1741006872?nav-c=413&sku=1581141543#nav-i=12&ref=mba&nav-p=P1&relevantProduct=false,https://bilder.baur.de/i/empiriecom/0d2cc777c88d65c873ce3eb6144bacd6.jpg
clothing,women,knit_jackets,x,x,clothing-women-knit_jackets,20230708-641-baur,de/clothing-women-knit_jackets.html,https://baur.de/p/kangaroos-longstrickjacke-neue-kollektion/AKLBB1639029547?nav-c=413&sku=6475575490#nav-i=17&ref=mba&nav-p=P1&relevantProduct=false,https://bilder.baur.de/i/empiriecom/f475d31a7c93d30c5c6b208ca0a701c7.jpg
clothing,women,knit_jackets,x,x,clothing-women-knit_jackets,20230708-627-baur,de/clothing-women-knit_jackets.html,https://baur.de/p/base-level-longstrickjacke-yayla-long-bequem-und-lang-geschnitten/AKLBB1389379880?nav-c=413&sku=3007765939#nav-i=3&ref=mba&nav-p=P1&relevantProduct=false,https://bilder.baur.de/i/empiriecom/04e156c897e3bf794eb422912fa52c91.jpg
clothing,women,knit_jackets,x,x,clothing-women-knit_jackets,20230708-624-baur,de/clothing-women-knit_jackets.html,https://baur.de/p/select-by-hermann-lange-boleroblazer-hermann-lange-select/AKLBB1669566659?nav-c=413&sku=3310900776#nav-i=48&ref=mba&nav-p=P1&relevantProduct=false,https://bilder.baur.de/i/empiriecom/df02c3c6424ab42153e0ee4a8e89e3e9.jpg
clothing,women,knit_jackets,x,x,clothing-women-knit_jackets,20230708-619-baur,de/clothing-women-knit_jackets.html,https://baur.de/p/tom-tailor-cardigan-mit-feiner-struktur/AKLBB1470694506?nav-c=413&sku=1713074855#nav-i=5&ref=mba&nav-p=P1&relevantProduct=false,https://bilder.baur.de/i/empiriecom/8a37ac6fa396927844060a9149699a44.jpg
clothing,women,knit_jackets,x,x,clothing-women-knit_jackets,20230708-597-baur,de/clothing-women-knit_jackets.html,https://baur.de/p/aniston-selected-longstrickjacke-mit-aufgesetzen-taschen/AKLBB1251735753?nav-c=413&sku=5753851158#nav-i=29&ref=mba&nav-p=P1&relevantProduct=false,https://bilder.baur.de/i/empiriecom/fea9156b1cc34eff3ec069a6764679b1.jpg
clothing,women,knit_jackets,x,x,clothing-women-knit_jackets,20230708-591-baur,de/clothing-women-knit_jackets.html,https://baur.de/p/aniston-selected-bolero-mit-2-knoepfen/AKLBB1261182898?nav-c=413&sku=2366313761#nav-i=54&ref=mba&nav-p=P1&relevantProduct=false,https://bilder.baur.de/i/empiriecom/da30cd3f21c5a05897b8fe10a81a58f1.jpg
clothing,women,knit_jackets,x,x,clothing-women-knit_jackets,20230708-563-baur,de/clothing-women-knit_jackets.html,https://baur.de/p/lascana-longstrickjacke-mit-colorblocking-optik/AKLBB1362702847?nav-c=413&sku=6825823049#nav-i=37&ref=mba&nav-p=P1&relevantProduct=false,https://bilder.baur.de/i/empiriecom/293bc01df3273f9f25b73e04d65153c0.jpg
clothing,women,knit_jackets,x,x,clothing-women-knit_jackets,20230708-551-baur,de/clothing-women-knit_jackets.html,https://baur.de/p/base-level-curvy-strickjacke-bas-ayla-weicher-formstabiler-feinstrick-in-viskose-mischqualitaet/AKLBB1406427488?nav-c=413&sku=4302961090#nav-i=68&ref=mba&nav-p=P1&relevantProduct=false,https://bilder.baur.de/i/empiriecom/a918a5e5deadfa64bbbddb736019e3a1.jpg
clothing,women,knit_jackets,x,x,clothing-women-knit_jackets,20230708-529-baur,de/clothing-women-knit_jackets.html,https://baur.de/p/lascana-longstrickjacke-mit-rippstrickdetails/AKLBB1355947599?nav-c=413&sku=1318572259#nav-i=1&ref=mba&nav-p=P1&relevantProduct=false,https://bilder.baur.de/i/empiriecom/7dd464a2dfa5642f5c66943bbd09b75a.jpg
clothing,women,knit_jackets,x,x,clothing-women-knit_jackets,20230708-526-baur,de/clothing-women-knit_jackets.html,https://baur.de/p/decay-strickjacke-in-tollem-design/AKLBB1543276173?nav-c=413&sku=6433812699#nav-i=25&ref=mba&nav-p=P1&relevantProduct=false,https://bilder.baur.de/i/empiriecom/50604927f2f5c2eee2d8cf3d7301e186.jpg
clothing,women,knit_jackets,x,x,clothing-women-knit_jackets,20230708-524-baur,de/clothing-women-knit_jackets.html,https://baur.de/p/lascana-longstrickjacke-in-extralanger-form-mit-ajourmuster/AKLBB1509741918?nav-c=413&sku=2658626746#nav-i=8&ref=mba&nav-p=P1&relevantProduct=false,https://bilder.baur.de/i/empiriecom/f6dd063379efd071a58e68167488d508.jpg
clothing,women,knit_jackets,x,x,clothing-women-knit_jackets,20230708-519-baur,de/clothing-women-knit_jackets.html,https://baur.de/p/vila-cardigan-viril-open-l-s-knit-cardigan-noos-in-offener-form/AKLBB691946731?nav-c=413&sku=5740985983#nav-i=63&ref=mba&nav-p=P1&relevantProduct=false,https://bilder.baur.de/i/empiriecom/a9936e01acda7dbb529597bb9bd1b08f.jpg
clothing,women,knit_jackets,x,x,clothing-women-knit_jackets,20230708-514-baur,de/clothing-women-knit_jackets.html,https://baur.de/p/sheego-bolerojacke-grosse-groessen-masse-ca-250x65-cm/AKLBB1678390658?nav-c=413&sku=5729854475#nav-i=56&ref=mba&nav-p=P1&relevantProduct=false,https://bilder.baur.de/i/empiriecom/1afc2ae979fbddb05630b50561a02fdf.jpg
clothing,women,knit_jackets,x,x,clothing-women-knit_jackets,20230708-502-baur,de/clothing-women-knit_jackets.html,https://baur.de/p/inspirationen-bolero/AKLBB1332167820?nav-c=413&sku=2555823070#nav-i=72&ref=mba&nav-p=P1&relevantProduct=false,https://bilder.baur.de/i/empiriecom/a280b3ff0acff70e33a6e27e17e549ee.jpg
clothing,women,knit_jackets,x,x,clothing-women-knit_jackets,20230708-468-baur,de/clothing-women-knit_jackets.html,https://baur.de/p/heine-longstrickjacke/AKLBB1745707739?nav-c=413&sku=7818942993#nav-i=55&ref=mba&nav-p=P1&relevantProduct=false,https://bilder.baur.de/i/empiriecom/f29c4127e7c3e2717fd8676994cb957b.jpg
clothing,women,knit_jackets,x,x,clothing-women-knit_jackets,20230708-445-baur,de/clothing-women-knit_jackets.html,https://baur.de/p/s-oliver-strickjacke/AKLBB1682231537?nav-c=413&sku=1587280225#nav-i=57&ref=mba&nav-p=P1&relevantProduct=false,https://bilder.baur.de/i/empiriecom/7972226d8e846af648960fbcee1a0146.jpg
clothing,women,knit_jackets,x,x,clothing-women-knit_jackets,20230708-412-baur,de/clothing-women-knit_jackets.html,https://baur.de/p/vivance-ajourstrickjacke-mit-schmuckknoepfen/AKLBB1501859755?nav-c=413&sku=5471355047#nav-i=16&ref=mba&nav-p=P1&relevantProduct=false,https://bilder.baur.de/i/empiriecom/62fcf2e977e1170e043c97d28db8cad6.jpg
clothing,women,knit_jackets,x,x,clothing-women-knit_jackets,20230708-409-baur,de/clothing-women-knit_jackets.html,https://baur.de/p/lascana-longstrickjacke/AKLBB1024411092?nav-c=413&sku=5009223551#nav-i=35&ref=mba&nav-p=P1&relevantProduct=false,https://bilder.baur.de/i/empiriecom/ca45595b10d5d3b51abb73e7905a7616.jpg
clothing,women,knit_jackets,x,x,clothing-women-knit_jackets,20230708-350-baur,de/clothing-women-knit_jackets.html,https://baur.de/p/lascana-strickjacke-mit-v-neck/AKLBB1356158643?nav-c=413&sku=8280843820#nav-i=47&ref=mba&nav-p=P1&relevantProduct=false,https://bilder.baur.de/i/empiriecom/4ab4bedf4bc3c3cdbd0c880c84b57ab7.jpg
clothing,women,knit_jackets,x,x,clothing-women-knit_jackets,20230708-344-baur,de/clothing-women-knit_jackets.html,https://baur.de/p/tom-tailor-strickjacke/AKLBB1033220729?nav-c=413&sku=6599195298#nav-i=15&ref=mba&nav-p=P1&relevantProduct=false,https://bilder.baur.de/i/empiriecom/03c1aadc12ee058d5517f2e44163969c.jpg
clothing,women,knit_jackets,x,x,clothing-women-knit_jackets,20230708-294-baur,de/clothing-women-knit_jackets.html,https://baur.de/p/heine-cardigan/AKLBB1389230101?nav-c=413&sku=6748041992#nav-i=7&ref=mba&nav-p=P1&relevantProduct=false,https://bilder.baur.de/i/empiriecom/13af00d0a355a0d6dad443a68a1028f4.jpg
clothing,women,knit_jackets,x,x,clothing-women-knit_jackets,20230708-258-baur,de/clothing-women-knit_jackets.html,https://baur.de/p/kangaroos-strickjacke/AKLBB690591287?nav-c=413&sku=8126225510#nav-i=30&ref=mba&nav-p=P1&relevantProduct=false,https://bilder.baur.de/i/empiriecom/6725f5290710390ef54afb31be326bb8.jpg
clothing,women,knit_jackets,x,x,clothing-women-knit_jackets,20230708-255-baur,de/clothing-women-knit_jackets.html,https://baur.de/p/aniston-casual-strickjacke-in-longform/AKLBB1136116638?nav-c=413&sku=5062714295#nav-i=46&ref=mba&nav-p=P1&relevantProduct=false,https://bilder.baur.de/i/empiriecom/349de4f5eaa739c42928c8a1ae9bcad3.jpg
clothing,women,knit_jackets,x,x,clothing-women-knit_jackets,20230708-251-baur,de/clothing-women-knit_jackets.html,https://baur.de/p/decay-strickjacke-in-tollem-design/AKLBB1548673139?nav-c=413&sku=1649790099#nav-i=31&ref=mba&nav-p=P1&relevantProduct=false,https://bilder.baur.de/i/empiriecom/c45f90133e9453b4604d198df0d6379a.jpg
clothing,women,knit_jackets,x,x,clothing-women-knit_jackets,20230708-234-baur,de/clothing-women-knit_jackets.html,https://baur.de/p/lascana-strickjacke-mit-farbverlauf/AKLBB1460461671?nav-c=413&sku=3872855786#nav-i=65&ref=mba&nav-p=P1&relevantProduct=false,https://bilder.baur.de/i/empiriecom/e1bc76e91a111c61630202b4a9f8d172.jpg
clothing,women,knit_jackets,x,x,clothing-women-knit_jackets,20230708-227-baur,de/clothing-women-knit_jackets.html,https://baur.de/p/casual-looks-strickjacke-in-fully-fashioned-verarbeitung/AKLBB435448147?nav-c=413&sku=34497583#nav-i=11&ref=mba&nav-p=P1&relevantProduct=false,https://bilder.baur.de/i/empiriecom/0182404e1e2f5a15c124e5647e8520e6.jpg
clothing,women,knit_jackets,x,x,clothing-women-knit_jackets,20230708-195-baur,de/clothing-women-knit_jackets.html,https://baur.de/p/heine-longstrickjacke/AKLBB1389726912?nav-c=413&sku=4987216336#nav-i=13&ref=mba&nav-p=P1&relevantProduct=false,https://bilder.baur.de/i/empiriecom/cd66f88623e49f6af3d364e99560bce9.jpg
clothing,women,knit_jackets,x,x,clothing-women-knit_jackets,20230708-193-baur,de/clothing-women-knit_jackets.html,https://baur.de/p/heine-strickjacke/AKLBB1359668512?nav-c=413&sku=3767441666#nav-i=20&ref=mba&nav-p=P1&relevantProduct=false,https://bilder.baur.de/i/empiriecom/04675a1987df78550bcac9bedfaa5968.jpg
clothing,women,knit_jackets,x,x,clothing-women-knit_jackets,20230708-174-baur,de/clothing-women-knit_jackets.html,https://baur.de/p/laura-scott-cardigan-in-modischer-kurzform-neue-farben/AKLBB1521674041?nav-c=413&sku=1409932161#nav-i=60&ref=mba&nav-p=P1&relevantProduct=false,https://bilder.baur.de/i/empiriecom/06fe7551c9222be7ad9739716a032a86.jpg
clothing,women,knit_jackets,x,x,clothing-women-knit_jackets,20230708-142-baur,de/clothing-women-knit_jackets.html,https://baur.de/p/sheego-bolerojacke-grosse-groessen-mit-farblich-passenden-pailletten-besetzt/AKLBB1641122860?nav-c=413&sku=4963281828#nav-i=45&ref=mba&nav-p=P1&relevantProduct=false,https://bilder.baur.de/i/empiriecom/61a35ce5be6a7ef17bb96a1a1e4b6cc7.jpg
clothing,women,knit_jackets,x,x,clothing-women-knit_jackets,20230708-130-baur,de/clothing-women-knit_jackets.html,https://baur.de/p/only-cardigan-onlcelia-34-crocheted-cardigan-wvn-mit-spitzen-detail/AKLBB1698099240?nav-c=413&sku=2918131118#nav-i=53&ref=mba&nav-p=P1&relevantProduct=false,https://bilder.baur.de/i/empiriecom/4c8d049568e3517b802246d55d30ecb5.jpg
clothing,women,knit_jackets,x,x,clothing-women-knit_jackets,20230708-117-baur,de/clothing-women-knit_jackets.html,https://baur.de/p/heine-longstrickjacke/AKLBB1389723589?nav-c=413&sku=3476911221#nav-i=50&ref=mba&nav-p=P1&relevantProduct=false,https://bilder.baur.de/i/empiriecom/0210cd41d545bb851a37d923c80c669e.jpg
