clothing,women,blouses,traditional,x,clothing-women-blouses-traditional,20230709-993-baur,de/clothing-women-blouses-traditional.html,https://baur.de/p/os-trachten-trachtenbluse-mit-stickerei/AKLBB1466613685?nav-c=32819&rl=1&sku=4971582061#nav-i=29&ref=mba&nav-p=P1&relevantProduct=false,https://bilder.baur.de/i/empiriecom/ea5323f772c77b4b4232f8ec2c9b09f1.jpg
clothing,women,blouses,traditional,x,clothing-women-blouses-traditional,20230709-977-baur,de/clothing-women-blouses-traditional.html,https://baur.de/p/classic-basics-trachtenbluse/AKLBB1692852118?nav-c=32819&rl=1&sku=4774383631#nav-i=21&ref=mba&nav-p=P1&relevantProduct=false,https://bilder.baur.de/i/empiriecom/3f749b49bc7ae0914668873c5719e89e.jpg
clothing,women,blouses,traditional,x,clothing-women-blouses-traditional,20230709-971-baur,de/clothing-women-blouses-traditional.html,https://baur.de/p/marjo-trachtenbluse-galinda-majara-damen-mit-modischen-spitzenaermeln/AKLBB1668900812?nav-c=32819&rl=1&sku=9811024058#nav-i=16&ref=mba&nav-p=P1&relevantProduct=false,https://bilder.baur.de/i/empiriecom/3bfb8d8338bb0d377d4d2a6b9dabbed9.jpg
clothing,women,blouses,traditional,x,clothing-women-blouses-traditional,20230709-962-baur,de/clothing-women-blouses-traditional.html,https://baur.de/p/tom-collins-trachtenbluse-damen-mit-reissverschlusstaschen/AKLBB1332224026?nav-c=32819&rl=1&sku=5281083472#nav-i=40&ref=mba&nav-p=P1&relevantProduct=false,https://bilder.baur.de/i/empiriecom/65f24bcff742cb812680eb64bdd8332b.jpg
clothing,women,blouses,traditional,x,clothing-women-blouses-traditional,20230709-960-baur,de/clothing-women-blouses-traditional.html,https://baur.de/p/classic-basics-trachtenbluse/AKLBB1764126284?nav-c=32819&rl=1&sku=6963493534#nav-i=9&ref=mba&nav-p=P1&relevantProduct=false,https://bilder.baur.de/i/empiriecom/bf767349f4db4455791da863d0e9318c.jpg
clothing,women,blouses,traditional,x,clothing-women-blouses-traditional,20230709-914-baur,de/clothing-women-blouses-traditional.html,https://baur.de/p/gloriette-trachtenbluse-damen-mit-kontrastbesatz-an-den-aermeln/AKLBB1599498708?nav-c=32819&rl=1&sku=3838542214#nav-i=47&ref=mba&nav-p=P1&relevantProduct=false,https://bilder.baur.de/i/empiriecom/b8efa810acf49b6a4f4872d102262272.jpg
clothing,women,blouses,traditional,x,clothing-women-blouses-traditional,20230709-911-baur,de/clothing-women-blouses-traditional.html,https://baur.de/p/os-trachten-trachtenbluse-1-tlg-damen-mit-floralem-druck/AKLBB1670963926?nav-c=32819&rl=1&sku=7445466773#nav-i=24&ref=mba&nav-p=P1&relevantProduct=false,https://bilder.baur.de/i/empiriecom/269e2bc76f9954d0a06df6405ebdf15c.jpg
clothing,women,blouses,traditional,x,clothing-women-blouses-traditional,20230709-884-baur,de/clothing-women-blouses-traditional.html,https://baur.de/p/os-trachten-trachtenbluse-1-tlg-damen-vielseitig-kombinierbar/AKLBB1670963956?nav-c=32819&rl=1&sku=6444695177#nav-i=33&ref=mba&nav-p=P1&relevantProduct=false,https://bilder.baur.de/i/empiriecom/c5af599a9aa5a30f06029a6c566392d2.jpg
clothing,women,blouses,traditional,x,clothing-women-blouses-traditional,20230709-874-baur,de/clothing-women-blouses-traditional.html,https://baur.de/p/sheego-trachtenbluse-grosse-groessen-im-trachten-look/AKLBB1640958889?nav-c=32819&rl=1&sku=4790314889#nav-i=2&ref=mba&nav-p=P1&relevantProduct=false,https://bilder.baur.de/i/empiriecom/469e1d60886af085b14f6039eb3b5f96.jpg
clothing,women,blouses,traditional,x,clothing-women-blouses-traditional,20230709-867-baur,de/clothing-women-blouses-traditional.html,https://baur.de/p/sheego-trachtenbluse-grosse-groessen-im-karo-design-mit-spitzenbesatz/AKLBB1641210184?nav-c=32819&rl=1&sku=8262515299#nav-i=5&ref=mba&nav-p=P1&relevantProduct=false,https://bilder.baur.de/i/empiriecom/158f9a66cee35197392c7b51f6afa35e.jpg
clothing,women,blouses,traditional,x,clothing-women-blouses-traditional,20230709-858-baur,de/clothing-women-blouses-traditional.html,https://baur.de/p/sheego-trachtenbluse-grosse-groessen-mit-schmaler-ruesche-und-puffaermeln/AKLBB1641158584?nav-c=32819&rl=1&sku=8732750823#nav-i=19&ref=mba&nav-p=P1&relevantProduct=false,https://bilder.baur.de/i/empiriecom/9ff23ac4d02a7f051a0475dc13f7ee0f.jpg
clothing,women,blouses,traditional,x,clothing-women-blouses-traditional,20230709-858-baur,de/clothing-women-blouses-traditional.html,https://baur.de/p/sheego-karobluse-grosse-groessen-im-trachten-look/AKLBB1640978061?nav-c=32819&rl=1&sku=5285165099#nav-i=30&ref=mba&nav-p=P1&relevantProduct=false,https://bilder.baur.de/i/empiriecom/6220ba9cc83d1e1519eedcec5df800bc.jpg
clothing,women,blouses,traditional,x,clothing-women-blouses-traditional,20230709-816-baur,de/clothing-women-blouses-traditional.html,https://baur.de/p/alpenwelt-trachtenbluse-damen-vielseitig-kombinierbar/AKLBB1600115650?nav-c=32819&rl=1&sku=2379280790#nav-i=46&ref=mba&nav-p=P1&relevantProduct=false,https://bilder.baur.de/i/empiriecom/a4ee4954e27027c37c034ae96f7f654f.jpg
clothing,women,blouses,traditional,x,clothing-women-blouses-traditional,20230709-796-baur,de/clothing-women-blouses-traditional.html,https://baur.de/p/os-trachten-trachtenbluse-damen-in-leinenoptik/AKLBB1214771806?nav-c=32819&rl=1&sku=1433160119#nav-i=11&ref=mba&nav-p=P1&relevantProduct=false,https://bilder.baur.de/i/empiriecom/99e20975e078bf3c98921b6916d4ed76.jpg
clothing,women,blouses,traditional,x,clothing-women-blouses-traditional,20230709-730-baur,de/clothing-women-blouses-traditional.html,https://baur.de/p/classic-basics-trachtenbluse/AKLBB1764120957?nav-c=32819&rl=1&sku=8741293030#nav-i=28&ref=mba&nav-p=P1&relevantProduct=false,https://bilder.baur.de/i/empiriecom/5b4bb7d5f4e3432d4e0c0d827ff771e6.jpg
clothing,women,blouses,traditional,x,clothing-women-blouses-traditional,20230709-686-baur,de/clothing-women-blouses-traditional.html,https://baur.de/p/felicitas-trachtenbluse-1-tlg-damen-angenehm-zu-tragen/AKLBB1673138837?nav-c=32819&rl=1&sku=7866996956#nav-i=6&ref=mba&nav-p=P1&relevantProduct=false,https://bilder.baur.de/i/empiriecom/76cb73fc958a26d01430d940189f4807.jpg
clothing,women,blouses,traditional,x,clothing-women-blouses-traditional,20230709-683-baur,de/clothing-women-blouses-traditional.html,https://baur.de/p/naber-collection-trachtenbluse-1-tlg-damen-mit-stehkragen/AKLBB1662962673?nav-c=32819&rl=1&sku=7847803431#nav-i=14&ref=mba&nav-p=P1&relevantProduct=false,https://bilder.baur.de/i/empiriecom/48e313d845febf811dd0d7b61ca6f1e3.jpg
clothing,women,blouses,traditional,x,clothing-women-blouses-traditional,20230709-608-baur,de/clothing-women-blouses-traditional.html,https://baur.de/p/alpenwelt-trachtenbluse-damen-modischer-allover-druck/AKLBB1600106244?nav-c=32819&rl=1&sku=7302232526#nav-i=35&ref=mba&nav-p=P1&relevantProduct=false,https://bilder.baur.de/i/empiriecom/463b65a4ab92e5492dec03a18df8465d.jpg
clothing,women,blouses,traditional,x,clothing-women-blouses-traditional,20230709-576-baur,de/clothing-women-blouses-traditional.html,https://baur.de/p/os-trachten-trachtenbluse-damen-mit-hirsch-stickerei/AKLBB1588013105?nav-c=32819&rl=1&sku=3383994522#nav-i=37&ref=mba&nav-p=P1&relevantProduct=false,https://bilder.baur.de/i/empiriecom/d9443804d3486e790f885330dea5ca72.jpg
clothing,women,blouses,traditional,x,clothing-women-blouses-traditional,20230709-556-baur,de/clothing-women-blouses-traditional.html,https://baur.de/p/krueger-madl-trachtenbluse-1-tlg-damen-vielseitig-kombinierbar/AKLBB1668602647?nav-c=32819&rl=1&sku=7462272126#nav-i=13&ref=mba&nav-p=P1&relevantProduct=false,https://bilder.baur.de/i/empiriecom/de0eb5c1605450dfeb3d16d2a46a90fb.jpg
clothing,women,blouses,traditional,x,clothing-women-blouses-traditional,20230709-552-baur,de/clothing-women-blouses-traditional.html,https://baur.de/p/h-moser-trachtenbluse-damen-laessig-geschnitten/AKLBB1603704817?nav-c=32819&rl=1&sku=4438506619#nav-i=36&ref=mba&nav-p=P1&relevantProduct=false,https://bilder.baur.de/i/empiriecom/08414c67f72d15984f83626f96a7c5e7.jpg
clothing,women,blouses,traditional,x,clothing-women-blouses-traditional,20230709-495-baur,de/clothing-women-blouses-traditional.html,https://baur.de/p/alpenwelt-trachtenbluse-damen-mit-ballonaermel/AKLBB1600106312?nav-c=32819&rl=1&sku=1741156769#nav-i=44&ref=mba&nav-p=P1&relevantProduct=false,https://bilder.baur.de/i/empiriecom/2e29bafba3d752fc6e644c78552115ca.jpg
clothing,women,blouses,traditional,x,clothing-women-blouses-traditional,20230709-486-baur,de/clothing-women-blouses-traditional.html,https://baur.de/p/m-x-o-trachtenbluse-damen-mit-all-over-muster/AKLBB1457134953?nav-c=32819&rl=1&sku=6244755320#nav-i=27&ref=mba&nav-p=P1&relevantProduct=false,https://bilder.baur.de/i/empiriecom/61919c90b047cc1096b930ff832bc09b.jpg
clothing,women,blouses,traditional,x,clothing-women-blouses-traditional,20230709-451-baur,de/clothing-women-blouses-traditional.html,https://baur.de/p/os-trachten-trachtenbluse-damen-im-karodesign/AKLBB1767451556?nav-c=32819&rl=1&sku=75672479#nav-i=39&ref=mba&nav-p=P1&relevantProduct=false,https://bilder.baur.de/i/empiriecom/9a4328ab4556f1f3bf572ef33e456b2d.jpg
clothing,women,blouses,traditional,x,clothing-women-blouses-traditional,20230709-434-baur,de/clothing-women-blouses-traditional.html,https://baur.de/p/os-trachten-trachtenbluse-1-tlg-damen-vielseitig-kombinierbar/AKLBB1670963986?nav-c=32819&rl=1&sku=2328343471#nav-i=7&ref=mba&nav-p=P1&relevantProduct=false,https://bilder.baur.de/i/empiriecom/8a803a9bcb78e8a2521e7b2f8b0e241c.jpg
clothing,women,blouses,traditional,x,clothing-women-blouses-traditional,20230709-411-baur,de/clothing-women-blouses-traditional.html,https://baur.de/p/trachtenbluse-berwin-wolff/AKLBB474134357?nav-c=32819&rl=1&sku=43286285#nav-i=43&ref=mba&nav-p=P1&relevantProduct=false,https://bilder.baur.de/i/empiriecom/26e1b2444d7e89b66431b4c2d5433336.jpg
clothing,women,blouses,traditional,x,clothing-women-blouses-traditional,20230709-399-baur,de/clothing-women-blouses-traditional.html,https://baur.de/p/classic-basics-trachtenbluse/AKLBB1764134840?nav-c=32819&rl=1&sku=2247514727#nav-i=8&ref=mba&nav-p=P1&relevantProduct=false,https://bilder.baur.de/i/empiriecom/5d431806d8374cb5390ec5b48d4c8380.jpg
clothing,women,blouses,traditional,x,clothing-women-blouses-traditional,20230709-393-baur,de/clothing-women-blouses-traditional.html,https://baur.de/p/sheego-kurzarmbluse-grosse-groessen-passend-zum-dirndel/AKLBB1641134950?nav-c=32819&rl=1&sku=5167296399#nav-i=34&ref=mba&nav-p=P1&relevantProduct=false,https://bilder.baur.de/i/empiriecom/f906f6e66a7450fc479bf89f2a77e9cb.jpg
clothing,women,blouses,traditional,x,clothing-women-blouses-traditional,20230709-374-baur,de/clothing-women-blouses-traditional.html,https://baur.de/p/alpenwelt-trachtenbluse-damen-vielseitig-kombinierbar/AKLBB1600106278?nav-c=32819&rl=1&sku=2545006437#nav-i=23&ref=mba&nav-p=P1&relevantProduct=false,https://bilder.baur.de/i/empiriecom/14529a604a5aa6ce8af86e5d079ca6e3.jpg
clothing,women,blouses,traditional,x,clothing-women-blouses-traditional,20230709-351-baur,de/clothing-women-blouses-traditional.html,https://baur.de/p/classic-basics-trachtenbluse/AKLBB1662062333?nav-c=32819&rl=1&sku=9627854321#nav-i=32&ref=mba&nav-p=P1&relevantProduct=false,https://bilder.baur.de/i/empiriecom/b400adf1f5683b8ba41621669dcdb305.jpg
clothing,women,blouses,traditional,x,clothing-women-blouses-traditional,20230709-291-baur,de/clothing-women-blouses-traditional.html,https://baur.de/p/trachtenbluse-os-trachten/AKLBB819946726?nav-c=32819&rl=1&sku=70010877#nav-i=1&ref=mba&nav-p=P1&relevantProduct=false,https://bilder.baur.de/i/empiriecom/c684f5db3b5776c565a5967fc23789f3.jpg
clothing,women,blouses,traditional,x,clothing-women-blouses-traditional,20230709-289-baur,de/clothing-women-blouses-traditional.html,https://baur.de/p/sheego-trachtenbluse-grosse-groessen-mit-stickereien/AKLBB1641185699?nav-c=32819&rl=1&sku=9210410599#nav-i=25&ref=mba&nav-p=P1&relevantProduct=false,https://bilder.baur.de/i/empiriecom/87f29b92f00b1f777e0e5fcea4e56a56.jpg
clothing,women,blouses,traditional,x,clothing-women-blouses-traditional,20230709-271-baur,de/clothing-women-blouses-traditional.html,https://baur.de/p/hangowear-trachtenbluse-2-tlg-damen-mit-motivdruck/AKLBB1463865685?nav-c=32819&rl=1&sku=6134991960#nav-i=45&ref=mba&nav-p=P1&relevantProduct=false,https://bilder.baur.de/i/empiriecom/0e04f56244ede5ee108d92e728e392f7.jpg
clothing,women,blouses,traditional,x,clothing-women-blouses-traditional,20230709-257-baur,de/clothing-women-blouses-traditional.html,https://baur.de/p/classic-basics-trachtenbluse/AKLBB1692854128?nav-c=32819&rl=1&sku=8593520653#nav-i=12&ref=mba&nav-p=P1&relevantProduct=false,https://bilder.baur.de/i/empiriecom/054929928d5d822186f33a55d6ddba50.jpg
clothing,women,blouses,traditional,x,clothing-women-blouses-traditional,20230709-244-baur,de/clothing-women-blouses-traditional.html,https://baur.de/p/country-line-trachtenbluse-damen-mit-spitzeneinsatz-und-schmuckknoepfen/AKLBB1332224021?nav-c=32819&rl=1&sku=1684206285#nav-i=48&ref=mba&nav-p=P1&relevantProduct=false,https://bilder.baur.de/i/empiriecom/fb85b6decc62150dc35a860d6624e124.jpg
clothing,women,blouses,traditional,x,clothing-women-blouses-traditional,20230709-235-baur,de/clothing-women-blouses-traditional.html,https://baur.de/p/m-x-o-trachtenbluse-damen-angenehme-softe-qualitaet/AKLBB1563867000?nav-c=32819&rl=1&sku=9604763410#nav-i=42&ref=mba&nav-p=P1&relevantProduct=false,https://bilder.baur.de/i/empiriecom/7dc5dd034001974aa5c0362d48ed5103.jpg
clothing,women,blouses,traditional,x,clothing-women-blouses-traditional,20230709-234-baur,de/clothing-women-blouses-traditional.html,https://baur.de/p/felicitas-trachtenbluse-damen-vielseitig-kombinierbar/AKLBB1673138999?nav-c=32819&rl=1&sku=7106442116#nav-i=3&ref=mba&nav-p=P1&relevantProduct=false,https://bilder.baur.de/i/empiriecom/d4bc92b846e5c8ef96857e84272a26fa.jpg
clothing,women,blouses,traditional,x,clothing-women-blouses-traditional,20230709-232-baur,de/clothing-women-blouses-traditional.html,https://baur.de/p/naber-collection-trachtenbluse-damen-im-karodesign/AKLBB1591221008?nav-c=32819&rl=1&sku=2081696531#nav-i=22&ref=mba&nav-p=P1&relevantProduct=false,https://bilder.baur.de/i/empiriecom/9c10da31e50868a822c9d1ceefc12422.jpg
clothing,women,blouses,traditional,x,clothing-women-blouses-traditional,20230709-203-baur,de/clothing-women-blouses-traditional.html,https://baur.de/p/love-nature-trachtenbluse-1-tlg-damen-vielseitig-kombinierbar/AKLBB1673478073?nav-c=32819&rl=1&sku=9256293918#nav-i=4&ref=mba&nav-p=P1&relevantProduct=false,https://bilder.baur.de/i/empiriecom/c0e1078671529d2c41139f99fb418973.jpg
clothing,women,blouses,traditional,x,clothing-women-blouses-traditional,20230709-200-baur,de/clothing-women-blouses-traditional.html,https://baur.de/p/os-trachten-trachtenbluse-damen-im-karo-design/AKLBB557952914?nav-c=32819&rl=1&sku=3299511017#nav-i=31&ref=mba&nav-p=P1&relevantProduct=false,https://bilder.baur.de/i/empiriecom/b4476b283fdd5828335648a114e4fc2f.jpg
clothing,women,blouses,traditional,x,clothing-women-blouses-traditional,20230709-109-baur,de/clothing-women-blouses-traditional.html,https://baur.de/p/os-trachten-trachtenbluse-1-tlg-damen-mit-modischem-allover-druck/AKLBB1670963894?nav-c=32819&rl=1&sku=6432881912#nav-i=18&ref=mba&nav-p=P1&relevantProduct=false,https://bilder.baur.de/i/empiriecom/cf35e319046f45aed6b54b0c56ecb3a4.jpg
clothing,women,blouses,traditional,x,clothing-women-blouses-traditional,20230709-101-baur,de/clothing-women-blouses-traditional.html,https://baur.de/p/mit-kelchkragen/AKLBB557952922?nav-c=32819&rl=1&sku=42661296#nav-i=15&ref=mba&nav-p=P1&relevantProduct=false,https://bilder.baur.de/i/empiriecom/19b074695fede0cf429e0b77648ed1e1.jpg
