clothing,women,dresses,x,y,clothing-women-dresses,20230711-772-baur,de/clothing-women-dresses.html,https://baur.de/p/lascana-midikleid-mit-bindeguertel-aus-rippware/AKLBB1501481507?nav-c=264&sku=8546706668#nav-i=49&ref=mba&nav-p=P1&relevantProduct=false,https://bilder.baur.de/i/empiriecom/a2bd27771a915fff982a8c7088e0eaa5.jpg
clothing,women,dresses,x,y,clothing-women-dresses,20230711-692-baur,de/clothing-women-dresses.html,https://baur.de/p/s-oliver-sommerkleid-mit-breitem-tailleneinsatz/AKLBB1676661470?nav-c=264&sku=9104466521#nav-i=60&ref=mba&nav-p=P1&relevantProduct=false,https://bilder.baur.de/i/empiriecom/10a37331ad7b7588ad995ef607ea10df.jpg
clothing,women,dresses,x,y,clothing-women-dresses,20230711-611-baur,de/clothing-women-dresses.html,https://baur.de/p/buffalo-maxikleid-mit-traegern-zum-knoten/AKLBB1508119459?nav-c=264&sku=3177602178#nav-i=61&ref=mba&nav-p=P1&relevantProduct=false,https://bilder.baur.de/i/empiriecom/a0b5484675880b763bd40e84928788b2.jpg
clothing,women,dresses,x,y,clothing-women-dresses,20230711-474-baur,de/clothing-women-dresses.html,https://baur.de/p/beachtime-druckkleid-mit-modischen-volants-strandmode-strandbekleidung/AKLBB1508099183?nav-c=264&sku=1486584934#nav-i=56&ref=mba&nav-p=P1&relevantProduct=false,https://bilder.baur.de/i/empiriecom/595059d5e64187b246fb76020d53b134.jpg
clothing,women,dresses,x,y,clothing-women-dresses,20230711-238-baur,de/clothing-women-dresses.html,https://baur.de/p/vivance-midikleid-mit-bluemchenprint/AKLBB1409747697?nav-c=264&sku=6576882455#nav-i=58&ref=mba&nav-p=P1&relevantProduct=false,https://bilder.baur.de/i/empiriecom/2c59eda9fd91cdbf7d7eb7fd718e3f95.jpg
clothing,women,dresses,x,y,clothing-women-dresses,20230711-217-baur,de/clothing-women-dresses.html,https://baur.de/p/lascana-druckkleid-aus-gewebter-viskose/AKLBB1688741218?nav-c=264&sku=6733145520#nav-i=71&ref=mba&nav-p=P1&relevantProduct=false,https://bilder.baur.de/i/empiriecom/8946413592cb60b25dc910a542e5908c.jpg
clothing,women,dresses,x,y,clothing-women-dresses,20230711-123-baur,de/clothing-women-dresses.html,https://baur.de/p/s-oliver-beachwear-maxikleid/AKLBB1018268673?nav-c=264&sku=2247820679#nav-i=54&ref=mba&nav-p=P1&relevantProduct=false,https://bilder.baur.de/i/empiriecom/b9b72ede683ef158e63aa1565b833f14.jpg
clothing,women,dresses,x,y,clothing-women-dresses,20230710-649-baur,de/clothing-women-dresses.html,https://baur.de/p/lascana-maxikleid-mit-modischem-ausschnitt/AKLBB1500147199?nav-c=264&sku=3513621041#nav-i=72&ref=mba&nav-p=P1&relevantProduct=false,https://bilder.baur.de/i/empiriecom/d567e8b006a1cd11a87783ce8bf33473.jpg
clothing,women,dresses,x,y,clothing-women-dresses,20230710-499-baur,de/clothing-women-dresses.html,https://baur.de/p/lascana-midikleid-mit-bindeguertel-aus-rippware/AKLBB1501481507?nav-c=264&sku=1164565520#nav-i=69&ref=mba&nav-p=P1&relevantProduct=false,https://bilder.baur.de/i/empiriecom/12d93e882054e52832c56a5b2d743548.jpg
clothing,women,dresses,x,y,clothing-women-dresses,20230710-398-baur,de/clothing-women-dresses.html,https://baur.de/p/aniston-casual-maxikleid-rockteil-mit-volant-aus-plissee/AKLBB1138572790?nav-c=264&sku=4408415245#nav-i=62&ref=mba&nav-p=P1&relevantProduct=false,https://bilder.baur.de/i/empiriecom/cdddd45ef2562b85ed74f2e248eefae7.jpg
clothing,women,dresses,x,y,clothing-women-dresses,20230710-252-baur,de/clothing-women-dresses.html,https://baur.de/p/lascana-maxikleid-mit-farbigem-einsatz/AKLBB1683097856?nav-c=264&sku=6534146769#nav-i=68&ref=mba&nav-p=P1&relevantProduct=false,https://bilder.baur.de/i/empiriecom/e351341be61aa45fc643e2bb1af4c17d.jpg
clothing,women,dresses,x,x,clothing-women-dresses,20230709-972-baur,de/clothing-women-dresses.html,https://baur.de/p/lascana-longbluse-mit-guertel-in-lederoptik-aus-gekreppter-ware/AKLBB1615835022?nav-c=264&sku=8747422484#nav-i=52&ref=mba&nav-p=P1&relevantProduct=false,https://bilder.baur.de/i/empiriecom/3882f9d8a289443159267680cbcae658.jpg
clothing,women,dresses,x,x,clothing-women-dresses,20230709-365-baur,de/clothing-women-dresses.html,https://baur.de/p/aniston-casual-tunikakleid-mit-fantasievollem-druck/AKLBB1642054024?nav-c=264&sku=2485524373#nav-i=63&ref=mba&nav-p=P1&relevantProduct=false,https://bilder.baur.de/i/empiriecom/0ddecd24ede06ab00cacabec262f96c1.jpg
clothing,women,dresses,x,x,clothing-women-dresses,20230709-284-baur,de/clothing-women-dresses.html,https://baur.de/p/vivance-jerseykleid/AKLBB1178146922?nav-c=264&sku=3315742135#nav-i=69&ref=mba&nav-p=P1&relevantProduct=false,https://bilder.baur.de/i/empiriecom/37877b08b50364d414333bda8f7cf79e.jpg
clothing,women,dresses,x,x,clothing-women-dresses,20230709-263-baur,de/clothing-women-dresses.html,https://baur.de/p/lascana-maxikleid-mit-bluemchenprint/AKLBB1554968702?nav-c=264&sku=8590242324#nav-i=72&ref=mba&nav-p=P1&relevantProduct=false,https://bilder.baur.de/i/empiriecom/50de4260ab65d28a727846cd0eb0d94a.jpg
clothing,women,dresses,x,x,clothing-women-dresses,20230709-255-baur,de/clothing-women-dresses.html,https://baur.de/p/buffalo-jerseykleid-mit-paperbag-bund/AKLBB1501887153?nav-c=264&sku=7446034871#nav-i=61&ref=mba&nav-p=P1&relevantProduct=false,https://bilder.baur.de/i/empiriecom/7fbc9ae502973de58da777f1652cf530.jpg
clothing,women,dresses,x,x,clothing-women-dresses,20230709-246-baur,de/clothing-women-dresses.html,https://baur.de/p/vivance-maxikleid-mit-grafischem-alloverdruck/AKLBB1608981392?nav-c=264&sku=4639602448#nav-i=65&ref=mba&nav-p=P1&relevantProduct=false,https://bilder.baur.de/i/empiriecom/e52c851fe7210d4f83310edc33fb98b2.jpg
clothing,women,dresses,x,x,clothing-women-dresses,20230708-999-baur,de/clothing-women-dresses.html,https://baur.de/p/lascana-longbluse/AKLBB759299373?nav-c=264&sku=2949955065#nav-i=30&ref=mba&nav-p=P1&relevantProduct=false,https://bilder.baur.de/i/empiriecom/b4510f99a7ec351e63b3d4ea150d17c2.jpg
clothing,women,dresses,x,x,clothing-women-dresses,20230708-996-baur,de/clothing-women-dresses.html,https://baur.de/p/lascana-sommerkleid/AKLBB1110082924?nav-c=264&sku=8288510938#nav-i=11&ref=mba&nav-p=P1&relevantProduct=false,https://bilder.baur.de/i/empiriecom/351218f1995fe23b9a8cc668ece79987.jpg
clothing,women,dresses,x,x,clothing-women-dresses,20230708-981-baur,de/clothing-women-dresses.html,https://baur.de/p/vivance-jerseykleid-mit-bindeguertel-mit-punktedruck/AKLBB1224185715?nav-c=264&sku=3985692961#nav-i=67&ref=mba&nav-p=P1&relevantProduct=false,https://bilder.baur.de/i/empiriecom/860675197a1512181f0f352a14154017.jpg
clothing,women,dresses,x,x,clothing-women-dresses,20230708-978-baur,de/clothing-women-dresses.html,https://baur.de/p/lascana-maxikleid-aus-gewebter-viskose/AKLBB1483449214?nav-c=264&sku=4771965276#nav-i=14&ref=mba&nav-p=P1&relevantProduct=false,https://bilder.baur.de/i/empiriecom/e9b1ddfe3f6bc0fc7b1a6a51d55a720c.jpg
clothing,women,dresses,x,x,clothing-women-dresses,20230708-978-baur,de/clothing-women-dresses.html,https://baur.de/p/patrizia-dini-by-heine-cocktailkleid-cocktailkleid/AKLBB1324935724?nav-c=264&sku=3070992474#nav-i=52&ref=mba&nav-p=P1&relevantProduct=false,https://bilder.baur.de/i/empiriecom/0279210796041a5367f390f0bae5dd9c.jpg
clothing,women,dresses,x,x,clothing-women-dresses,20230708-965-baur,de/clothing-women-dresses.html,https://baur.de/p/lascana-strandkleid/AKLBB784288115?nav-c=264&sku=6085891418#nav-i=54&ref=mba&nav-p=P1&relevantProduct=false,https://bilder.baur.de/i/empiriecom/b38d14226ae602b3967b373d9136b9a1.jpg
clothing,women,dresses,x,x,clothing-women-dresses,20230708-965-baur,de/clothing-women-dresses.html,https://baur.de/p/lascana-maxikleid-mit-alloverdruck/AKLBB1141878700?nav-c=264&sku=4377465492#nav-i=68&ref=mba&nav-p=P1&relevantProduct=false,https://bilder.baur.de/i/empiriecom/a5ab3a8af20af1c655922d8ac58587df.jpg
clothing,women,dresses,x,x,clothing-women-dresses,20230708-948-baur,de/clothing-women-dresses.html,https://baur.de/p/buffalo-jerseykleid-mit-bluemchenprint/AKLBB1607326001?nav-c=264&sku=7478432611#nav-i=56&ref=mba&nav-p=P1&relevantProduct=false,https://bilder.baur.de/i/empiriecom/97604b247454a55f828563025eaf333b.jpg
clothing,women,dresses,x,x,clothing-women-dresses,20230708-940-baur,de/clothing-women-dresses.html,https://baur.de/p/lascana-midikleid-mit-zick-zack-muster/AKLBB1535320802?nav-c=264&sku=8238040575#nav-i=42&ref=mba&nav-p=P1&relevantProduct=false,https://bilder.baur.de/i/empiriecom/48ee44a00d914a617d3081e58d3b4ae9.jpg
clothing,women,dresses,x,x,clothing-women-dresses,20230708-937-baur,de/clothing-women-dresses.html,https://baur.de/p/lascana-maxikleid-mit-paisleydruck/AKLBB1224792824?nav-c=264&sku=4873230765#nav-i=19&ref=mba&nav-p=P1&relevantProduct=false,https://bilder.baur.de/i/empiriecom/e4c7b543322d2286001ea7195e8f8271.jpg
clothing,women,dresses,x,x,clothing-women-dresses,20230708-935-baur,de/clothing-women-dresses.html,https://baur.de/p/buffalo-jerseykleid-mit-alloverdruck/AKLBB1508119460?nav-c=264&sku=3286084531#nav-i=7&ref=mba&nav-p=P1&relevantProduct=false,https://bilder.baur.de/i/empiriecom/d4bb03e8c9f62c7445b962c2899f9a3e.jpg
clothing,women,dresses,x,x,clothing-women-dresses,20230708-934-baur,de/clothing-women-dresses.html,https://baur.de/p/lascana-midikleid-mit-bindeguertel-aus-rippware/AKLBB1501481507?nav-c=264&sku=7440050767#nav-i=27&ref=mba&nav-p=P1&relevantProduct=false,https://bilder.baur.de/i/empiriecom/2ade59c3755bc2451257602505671478.jpg
clothing,women,dresses,x,x,clothing-women-dresses,20230708-928-baur,de/clothing-women-dresses.html,https://baur.de/p/lady-spitzenkleid-kleid/AKLBB1387488041?nav-c=264&sku=7575952664#nav-i=38&ref=mba&nav-p=P1&relevantProduct=false,https://bilder.baur.de/i/empiriecom/8344640aeb509ffcb9d85ba7d69400c4.jpg
clothing,women,dresses,x,x,clothing-women-dresses,20230708-915-baur,de/clothing-women-dresses.html,https://baur.de/p/lascana-maxikleid/AKLBB785931088?nav-c=264&sku=4493852456#nav-i=41&ref=mba&nav-p=P1&relevantProduct=false,https://bilder.baur.de/i/empiriecom/0051be7a16142ad24e238785486c8406.jpg
clothing,women,dresses,x,x,clothing-women-dresses,20230708-912-baur,de/clothing-women-dresses.html,https://baur.de/p/lascana-maxikleid-mit-alloverdruck/AKLBB1508117044?nav-c=264&sku=9612882926#nav-i=25&ref=mba&nav-p=P1&relevantProduct=false,https://bilder.baur.de/i/empiriecom/cda7cee57c96f74c8e3099b50bab1150.jpg
clothing,women,dresses,x,x,clothing-women-dresses,20230708-912-baur,de/clothing-women-dresses.html,https://baur.de/p/lascana-longbluse-mit-guertel-in-lederoptik-aus-gekreppter-ware/AKLBB1615835022?nav-c=264&sku=6334302057#nav-i=51&ref=mba&nav-p=P1&relevantProduct=false,https://bilder.baur.de/i/empiriecom/b9b7ebc87ddd0bc9951193ce4daffc60.jpg
clothing,women,dresses,x,x,clothing-women-dresses,20230708-895-baur,de/clothing-women-dresses.html,https://baur.de/p/beachtime-jerseykleid-mit-paperbag-bund/AKLBB1418543477?nav-c=264&sku=7867904738#nav-i=24&ref=mba&nav-p=P1&relevantProduct=false,https://bilder.baur.de/i/empiriecom/402d37ce5e8da7bb20c0dab073eeff9e.jpg
clothing,women,dresses,x,x,clothing-women-dresses,20230708-891-baur,de/clothing-women-dresses.html,https://baur.de/p/lascana-sommerkleid-mit-animalprint/AKLBB1528389771?nav-c=264&sku=4078706732#nav-i=3&ref=mba&nav-p=P1&relevantProduct=false,https://bilder.baur.de/i/empiriecom/3f1c943728fe50081a64bcc0f3dca8db.jpg
clothing,women,dresses,x,x,clothing-women-dresses,20230708-869-baur,de/clothing-women-dresses.html,https://baur.de/p/aniston-casual-sommerkleid-mit-farbenfrohem-blumendruck/AKLBB1425554145?nav-c=264&sku=5790000734#nav-i=51&ref=mba&nav-p=P1&relevantProduct=false,https://bilder.baur.de/i/empiriecom/804aebb9a704372389c76229a1b2dcac.jpg
clothing,women,dresses,x,x,clothing-women-dresses,20230708-857-baur,de/clothing-women-dresses.html,https://baur.de/p/buffalo-maxikleid/AKLBB1676869255?nav-c=264&sku=4417424852#nav-i=12&ref=mba&nav-p=P1&relevantProduct=false,https://bilder.baur.de/i/empiriecom/10897955138d0a5b911dfe28b249ceb9.jpg
clothing,women,dresses,x,x,clothing-women-dresses,20230708-854-baur,de/clothing-women-dresses.html,https://baur.de/p/lascana-maxikleid/AKLBB759788966?nav-c=264&sku=4451720717#nav-i=50&ref=mba&nav-p=P1&relevantProduct=false,https://bilder.baur.de/i/empiriecom/6296b927bb5c84d198d8d64c46e45e51.jpg
clothing,women,dresses,x,x,clothing-women-dresses,20230708-852-baur,de/clothing-women-dresses.html,https://baur.de/p/lascana-jerseykleid-mit-alloverdruck/AKLBB1501529710?nav-c=264&sku=2457875713#nav-i=69&ref=mba&nav-p=P1&relevantProduct=false,https://bilder.baur.de/i/empiriecom/c51f07d18e1091e4890a9bff30e296d7.jpg
clothing,women,dresses,x,x,clothing-women-dresses,20230708-845-baur,de/clothing-women-dresses.html,https://baur.de/p/casual-looks-jeanskleid-jeans-kleid/AKLBB1274813830?nav-c=264&sku=9229771420#nav-i=67&ref=mba&nav-p=P1&relevantProduct=false,https://bilder.baur.de/i/empiriecom/f3a3c71b83483ef991bac70722077930.jpg
clothing,women,dresses,x,x,clothing-women-dresses,20230708-836-baur,de/clothing-women-dresses.html,https://baur.de/p/lascana-maxikleid-aus-gewebter-viskose/AKLBB1676830468?nav-c=264&sku=4664731341#nav-i=41&ref=mba&nav-p=P1&relevantProduct=false,https://bilder.baur.de/i/empiriecom/3f500f497bdfdb7829a47d12fd49814a.jpg
clothing,women,dresses,x,x,clothing-women-dresses,20230708-832-baur,de/clothing-women-dresses.html,https://baur.de/p/beachtime-strandkleid/AKLBB646936867?nav-c=264&sku=4063973272#nav-i=35&ref=mba&nav-p=P1&relevantProduct=false,https://bilder.baur.de/i/empiriecom/28bffe292aa7adccc78b9f4219be91bb.jpg
clothing,women,dresses,x,x,clothing-women-dresses,20230708-827-baur,de/clothing-women-dresses.html,https://baur.de/p/vivance-jerseykleid/AKLBB1178146924?nav-c=264&sku=8558435944#nav-i=20&ref=mba&nav-p=P1&relevantProduct=false,https://bilder.baur.de/i/empiriecom/a2d422edaaad3f148546ff6eb01919fd.jpg
clothing,women,dresses,x,x,clothing-women-dresses,20230708-809-baur,de/clothing-women-dresses.html,https://baur.de/p/buffalo-maxikleid/AKLBB1230019347?nav-c=264&sku=8563962593#nav-i=8&ref=mba&nav-p=P1&relevantProduct=false,https://bilder.baur.de/i/empiriecom/f970a3ac8ed0b76e061e84378616f17b.jpg
clothing,women,dresses,x,x,clothing-women-dresses,20230708-786-baur,de/clothing-women-dresses.html,https://baur.de/p/aniston-casual-sommerkleid-mit-fantasievollem-blumendruck/AKLBB1425787356?nav-c=264&sku=1797971687#nav-i=59&ref=mba&nav-p=P1&relevantProduct=false,https://bilder.baur.de/i/empiriecom/f1aa41452cbc1dbb1c0d8eba54972191.jpg
clothing,women,dresses,x,x,clothing-women-dresses,20230708-782-baur,de/clothing-women-dresses.html,https://baur.de/p/vivance-jerseykleid/AKLBB1244883928?nav-c=264&sku=3214872564#nav-i=38&ref=mba&nav-p=P1&relevantProduct=false,https://bilder.baur.de/i/empiriecom/2aeb24ee23abaf70255ed4506a3944c7.jpg
clothing,women,dresses,x,x,clothing-women-dresses,20230708-766-baur,de/clothing-women-dresses.html,https://baur.de/p/beachtime-sommerkleid/AKLBB855325414?nav-c=264&sku=4193543712#nav-i=26&ref=mba&nav-p=P1&relevantProduct=false,https://bilder.baur.de/i/empiriecom/bba1771916e38791a872db4fae0e4687.jpg
clothing,women,dresses,x,x,clothing-women-dresses,20230708-746-baur,de/clothing-women-dresses.html,https://baur.de/p/aniston-selected-maxikleid-mit-weiten-3-4-langen-aermeln/AKLBB1424291274?nav-c=264&sku=5139112434#nav-i=58&ref=mba&nav-p=P1&relevantProduct=false,https://bilder.baur.de/i/empiriecom/37536132dc5724ce5baf233242a62abf.jpg
clothing,women,dresses,x,x,clothing-women-dresses,20230708-744-baur,de/clothing-women-dresses.html,https://baur.de/p/buffalo-maxikleid-mit-paisleyprint/AKLBB1688507798?nav-c=264&sku=3743843672#nav-i=65&ref=mba&nav-p=P1&relevantProduct=false,https://bilder.baur.de/i/empiriecom/3eb981801d6ec52a40d620b12ee759cd.jpg
clothing,women,dresses,x,x,clothing-women-dresses,20230708-721-baur,de/clothing-women-dresses.html,https://baur.de/p/heine-abendkleid-abendkleid/AKLBB1303971841?nav-c=264&sku=7951163233#nav-i=21&ref=mba&nav-p=P1&relevantProduct=false,https://bilder.baur.de/i/empiriecom/465124f7e37ca43e8eeb34c14e68448e.jpg
clothing,women,dresses,x,x,clothing-women-dresses,20230708-690-baur,de/clothing-women-dresses.html,https://baur.de/p/beachtime-sommerkleid/AKLBB776277573?nav-c=264&sku=2684275698#nav-i=5&ref=mba&nav-p=P1&relevantProduct=false,https://bilder.baur.de/i/empiriecom/bb837fc1473ab29c7bbeeb821fba7e73.jpg
clothing,women,dresses,x,x,clothing-women-dresses,20230708-683-baur,de/clothing-women-dresses.html,https://baur.de/p/buffalo-maxikleid/AKLBB880522100?nav-c=264&sku=7782783747#nav-i=27&ref=mba&nav-p=P1&relevantProduct=false,https://bilder.baur.de/i/empiriecom/af3f2abc494984eb50604b53a394f085.jpg
clothing,women,dresses,x,x,clothing-women-dresses,20230708-681-baur,de/clothing-women-dresses.html,https://baur.de/p/beachtime-strandkleid/AKLBB703142568?nav-c=264&sku=6157066216#nav-i=43&ref=mba&nav-p=P1&relevantProduct=false,https://bilder.baur.de/i/empiriecom/d80790e068c50dbcc1952e97cc7f8668.jpg
clothing,women,dresses,x,x,clothing-women-dresses,20230708-674-baur,de/clothing-women-dresses.html,https://baur.de/p/lascana-maxikleid/AKLBB448511420?nav-c=264&sku=79077188#nav-i=60&ref=mba&nav-p=P1&relevantProduct=false,https://bilder.baur.de/i/empiriecom/fd17ae98cbfab0e83e7b962495d70788.jpg
clothing,women,dresses,x,x,clothing-women-dresses,20230708-661-baur,de/clothing-women-dresses.html,https://baur.de/p/lascana-jerseykleid-mit-animalprint/AKLBB1676871959?nav-c=264&sku=1372162871#nav-i=57&ref=mba&nav-p=P1&relevantProduct=false,https://bilder.baur.de/i/empiriecom/e1f505ce513b0f98221dbcbdd3a88a81.jpg
clothing,women,dresses,x,x,clothing-women-dresses,20230708-658-baur,de/clothing-women-dresses.html,https://baur.de/p/vivance-midikleid-mit-bluemchendruck/AKLBB1409747696?nav-c=264&sku=6028601850#nav-i=65&ref=mba&nav-p=P1&relevantProduct=false,https://bilder.baur.de/i/empiriecom/d5c6021bfdcb0bd37e19d39281983bbe.jpg
clothing,women,dresses,x,x,clothing-women-dresses,20230708-650-baur,de/clothing-women-dresses.html,https://baur.de/p/heine-sommerkleid-leinenkleid/AKLBB1359666739?nav-c=264&sku=7166691025#nav-i=58&ref=mba&nav-p=P1&relevantProduct=false,https://bilder.baur.de/i/empiriecom/9ee0a7ca702ff4ab8620f0849afc4020.jpg
clothing,women,dresses,x,x,clothing-women-dresses,20230708-637-baur,de/clothing-women-dresses.html,https://baur.de/p/lascana-midikleid-mit-reissverschluss-am-ausschnitt/AKLBB1109535054?nav-c=264&sku=2402645341#nav-i=6&ref=mba&nav-p=P1&relevantProduct=false,https://bilder.baur.de/i/empiriecom/ee7656c31acd9af0048c112ea22adc69.jpg
clothing,women,dresses,x,x,clothing-women-dresses,20230708-637-baur,de/clothing-women-dresses.html,https://baur.de/p/beachtime-jerseykleid-mit-blaetterdruck/AKLBB1659377370?nav-c=264&sku=7442612815#nav-i=57&ref=mba&nav-p=P1&relevantProduct=false,https://bilder.baur.de/i/empiriecom/184cef3380779556e0a8e50e2d883cca.jpg
clothing,women,dresses,x,x,clothing-women-dresses,20230708-627-baur,de/clothing-women-dresses.html,https://baur.de/p/lascana-blusenkleid/AKLBB1008578503?nav-c=264&sku=4693145978#nav-i=40&ref=mba&nav-p=P1&relevantProduct=false,https://bilder.baur.de/i/empiriecom/aeeb197d653957ab8116d4a44f3f3a8f.jpg
clothing,women,dresses,x,x,clothing-women-dresses,20230708-624-baur,de/clothing-women-dresses.html,https://baur.de/p/beachtime-strandkleid/AKLBB169450639?nav-c=264&sku=68545589#nav-i=32&ref=mba&nav-p=P1&relevantProduct=false,https://bilder.baur.de/i/empiriecom/7f1b34ac7bebc66ce817dc77dfa7e914.jpg
clothing,women,dresses,x,x,clothing-women-dresses,20230708-617-baur,de/clothing-women-dresses.html,https://baur.de/p/vivance-jerseykleid-mit-alloverdruck/AKLBB1222211374?nav-c=264&sku=1511502413#nav-i=47&ref=mba&nav-p=P1&relevantProduct=false,https://bilder.baur.de/i/empiriecom/4abfb40a54e38e1ab25202218a9f8d3e.jpg
clothing,women,dresses,x,x,clothing-women-dresses,20230708-591-baur,de/clothing-women-dresses.html,https://baur.de/p/casual-looks-kleid-mit-figurfreundlichen-abnaehern-im-vorderteil/AKLBB1034675243?nav-c=264&sku=1948255328#nav-i=36&ref=mba&nav-p=P1&relevantProduct=false,https://bilder.baur.de/i/empiriecom/7ec8d09d6fddb7c0aa507b4b1631e189.jpg
clothing,women,dresses,x,x,clothing-women-dresses,20230708-579-baur,de/clothing-women-dresses.html,https://baur.de/p/inspirationen-sommerkleid-patchkleid/AKLBB1685033978?nav-c=264&sku=7253502253#nav-i=72&ref=mba&nav-p=P1&relevantProduct=false,https://bilder.baur.de/i/empiriecom/06df93166224e1180f3c17620d71b2c1.jpg
clothing,women,dresses,x,x,clothing-women-dresses,20230708-559-baur,de/clothing-women-dresses.html,https://baur.de/p/s-oliver-jerseykleid-mit-blaetterdruck/AKLBB1637541734?nav-c=264&sku=3916376545#nav-i=70&ref=mba&nav-p=P1&relevantProduct=false,https://bilder.baur.de/i/empiriecom/427cf0addfaeaee1a27dd7d09f0aac64.jpg
clothing,women,dresses,x,x,clothing-women-dresses,20230708-539-baur,de/clothing-women-dresses.html,https://baur.de/p/lascana-jerseykleid-mit-paperbag-bund/AKLBB1419027476?nav-c=264&sku=8516633675#nav-i=59&ref=mba&nav-p=P1&relevantProduct=false,https://bilder.baur.de/i/empiriecom/6a2276f6e7259dd07039afa03776ec34.jpg
clothing,women,dresses,x,x,clothing-women-dresses,20230708-528-baur,de/clothing-women-dresses.html,https://baur.de/p/lady-spitzenkleid-kleid/AKLBB1387488041?nav-c=264&sku=2983103615#nav-i=49&ref=mba&nav-p=P1&relevantProduct=false,https://bilder.baur.de/i/empiriecom/478c2d2676d38761105e80ad0d8b3a73.jpg
clothing,women,dresses,x,x,clothing-women-dresses,20230708-524-baur,de/clothing-women-dresses.html,https://baur.de/p/lascana-maxikleid/AKLBB759788969?nav-c=264&sku=26195891#nav-i=18&ref=mba&nav-p=P1&relevantProduct=false,https://bilder.baur.de/i/empiriecom/0f7fa9f4fb2a51786c9766bb98de8e1c.jpg
clothing,women,dresses,x,x,clothing-women-dresses,20230708-524-baur,de/clothing-women-dresses.html,https://baur.de/p/s-oliver-beachwear-sommerkleid/AKLBB687106288?nav-c=264&sku=7399800938#nav-i=71&ref=mba&nav-p=P1&relevantProduct=false,https://bilder.baur.de/i/empiriecom/70918b25df0f6ab3caee9a4cd1f3848b.jpg
clothing,women,dresses,x,x,clothing-women-dresses,20230708-484-baur,de/clothing-women-dresses.html,https://baur.de/p/lascana-maxikleid/AKLBB1109595622?nav-c=264&sku=3947445927#nav-i=28&ref=mba&nav-p=P1&relevantProduct=false,https://bilder.baur.de/i/empiriecom/eb718cb3113f9b98fdce391239b0cb93.jpg
clothing,women,dresses,x,x,clothing-women-dresses,20230708-473-baur,de/clothing-women-dresses.html,https://baur.de/p/aniston-casual-maxikleid-mit-farbenfrohem-blumen-und-paisley-druck-neue-kollektion/AKLBB1694513802?nav-c=264&sku=2082665114#nav-i=63&ref=mba&nav-p=P1&relevantProduct=false,https://bilder.baur.de/i/empiriecom/a4870102640d5ed2e9c13c9dfef8430d.jpg
clothing,women,dresses,x,x,clothing-women-dresses,20230708-446-baur,de/clothing-women-dresses.html,https://baur.de/p/vivance-jerseykleid-mit-bluemchenprint/AKLBB1224240261?nav-c=264&sku=1812872949#nav-i=35&ref=mba&nav-p=P1&relevantProduct=false,https://bilder.baur.de/i/empiriecom/e204ee1034a41f09280b07373124e7b9.jpg
clothing,women,dresses,x,x,clothing-women-dresses,20230708-427-baur,de/clothing-women-dresses.html,https://baur.de/p/buffalo-jerseykleid/AKLBB979198087?nav-c=264&sku=8347021557#nav-i=13&ref=mba&nav-p=P1&relevantProduct=false,https://bilder.baur.de/i/empiriecom/1b3867a5f8f7e4f5375caac2b115cd13.jpg
clothing,women,dresses,x,x,clothing-women-dresses,20230708-401-baur,de/clothing-women-dresses.html,https://baur.de/p/vivance-maxikleid-mit-bluemchendruck/AKLBB1258718339?nav-c=264&sku=1518645550#nav-i=66&ref=mba&nav-p=P1&relevantProduct=false,https://bilder.baur.de/i/empiriecom/5fa42f2ef073f2309a2d851b71d62f80.jpg
clothing,women,dresses,x,x,clothing-women-dresses,20230708-383-baur,de/clothing-women-dresses.html,https://baur.de/p/vivance-maxikleid-mit-borduerendruck/AKLBB1356118253?nav-c=264&sku=7832115627#nav-i=32&ref=mba&nav-p=P1&relevantProduct=false,https://bilder.baur.de/i/empiriecom/c15e74a522d69d6b6e134b32ae57c21a.jpg
clothing,women,dresses,x,x,clothing-women-dresses,20230708-351-baur,de/clothing-women-dresses.html,https://baur.de/p/beachtime-strandkleid/AKLBB594654030?nav-c=264&sku=62818588#nav-i=71&ref=mba&nav-p=P1&relevantProduct=false,https://bilder.baur.de/i/empiriecom/421ede5bd4718d481b4bfec01dd9a139.jpg
clothing,women,dresses,x,x,clothing-women-dresses,20230708-341-baur,de/clothing-women-dresses.html,https://baur.de/p/lascana-jerseykleid/AKLBB633773730?nav-c=264&sku=6577252564#nav-i=69&ref=mba&nav-p=P1&relevantProduct=false,https://bilder.baur.de/i/empiriecom/e807deaaa541ee7ae7f8403f93f2aa5a.jpg
clothing,women,dresses,x,x,clothing-women-dresses,20230708-321-baur,de/clothing-women-dresses.html,https://baur.de/p/heine-cocktailkleid-cocktailkleid/AKLBB1359658574?nav-c=264&sku=8476946610#nav-i=63&ref=mba&nav-p=P1&relevantProduct=false,https://bilder.baur.de/i/empiriecom/dbac8f4453efb034ddc31bfc823f18bb.jpg
clothing,women,dresses,x,x,clothing-women-dresses,20230708-303-baur,de/clothing-women-dresses.html,https://baur.de/p/lascana-longbluse-mit-lochstickerei/AKLBB1739258838?nav-c=264&sku=1720962477#nav-i=60&ref=mba&nav-p=P1&relevantProduct=false,https://bilder.baur.de/i/empiriecom/bf2a07e74337eb1e28df9fb750cfacc3.jpg
clothing,women,dresses,x,x,clothing-women-dresses,20230708-294-baur,de/clothing-women-dresses.html,https://baur.de/p/lascana-maxikleid-mit-grafischem-druck/AKLBB1713280043?nav-c=264&sku=7014900534#nav-i=31&ref=mba&nav-p=P1&relevantProduct=false,https://bilder.baur.de/i/empiriecom/4f8fd7b4704115f5ccc4ed2fb3511630.jpg
clothing,women,dresses,x,x,clothing-women-dresses,20230708-266-baur,de/clothing-women-dresses.html,https://baur.de/p/lascana-maxikleid/AKLBB448511418?nav-c=264&sku=81122371#nav-i=43&ref=mba&nav-p=P1&relevantProduct=false,https://bilder.baur.de/i/empiriecom/65ac7fc5d551cf749e7c9291a59d50e8.jpg
clothing,women,dresses,x,x,clothing-women-dresses,20230708-262-baur,de/clothing-women-dresses.html,https://baur.de/p/beachtime-jerseykleid/AKLBB601040148?nav-c=264&sku=88397877#nav-i=62&ref=mba&nav-p=P1&relevantProduct=false,https://bilder.baur.de/i/empiriecom/9ae15a56c73a17d6e725b33c2cedf420.jpg
clothing,women,dresses,x,x,clothing-women-dresses,20230708-230-baur,de/clothing-women-dresses.html,https://baur.de/p/lascana-maxikleid/AKLBB1161660554?nav-c=264&sku=4901656717#nav-i=44&ref=mba&nav-p=P1&relevantProduct=false,https://bilder.baur.de/i/empiriecom/382a76274d92b3d46096920192e5b6aa.jpg
clothing,women,dresses,x,x,clothing-women-dresses,20230708-227-baur,de/clothing-women-dresses.html,https://baur.de/p/lascana-maxikleid-mit-animalprint/AKLBB1500861140?nav-c=264&sku=4098201932#nav-i=26&ref=mba&nav-p=P1&relevantProduct=false,https://bilder.baur.de/i/empiriecom/5a0511062e8741df0ed8d4e2919e55f9.jpg
clothing,women,dresses,x,x,clothing-women-dresses,20230708-220-baur,de/clothing-women-dresses.html,https://baur.de/p/lascana-maxikleid-mit-alloverdruck/AKLBB1178210005?nav-c=264&sku=8529284026#nav-i=40&ref=mba&nav-p=P1&relevantProduct=false,https://bilder.baur.de/i/empiriecom/ed0ba70df10f50e84b9b5654411b7971.jpg
clothing,women,dresses,x,x,clothing-women-dresses,20230708-218-baur,de/clothing-women-dresses.html,https://baur.de/p/vivance-maxikleid-mit-langen-beinschlitzen/AKLBB1661459749?nav-c=264&sku=6932981378#nav-i=70&ref=mba&nav-p=P1&relevantProduct=false,https://bilder.baur.de/i/empiriecom/ec8baec920ffff6adc667deeb3438ef8.jpg
clothing,women,dresses,x,x,clothing-women-dresses,20230708-207-baur,de/clothing-women-dresses.html,https://baur.de/p/s-oliver-blusenkleid-mit-volant-am-rock/AKLBB1608486411?nav-c=264&sku=9525511275#nav-i=33&ref=mba&nav-p=P1&relevantProduct=false,https://bilder.baur.de/i/empiriecom/97be087cfccdbd8e4be870d0e33c0c42.jpg
clothing,women,dresses,x,x,clothing-women-dresses,20230708-198-baur,de/clothing-women-dresses.html,https://baur.de/p/lascana-maxikleid/AKLBB614665948?nav-c=264&sku=6474144223#nav-i=47&ref=mba&nav-p=P1&relevantProduct=false,https://bilder.baur.de/i/empiriecom/3176f4beb01cc9b243fbaa02e11ab2d7.jpg
clothing,women,dresses,x,x,clothing-women-dresses,20230708-195-baur,de/clothing-women-dresses.html,https://baur.de/p/buffalo-maxikleid/AKLBB1109610375?nav-c=264&sku=4628376754#nav-i=64&ref=mba&nav-p=P1&relevantProduct=false,https://bilder.baur.de/i/empiriecom/f8a7bdd5d5a7f0f3d07c28ce1e596656.jpg
clothing,women,dresses,x,x,clothing-women-dresses,20230708-181-baur,de/clothing-women-dresses.html,https://baur.de/p/beachtime-longtop-set-mit-leggings/AKLBB980604176?nav-c=264&sku=2056390448#nav-i=39&ref=mba&nav-p=P1&relevantProduct=false,https://bilder.baur.de/i/empiriecom/7ea5cc25024d70bb55558f2392577541.jpg
clothing,women,dresses,x,x,clothing-women-dresses,20230708-174-baur,de/clothing-women-dresses.html,https://baur.de/p/lascana-midikleid/AKLBB1109605351?nav-c=264&sku=4490333735#nav-i=46&ref=mba&nav-p=P1&relevantProduct=false,https://bilder.baur.de/i/empiriecom/3a9094feedbd87d279a54cc4a85c3ab5.jpg
clothing,women,dresses,x,x,clothing-women-dresses,20230708-173-baur,de/clothing-women-dresses.html,https://baur.de/p/lascana-midikleid-mit-sommerlichem-print/AKLBB1222243570?nav-c=264&sku=6767146555#nav-i=42&ref=mba&nav-p=P1&relevantProduct=false,https://bilder.baur.de/i/empiriecom/64bf70323b61ba3256f465583b4d604b.jpg
clothing,women,dresses,x,x,clothing-women-dresses,20230708-169-baur,de/clothing-women-dresses.html,https://baur.de/p/s-oliver-maxikleid-mit-alloverdruck/AKLBB1501537093?nav-c=264&sku=8127105968#nav-i=61&ref=mba&nav-p=P1&relevantProduct=false,https://bilder.baur.de/i/empiriecom/a41e5fb5a19320057428f62323c997d2.jpg
clothing,women,dresses,x,x,clothing-women-dresses,20230708-167-baur,de/clothing-women-dresses.html,https://baur.de/p/s-oliver-beachwear-maxikleid/AKLBB759970587?nav-c=264&sku=5015432968#nav-i=2&ref=mba&nav-p=P1&relevantProduct=false,https://bilder.baur.de/i/empiriecom/4e3971bd6e0135e75b98c3fa8b1eb6f1.jpg
clothing,women,dresses,x,x,clothing-women-dresses,20230708-155-baur,de/clothing-women-dresses.html,https://baur.de/p/s-oliver-beachwear-jerseykleid/AKLBB759109070?nav-c=264&sku=8189946177#nav-i=23&ref=mba&nav-p=P1&relevantProduct=false,https://bilder.baur.de/i/empiriecom/4d5a6ce051eed4e994a58b4606c55d4a.jpg
clothing,women,dresses,x,x,clothing-women-dresses,20230708-154-baur,de/clothing-women-dresses.html,https://baur.de/p/lascana-hemdblusenkleid-aus-gekreppter-viskose/AKLBB1608473807?nav-c=264&sku=5660713331#nav-i=52&ref=mba&nav-p=P1&relevantProduct=false,https://bilder.baur.de/i/empiriecom/42ddc093851d4859c05d9f3c6c3d6167.jpg
clothing,women,dresses,x,x,clothing-women-dresses,20230708-150-baur,de/clothing-women-dresses.html,https://baur.de/p/aniston-casual-tunikakleid-mit-farbenfrohen-graphischen-blueten-bedruckt/AKLBB1652552977?nav-c=264&sku=8202984196#nav-i=72&ref=mba&nav-p=P1&relevantProduct=false,https://bilder.baur.de/i/empiriecom/9d62810231b14465fe4eebf36cbefca3.jpg
clothing,women,dresses,x,x,clothing-women-dresses,20230708-147-baur,de/clothing-women-dresses.html,https://baur.de/p/vivance-jerseykleid-mit-blumendruck/AKLBB1222225174?nav-c=264&sku=9758684123#nav-i=9&ref=mba&nav-p=P1&relevantProduct=false,https://bilder.baur.de/i/empiriecom/6e1f6b1ede87ec57bdbca5bb1b3c76a5.jpg
clothing,women,dresses,x,x,clothing-women-dresses,20230708-136-baur,de/clothing-women-dresses.html,https://baur.de/p/vivance-jerseykleid/AKLBB1244883930?nav-c=264&sku=8898102221#nav-i=37&ref=mba&nav-p=P1&relevantProduct=false,https://bilder.baur.de/i/empiriecom/7ab0daf1c0ab74659a5e4884d9535a0a.jpg
clothing,women,dresses,x,x,clothing-women-dresses,20230708-132-baur,de/clothing-women-dresses.html,https://baur.de/p/lascana-maxikleid/AKLBB565405917?nav-c=264&sku=49622684#nav-i=61&ref=mba&nav-p=P1&relevantProduct=false,https://bilder.baur.de/i/empiriecom/52f454e0bd636ff3d9f6d904de4a9dea.jpg
clothing,women,dresses,x,x,clothing-women-dresses,20230708-118-baur,de/clothing-women-dresses.html,https://baur.de/p/naber-collection-dirndl-3-tlg-damen-midi-inklusive-dirndlbuse/AKLBB1603796593?nav-c=264&sku=1838132631#nav-i=25&ref=mba&nav-p=P1&relevantProduct=false,https://bilder.baur.de/i/empiriecom/f352b452bedf8fbcb0e831fb25038370.jpg
clothing,women,dresses,x,x,clothing-women-dresses,20230708-117-baur,de/clothing-women-dresses.html,https://baur.de/p/sommerkleid-im-effektvollen-zickzack-muster/AKLBB1142685975?nav-c=264&sku=6366114278#nav-i=17&ref=mba&nav-p=P1&relevantProduct=false,https://bilder.baur.de/i/empiriecom/c8fcd8cd67cf79456f60054cb98d1d28.jpg
clothing,women,dresses,x,x,clothing-women-dresses,20230708-115-baur,de/clothing-women-dresses.html,https://baur.de/p/buffalo-jerseykleid-mit-bluemchenprint/AKLBB1224189312?nav-c=264&sku=1392326776#nav-i=15&ref=mba&nav-p=P1&relevantProduct=false,https://bilder.baur.de/i/empiriecom/391edce842eb91f89e014cbc8cfb9d04.jpg
clothing,women,dresses,x,x,clothing-women-dresses,20230708-111-baur,de/clothing-women-dresses.html,https://baur.de/p/s-oliver-blusenkleid-mit-volant-am-rock/AKLBB1530940561?nav-c=264&sku=8885805650#nav-i=1&ref=mba&nav-p=P1&relevantProduct=false,https://bilder.baur.de/i/empiriecom/51f9d7b06d0844646718f11de61d997a.jpg
clothing,women,dresses,x,x,clothing-women-dresses,20230708-105-baur,de/clothing-women-dresses.html,https://baur.de/p/beachtime-sommerkleid/AKLBB979441632?nav-c=264&sku=9303776044#nav-i=22&ref=mba&nav-p=P1&relevantProduct=false,https://bilder.baur.de/i/empiriecom/2f39661800b225e7b1027377f843a76d.jpg
