clothing,girls,knitted,x,x,clothing-girls-knitted,20230709-978-baur,de/clothing-girls-knitted.html,https://baur.de/p/kamik-strickfleecejacke-dakota/AKLBB1422876245?Page=L1&nav-c=3299&sku=3263484425#nav-i=9&ref=mba&nav-p=L1&relevantProduct=false,https://bilder.baur.de/i/empiriecom/51a9d5400c225dbcf41d1192214e2612.jpg
clothing,girls,knitted,x,x,clothing-girls-knitted,20230708-931-baur,de/clothing-girls-knitted.html,https://baur.de/p/name-it-strickjacke-nkfvioni-ls-knit-card-ll/AKLBB1563929573?Page=L1&nav-c=3299&sku=6988845965#nav-i=6&ref=mba&nav-p=L1&relevantProduct=false,https://bilder.baur.de/i/empiriecom/5bb11beb79f15edfd1e999691a62bfa4.jpg
clothing,girls,knitted,x,x,clothing-girls-knitted,20230708-923-baur,de/clothing-girls-knitted.html,https://baur.de/p/s-oliver-junior-strickjacke/AKLBB1682934123?Page=L1&nav-c=3299&sku=1765705170#nav-i=18&ref=mba&nav-p=L1&relevantProduct=false,https://bilder.baur.de/i/empiriecom/26395e24abb0f05162b201281d0911e8.jpg
clothing,girls,knitted,x,x,clothing-girls-knitted,20230708-912-baur,de/clothing-girls-knitted.html,https://baur.de/p/tom-tailor-strickjacke-1-tlg/AKLBB1666677033?Page=L1&nav-c=3299&sku=3030753250#nav-i=15&ref=mba&nav-p=L1&relevantProduct=false,https://bilder.baur.de/i/empiriecom/62c6c010e9e611b27ab9ded13e6f31f7.jpg
clothing,girls,knitted,x,x,clothing-girls-knitted,20230708-898-baur,de/clothing-girls-knitted.html,https://baur.de/p/name-it-strickjacke-nkfvamone-ls-knit-card-k-noos/AKLBB1731264060?Page=L1&nav-c=3299&sku=1983744987#nav-i=9&ref=mba&nav-p=L1&relevantProduct=false,https://bilder.baur.de/i/empiriecom/81886f824fa28c8c24a69dd1002210af.jpg
clothing,girls,knitted,x,x,clothing-girls-knitted,20230708-856-baur,de/clothing-girls-knitted.html,https://baur.de/p/name-it-strickjacke-nkfvioni-ls-knit-card-ll/AKLBB1563929665?Page=L1&nav-c=3299&sku=3689575556#nav-i=22&ref=mba&nav-p=L1&relevantProduct=false,https://bilder.baur.de/i/empiriecom/bff460d607ec4b20afaa75d11954494a.jpg
clothing,girls,knitted,x,x,clothing-girls-knitted,20230708-843-baur,de/clothing-girls-knitted.html,https://baur.de/p/tom-tailor-strickjacke/AKLBB1666676605?Page=L1&nav-c=3299&sku=7203226474#nav-i=16&ref=mba&nav-p=L1&relevantProduct=false,https://bilder.baur.de/i/empiriecom/511bf215c9c52107145ae03f2279f578.jpg
clothing,girls,knitted,x,x,clothing-girls-knitted,20230708-819-baur,de/clothing-girls-knitted.html,https://baur.de/p/killtec-strickjacke-kos-52-grls-flx-jckt/AKLBB1713538172?Page=L1&nav-c=3299&sku=5329020699#nav-i=11&ref=mba&nav-p=L1&relevantProduct=false,https://bilder.baur.de/i/empiriecom/b3155c2a85091b46b0c22058490c7206.jpg
clothing,girls,knitted,x,x,clothing-girls-knitted,20230708-779-baur,de/clothing-girls-knitted.html,https://baur.de/p/tommy-hilfiger-strickjacke-crochet-cardigan-mit-knopfleiste/AKLBB1667021499?Page=L1&nav-c=3299&sku=7216431173#nav-i=20&ref=mba&nav-p=L1&relevantProduct=false,https://bilder.baur.de/i/empiriecom/729c52a0f9052768535fde70c3d914be.jpg
clothing,girls,knitted,x,x,clothing-girls-knitted,20230708-776-baur,de/clothing-girls-knitted.html,https://baur.de/p/name-it-strickjacke-nkfvicti-ls-knit-card-l-noos/AKLBB1667519154?Page=L1&nav-c=3299&sku=5368215385#nav-i=10&ref=mba&nav-p=L1&relevantProduct=false,https://bilder.baur.de/i/empiriecom/45d508394ff8de372aac74643432e395.jpg
clothing,girls,knitted,x,x,clothing-girls-knitted,20230708-741-baur,de/clothing-girls-knitted.html,https://baur.de/p/kids-only-strickjacke-koglesly-l-s-open-cardigan/AKLBB1546113161?Page=L1&nav-c=3299&sku=4611022243#nav-i=21&ref=mba&nav-p=L1&relevantProduct=false,https://bilder.baur.de/i/empiriecom/ba7e873f20a54b3e1e398497c1fe1e93.jpg
clothing,girls,knitted,x,x,clothing-girls-knitted,20230708-701-baur,de/clothing-girls-knitted.html,https://baur.de/p/name-it-strickjacke-nkfvicti-ls-knit-card/AKLBB1563906894?Page=L1&nav-c=3299&sku=9424233918#nav-i=2&ref=mba&nav-p=L1&relevantProduct=false,https://bilder.baur.de/i/empiriecom/d4f8fa7e9af64e949421ea454a40bb9a.jpg
clothing,girls,knitted,x,x,clothing-girls-knitted,20230708-665-baur,de/clothing-girls-knitted.html,https://baur.de/p/name-it-strickjacke-nkfvioni-ls-knit-card/AKLBB1563929827?Page=L1&nav-c=3299&sku=9257996741#nav-i=13&ref=mba&nav-p=L1&relevantProduct=false,https://bilder.baur.de/i/empiriecom/0b6d19d66bd34376b8242ccb019eb399.jpg
clothing,girls,knitted,x,x,clothing-girls-knitted,20230708-620-baur,de/clothing-girls-knitted.html,https://baur.de/p/turi-landhaus-trachtenstrickjacke-mit-routen-muster/AKLBB1485499703?Page=L1&nav-c=3299&sku=6167102777#nav-i=4&ref=mba&nav-p=L1&relevantProduct=false,https://bilder.baur.de/i/empiriecom/772776091663e762f62b62bead2ec82f.jpg
clothing,girls,knitted,x,x,clothing-girls-knitted,20230708-561-baur,de/clothing-girls-knitted.html,https://baur.de/p/kids-only-strickjacke-kogkatia-l-s-cardigan-cp-knt/AKLBB1642536960?Page=L1&nav-c=3299&sku=7924376753#nav-i=19&ref=mba&nav-p=L1&relevantProduct=false,https://bilder.baur.de/i/empiriecom/016317c2c0e6d60b3412e4040e13a1bc.jpg
clothing,girls,knitted,x,x,clothing-girls-knitted,20230708-555-baur,de/clothing-girls-knitted.html,https://baur.de/p/kids-only-strickjacke-konlesly-offene-form-mit-aufgesetzten-taschen/AKLBB1263385693?Page=L1&nav-c=3299&sku=9345024814#nav-i=3&ref=mba&nav-p=L1&relevantProduct=false,https://bilder.baur.de/i/empiriecom/c8aa44263a8cd058f2c74f03c08c7e19.jpg
clothing,girls,knitted,x,x,clothing-girls-knitted,20230708-523-baur,de/clothing-girls-knitted.html,https://baur.de/p/name-it-strickjacke-nkfvioni-ls-knit-card-ll/AKLBB1563929731?Page=L1&nav-c=3299&sku=9948443541#nav-i=5&ref=mba&nav-p=L1&relevantProduct=false,https://bilder.baur.de/i/empiriecom/18d1bf1d0ebea5e915691f47bac58594.jpg
clothing,girls,knitted,x,x,clothing-girls-knitted,20230708-422-baur,de/clothing-girls-knitted.html,https://baur.de/p/gulliver-strickjacke-in-klassischem-design/AKLBB1719585959?Page=L1&nav-c=3299&sku=7158164093#nav-i=12&ref=mba&nav-p=L1&relevantProduct=false,https://bilder.baur.de/i/empiriecom/0b2e3145f44b58ece05ea7a00a12175d.jpg
clothing,girls,knitted,x,x,clothing-girls-knitted,20230708-393-baur,de/clothing-girls-knitted.html,https://baur.de/p/gulliver-strickjacke-mit-rundhalsausschnitt/AKLBB1719575068?Page=L1&nav-c=3299&sku=7634140693#nav-i=17&ref=mba&nav-p=L1&relevantProduct=false,https://bilder.baur.de/i/empiriecom/53833e11d5e0e6de139f25ecdf499dde.jpg
clothing,girls,knitted,x,x,clothing-girls-knitted,20230708-327-baur,de/clothing-girls-knitted.html,https://baur.de/p/kamik-strickfleecejacke-dakota/AKLBB1422876245?Page=L1&nav-c=3299&sku=1935264368#nav-i=8&ref=mba&nav-p=L1&relevantProduct=false,https://bilder.baur.de/i/empiriecom/95fd7a527b320a1c4868b120c6390980.jpg
clothing,girls,knitted,x,x,clothing-girls-knitted,20230708-319-baur,de/clothing-girls-knitted.html,https://baur.de/p/name-it-strickjacke-nkfvicti-ls-knit-card/AKLBB1563907014?Page=L1&nav-c=3299&sku=9925562826#nav-i=14&ref=mba&nav-p=L1&relevantProduct=false,https://bilder.baur.de/i/empiriecom/2f9be17880dacd2c0553fbf656b13ec9.jpg
clothing,girls,knitted,x,x,clothing-girls-knitted,20230708-229-baur,de/clothing-girls-knitted.html,https://baur.de/p/tommy-hilfiger-strickjacke-tommy-pointelle-cardigan-mit-dezenter-labelflag/AKLBB1687575292?Page=L1&nav-c=3299&sku=8841016198#nav-i=7&ref=mba&nav-p=L1&relevantProduct=false,https://bilder.baur.de/i/empiriecom/da2844283ca9a7026fb504d6291066de.jpg
